instID,church_type,instName,language,instNote,placeName,region,county_orig,county_reg,city_orig,city_reg,state_orig,state_reg,latitude,longitude,attendingInstID,attendingChurch,attendingChurchFrequency,attendingChurchNote,persID,persTitle,persName,persSuffix,persRole,persNote,memberType,member,affiliated,year,diocese
﻿alb.ny.0001,﻿Cathedral,﻿Cathedral of the Immaculate Conception,English,,,,﻿,,﻿Albany City,﻿Albany,﻿NY,,42.647478,-73.759623,,,,,﻿joh_j_conroy_001,﻿Rt. Rev.,﻿John J. Conroy,﻿D.D.,,,,,,1869.0,Albany
﻿alb.ny.0001,﻿Cathedral,﻿Cathedral of the Immaculate Conception,English,,,,﻿,,﻿Albany City,﻿Albany,﻿NY,,42.647478,-73.759623,,,,,﻿e_p_wadhams_001,﻿Very Rev.,﻿E. P. Wadhams,﻿V.G.,﻿Rector,,,,,1869.0,Albany
﻿alb.ny.0001,﻿Cathedral,﻿Cathedral of the Immaculate Conception,English,,,,﻿,,﻿Albany City,﻿Albany,﻿NY,,42.647478,-73.759623,,,,,﻿amb_m_oneil_001,﻿Rev.,﻿Ambrose M. O'Neil,,﻿Pastor of Green Island,,,,,1869.0,Albany
﻿alb.ny.0001,﻿Cathedral,﻿Cathedral of the Immaculate Conception,English,,,,﻿,,﻿Albany City,﻿Albany,﻿NY,,42.647478,-73.759623,,,,,﻿jam_magee_001,﻿Rev.,﻿James Magee,,﻿Assistant,,,,,1869.0,Albany
﻿alb.ny.0001,﻿Cathedral,﻿Cathedral of the Immaculate Conception,English,,,,﻿,,﻿Albany City,﻿Albany,﻿NY,,42.647478,-73.759623,,,,,﻿p_ludden_001,﻿Rev.,﻿P. Ludden,,﻿Chancellor and Secretary,,,,,1869.0,Albany
﻿alb.ny.0002,﻿church,﻿St. Joseph's Church,English,,,,﻿,,﻿Albany City,﻿Albany,﻿NY,,42.6569339,-73.7514357,﻿alb.ny.0001,﻿under the direct pastoral care of the Rt. Rev. Bishop,,,,,,,,,,,,1869.0,Albany
﻿alb.ny.0002,﻿church,﻿St. Joseph's Church,English,,,,﻿,,﻿Albany City,﻿Albany,﻿NY,,42.6569339,-73.7514357,,,,,﻿tho_m_burke_001,﻿Rev.,﻿Thomas M.A. Burke,,,,,,,1869.0,Albany
﻿alb.ny.0002,﻿church,﻿St. Joseph's Church,English,,,,﻿,,﻿Albany City,﻿Albany,﻿NY,,42.6569339,-73.7514357,,,,,﻿joh_lowry_001,﻿Rev.,﻿John Lowry,,﻿Assistant,,,,,1869.0,Albany
﻿alb.ny.0002,﻿church,﻿St. Joseph's Church,English,,,,﻿,,﻿Albany City,﻿Albany,﻿NY,,42.6569339,-73.7514357,,,,,﻿nic_quinn_001,﻿Rev.,﻿Nicholas Quinn,,﻿Assistant,,,,,1869.0,Albany
﻿alb.ny.0003,﻿church,﻿St. Mary's,English,,,,﻿,,﻿Albany City,﻿Albany,﻿NY,,42.6518641,-73.7528084,,,,,﻿c_walworth_001,﻿Rev.,﻿C. Walworth,,﻿Pastor,,,,,1869.0,Albany
﻿alb.ny.0003,﻿church,﻿St. Mary's,English,,,,﻿,,﻿Albany City,﻿Albany,﻿NY,,42.6518641,-73.7528084,,,,,﻿tho_oreilly_002,﻿Rev.,﻿Thomas O'Reilly,,﻿Assistant,,,,,1869.0,Albany
﻿alb.ny.0004,﻿church,﻿St. John's,English,,,,﻿,,﻿Albany City,﻿Albany,﻿NY,,42.7041884,-73.7989418,,,,,﻿e_bayard_001,﻿Rev.,﻿E. Bayard,,﻿Pastor,,,,,1869.0,Albany
﻿alb.ny.0004,﻿church,﻿St. John's,English,,,,﻿,,﻿Albany City,﻿Albany,﻿NY,,42.7041884,-73.7989418,,,,,﻿mat_c_devitt_001,﻿Rev.,﻿Matthew C. Devitt,,﻿Assistant,,,,,1869.0,Albany
﻿alb.ny.0005,﻿church,﻿Holy Cross,﻿German and French,,,,﻿,,﻿Albany City,﻿Albany,﻿NY,,42.65257929999999,-73.7562317,,,,,﻿the_noethen_001,﻿Rev.,﻿Theo. Noethen,,,,,,,1869.0,Albany
﻿alb.ny.0006,﻿church,﻿St. Patrick's,English,,,,﻿,,﻿Albany City,﻿Albany,﻿NY,,42.65257929999999,-73.7562317,,,,,﻿fel_mcginn_001,﻿Rev.,﻿Feliz McGinn,,,,,,,1869.0,Albany
﻿alb.ny.0007,﻿church,﻿St. Ann's,English,,,,﻿,,﻿Albany City,﻿Albany,﻿NY,,42.6394278,-73.75769050000001,,,,,﻿tho_doran_001,﻿Rev.,﻿Thomas Doran,,,,,,,1869.0,Albany
﻿alb.ny.0008,﻿church,﻿Angel's Guardian,﻿German,﻿New church begun,,,﻿,,﻿Albany City,﻿Albany,﻿NY,,42.706944,-73.81617469999999,,,,,﻿fra_neubauer_001,﻿Rev.,﻿Francis Neubauer,﻿O.M.C.,,,,,,1869.0,Albany
﻿alb.ny.0010,﻿convent,﻿Convent and Academy of the Sacred Heart,English,,﻿Kenwood,,﻿,,﻿Albany City,﻿Albany,﻿NY,,42.6236907,-73.77317690000001,,,,,﻿tho_walsh_001,﻿Rev.,﻿Thomas Walsh,,﻿Chaplain,,,,,1869.0,Albany
﻿alb.ny.0011,﻿academy,﻿Academy of the Sacred Heart,English,,﻿Beaver street,,﻿,,﻿Albany City,﻿Albany,﻿NY,,42.6487685,-73.7535718,﻿alb.ny.0002,﻿attented from St. Joseph's,,,,,,,,,,,,1869.0,Albany
﻿alb.ny.0012,﻿asylum,﻿Boys Asylum,English,,,,﻿,,﻿Albany City,﻿Albany,﻿NY,,42.65257929999999,-73.7562317,,,,,﻿j_h_herbst_001,﻿Rev.,﻿J. H. Herbst,,,,,,,1869.0,Albany
﻿alb.ny.0013,﻿Hospital,﻿Hospital,English,,,,﻿,,﻿Albany City,﻿Albany,﻿NY,,42.65257929999999,-73.7562317,,,,,﻿j_h_herbst_001,﻿Rev.,﻿J. H. Herbst,,,,,,,1869.0,Albany
﻿alb.ny.0014,﻿home,﻿Soldier's Home,English,,,,﻿,,﻿Albany City,﻿Albany,﻿NY,,42.671221,-73.73759809999999,,,,,﻿j_h_herbst_001,﻿Rev.,﻿J. H. Herbst,,,,,,,1869.0,Albany
﻿alb.ny.0015,﻿house,﻿alms-House,English,,,,﻿,,﻿Albany City,﻿Albany,﻿NY,,42.64840519,-73.78034623,,,,,﻿j_h_herbst_001,﻿Rev.,﻿J. H. Herbst,,,,,,,1869.0,Albany
﻿alb.ny.0016,﻿church,﻿St. John's Church,English,,,,﻿,,﻿East Albany,﻿Albany,﻿NY,,42.7041884,-73.7989418,,,,,﻿c_fitzpatrick_001,﻿Rev.,﻿C. Fitzpatrick,,,,,,,1869.0,Albany
﻿alb.ny.0020,﻿church,not recorded,English,,,,﻿Oneida County,﻿Oneida County,﻿Alder Creek,﻿Alder Creek,﻿NY,,43.423402200000005,-75.22794509999999,﻿alb.ny.0082,﻿attended from Constableville,,,,,,,,,,,,1869.0,Albany
﻿alb.ny.0022,﻿church,﻿St. Mary's,English,,,,﻿Montgomery County,﻿Montgomery County,﻿Amsterdam,﻿Amsterdam,﻿NY,,42.937745299999996,-74.19035600000001,,,,,﻿phi_keveny_001,﻿Rev.,﻿Philip Keveny,,,,,,,1869.0,Albany
﻿alb.ny.0023,﻿church,not recorded,English,,,,﻿Oneida County,﻿Oneida County,﻿Annsville,﻿Annsville,﻿NY,,43.320996,-75.64408420000001,﻿alb.ny.0113,﻿attended from Florence,,,,,,,,,,,,1869.0,Albany
﻿alb.ny.0024,﻿church,﻿St. Michael's,English,,,,﻿Jefferson County,﻿Jefferson County,﻿Antwerp,﻿Antwerp,﻿NY,,44.1992272,-75.6068791,﻿alb.ny.0072,﻿attended from Clayton,,,,,,,,,,,,1869.0,Albany
﻿alb.ny.0025,﻿church,﻿St. Patrick's,English,,,,﻿Greene County,﻿Greene County,﻿Ashland,﻿Ashland,﻿NY,,42.3036956,-74.33347890000002,﻿alb.ny.0060,﻿attended from Catskill,,,,,,,,,,,,1869.0,Albany
﻿alb.ny.0026,﻿church,﻿—,English,,,,﻿Greene County,﻿Greene County,﻿Athens,﻿Athens,﻿NY,,42.2780372,-73.8654295,﻿alb.ny.0086,﻿attended from Coxsackie,,,,,,,,,,,,1869.0,Albany
﻿alb.ny.0027,﻿church,﻿Holy Name,English,,,,﻿Clinton County,﻿Clinton County,﻿Ausable Forks,﻿Au Sable Forks,﻿NY,,44.439685,-73.678554,,,,,﻿jam_smith_001,﻿Rev.,﻿James Smith,,﻿pastor,,,,,1869.0,Albany
﻿alb.ny.0028,﻿church,﻿St. Mary's,English,,,,﻿Onondaga County,﻿Onondaga County,﻿Baldwinsville,﻿Baldwinsville,﻿NY,,43.1586786,-76.33270949999999,,,,,﻿pat_smith_001,﻿Rev.,﻿Patrick Smith,,,,,,,1869.0,Albany
﻿alb.ny.0029,﻿church,﻿St. Peter's,English,,,,﻿Saratoga County,﻿Saratoga County,﻿Ballston,﻿Ballston,﻿NY,,42.9653961,-73.8654295,,,,,﻿a_mcgough_001,﻿Rev.,﻿A. McGough,,,,,,,1869.0,Albany
﻿alb.ny.0030,﻿church,not recorded,English,,,,﻿Rensselaer County,,﻿Bangall,,﻿NY,,42.91047726,-73.43380448,﻿alb.ny.0246,﻿attended from Schaghticoke,,,,,,,,,,,,1869.0,Albany
﻿alb.ny.0037,﻿church,not recorded,English,,,,﻿Lewis County,,﻿Belleville,,﻿NY,,43.840112,-75.4344727,﻿alb.ny.0082,﻿attended from Constableville,,,,,,,,,,,,1869.0,Albany
﻿alb.ny.0038,﻿church,not recorded,English,,,,﻿Lewis County,,﻿Belford,﻿Belfort,﻿NY,,43.928123799999995,-75.3321316,﻿alb.ny.0088,﻿attended from Croghan,,,,,,,,,,,,1869.0,Albany
﻿alb.ny.0039,﻿church,﻿St. John's,English,,,,﻿Broome County,﻿Broome County,﻿Binghamton,﻿Binghamton,﻿NY,,42.0986867,-75.9179738,,,,,﻿jam_hourigan_001,﻿Rev.,﻿James Hourigan,,﻿Pastor,,,,,1869.0,Albany
﻿alb.ny.0039,﻿church,﻿St. John's,English,,,,﻿,﻿Broome County,﻿Binghamton,﻿Binghamton,﻿NY,,42.0986867,-75.9179738,,,,,﻿pat_lynch_001,﻿Rev.,﻿Patrick Lynch,,﻿Assistant,,,,,1869.0,Albany
﻿alb.ny.0039,﻿church,﻿St. John's,English,,,,﻿Clinton County,﻿Broome County,﻿Blackbrook,﻿Binghamton,﻿NY,,42.0986867,-75.9179738,﻿alb.ny.0027,﻿attended from Ausable Forks,,,,,,,,,,,,1869.0,Albany
﻿alb.ny.0040,﻿church,not recorded,English,,,,﻿Fulton County,﻿Fulton County,﻿Bleecker,﻿Bleecker,﻿NY,,43.1197942,-74.3676371,﻿alb.ny.0273,"﻿attended from Franciscan Convent, Syracuse",,,,,,,,,,,,1869.0,Albany
﻿alb.ny.0041,﻿church,not recorded,English,,,,﻿Oneida County,﻿Oneida County,﻿Boonville,﻿Boonville,﻿NY,,43.4836801,-75.3365607,﻿alb.ny.0082,﻿attended from Constableville,,,,,,,,,,,,1869.0,Albany
﻿alb.ny.0042,﻿church,not recorded,English,,,,﻿Franklin County,﻿St. Lawrence County,﻿Brazier Falls,﻿Brasher,﻿NY,,44.807167799999995,-74.77688509999999,,,,,﻿joh_mcdermott_001,﻿Rev.,﻿John McDermott,,,,,,,1869.0,Albany
﻿alb.ny.0043,﻿church,not recorded,English,,,,﻿Franklin County,,﻿Brush's Mills,,﻿NY,,44.5926135,-74.3387798,﻿alb.ny.0173,﻿attended from Malone,,,,,,,,,,,,1869.0,Albany
﻿alb.ny.0044,﻿church,not recorded,English,,,,﻿Rensselaer County,﻿Rensselaer County,﻿Buskirk's Bridge,﻿Buskirk,﻿NY,,42.9532966,-73.4328842,﻿alb.ny.0053,﻿attended from Cambridge,,,,,,,,,,,,1869.0,Albany
﻿alb.ny.0051,﻿church,﻿St. James's,English,,,,﻿Clinton County,﻿Clinton County,﻿Cadysville,﻿Cadysville,﻿NY,,44.6980977,-73.631528,﻿alb.ny.0223,﻿attended from Plattsburgh,,,,,,,,,,,,1869.0,Albany
﻿alb.ny.0052,﻿church,not recorded,English,,,,﻿Oswego County,﻿Oswego County,﻿Colosse,﻿Colosse,﻿NY,,43.4203473,-76.1588146,﻿alb.ny.0273,"﻿attended from Franciscan Convent, Syracuse",,,,,,,,,,,,1869.0,Albany
﻿alb.ny.0053,﻿church,﻿St. Patrick's,English,,,,﻿Washinton County,﻿Washington County,﻿Cambrdige,﻿Cambridge,﻿NY,,43.028132899999996,-73.38122309999999,,,,,﻿e_j_donnelly_001,﻿Rev.,﻿E. J. Donnelly,﻿O.S.A.,﻿Pastor,,,,,1869.0,Albany
﻿alb.ny.0053,﻿church,﻿St. Patrick's,English,,,,﻿,﻿Washington County,﻿Cambrdige,﻿Cambridge,﻿NY,,43.028132899999996,-73.38122309999999,,,,,﻿j_o_waldron_001,﻿Rev.,﻿J. O. Waldron,﻿O.S.A.,﻿Assistant,,,,,1869.0,Albany
﻿alb.ny.0054,﻿church,﻿St. John's,English,,,,﻿Oneida County,﻿Oneida County,﻿Camden,﻿Camden,﻿NY,,43.3387364,-75.7836589,﻿alb.ny.0113,﻿attended from Florence,,,,,,,,,,,,1869.0,Albany
﻿alb.ny.0055,﻿church,﻿St. Mary's,English,,,,﻿Onondaga County,﻿Onondaga County,﻿Camillus,﻿Camillus,﻿NY,,43.0407857,-76.2810848,,,,,﻿wil_carroll_001,﻿Rev.,﻿William Carroll,,,,,,,1869.0,Albany
﻿alb.ny.0056,﻿church,﻿SS. Peter and Paul's,English,,,,﻿Montgomery County,﻿Montgomery County,﻿Canajoharie,﻿Canajoharie,﻿NY,,42.905628799999995,-74.5718073,,,,,﻿j_p_harrigan_001,﻿Rev.,﻿J. P. Harrigan,,﻿Pastor,,,,,1869.0,Albany
﻿alb.ny.0057,﻿church,﻿St. Lawrence,English,,,,﻿St. Lawrence County,﻿St. Lawrence County,﻿Canton,﻿Canton,﻿NY,,44.5971465,-75.2054607,,,,,﻿joh_brosnan_001,﻿Rev.,﻿John Brosnan,,,,,,,1869.0,Albany
﻿alb.ny.0058,﻿church,not recorded,English,,,,﻿Jefferson County,﻿Jefferson County,﻿Cape Vincent,﻿Cape Vincent,﻿NY,,44.1278299,-76.33300059999999,,,,,﻿c_f_turgeon_001,﻿Rev.,﻿C. F. Turgeon,,,,,,,1869.0,Albany
﻿alb.ny.0059,﻿church,﻿St. James',English,,,,﻿Jefferson County,﻿Jefferson County,﻿Carthage,﻿Carthage,﻿NY,,43.9781236,-75.60935909999999,,,,,﻿j_w_barry_001,﻿Rev.,﻿J. W. Barry,,,,,,,1869.0,Albany
﻿alb.ny.0060,﻿church,﻿St. Patrick's,English,,,,﻿Greene County,﻿Greene County,﻿Catskill,﻿Catskill,﻿NY,,42.2173102,-73.86457340000001,,,,,﻿bar_grattan_001,﻿Rev.,﻿Bartholomnew Grattan,,﻿Pastor,,,,,1869.0,Albany
﻿alb.ny.0061,﻿church,not recorded,English,,,,﻿Rensselaer County,,﻿Castleton,﻿Castleton-on-Hudson,﻿NY,,42.5331974,-73.7462997,﻿alb.ny.0016,﻿attended from East Albany,,,,,,,,,,,,1869.0,Albany
﻿alb.ny.0062,﻿church,﻿St. James',English,,,,﻿Madison County,﻿Madison County,﻿Cazenovia,﻿Cazenovia,﻿NY,,42.93006679999999,-75.8526915,,,,,﻿p_brady_001,﻿Rev.,﻿P. Brady,﻿.,,,,,,1869.0,Albany
﻿alb.ny.0063,﻿church,﻿St. Anne's,English,,,,﻿Clinton County,﻿Clinton County,﻿Centreville,﻿Mooers Forks,﻿NY,,44.9580936,-73.6406994,﻿alb.ny.0064,﻿attended from Champlain,,,,,,,,,,,,1869.0,Albany
﻿alb.ny.0064,﻿church,﻿St. Mary's,English,,,,﻿Clinton County,﻿Clinton County,﻿Champlain,﻿Champlain,﻿NY,,44.986427299999995,-73.44652509999999,,,,,﻿o_la-salle_001,﻿Rev.,﻿O. La Salle,,﻿Pastor,,,,,1869.0,Albany
﻿alb.ny.0064,﻿church,﻿St. Mary's,English,,,,﻿Clinton County,﻿Clinton County,﻿Champlain,﻿Champlain,﻿NY,,44.986427299999995,-73.44652509999999,,,,,﻿max_la-porte_001,﻿Rev.,﻿Maxime La Porte,,﻿Assistant,,,,,1869.0,Albany
﻿alb.ny.0065,﻿church,﻿St. Patrick's,English,,,,﻿Franklin County,﻿Franklin County,﻿Chateaugay,﻿Chateaugay,﻿NY,,44.9259589,-74.08123459999999,,,,,﻿edm_de-pauw_001,﻿Rev.,﻿Edmund de Pauw,,,,,,,1869.0,Albany
﻿alb.ny.0066,﻿church,not recorded,English,,,,﻿,,﻿Chatham Centre,﻿Chatham Center,﻿NY,,42.4181391,-73.6140058,,,,,,,,,,,,,,1869.0,Albany
﻿alb.ny.0067,﻿church,﻿St. Patrick's,English,,,,﻿Columbia County,﻿Columbia County,﻿Chatham Four Corners,﻿Chatham,﻿NY,,42.3642516,-73.5948391,,,,,﻿j_j_moriarty_001,﻿Rev.,﻿J. J. Moriarty,,,,,,,1869.0,Albany
﻿alb.ny.0068,﻿church,﻿St. John the Baptist,English,,,,﻿Warren County,﻿Warren County,﻿Chester,﻿Chesterton,﻿NY,,43.6528618,-73.8012532,﻿alb.ny.0183,﻿Attended from Minerva,,,,,,﻿.,,,,,,1869.0,Albany
﻿alb.ny.0069,﻿church,not recorded,English,,,,﻿Schoharie County,﻿Schoharie County,﻿Cherry Valley,,﻿NY,,42.67097444,-74.51295598,﻿alb.ny.0083,﻿attended from Cooperstown,,,,,,,,,,,,1869.0,Albany
﻿alb.ny.0070,﻿church,not recorded,English,,,,﻿Clinton County,﻿Clinton County,﻿Chazy,﻿Chazy,﻿NY,,44.8895329,-73.4360334,﻿alb.ny.0084,﻿attended from Corbeau,,,,,,,,,,,,1869.0,Albany
﻿alb.ny.0071,﻿church,﻿St. Patrick's,English,,,,﻿,﻿Madison County,﻿Chittenango,﻿Chittenango,﻿NY,,43.049599900000004,-75.904525,﻿alb.ny.0062,﻿attended from Cazenovia,,,,,,,,,,,,1869.0,Albany
﻿alb.ny.0072,﻿church,﻿St. Mary's,English,,"﻿Clayton, or French Creek, Jefferson Co.,",,﻿Jefferson County,﻿Jefferson County,"﻿Clayton, or French Creek",﻿Clayton,﻿NY,,44.239490999999994,-76.0857759,,,,,﻿de-shaunac_001,﻿Rev. Mr.,﻿De Shaunac,,,,,,,1869.0,Albany
﻿alb.ny.0073,﻿church,not recorded,English,,,,﻿Oneida County,﻿Oneida County,﻿Clayville,﻿Clayville,﻿NY,,42.98007,-75.2509965,,,,,﻿phi_smith_001,﻿Rev.,﻿Philip Smith,,,,,,,1869.0,Albany
﻿alb.ny.0074,﻿church,not recorded,English,,,,﻿St. Lawrence County,﻿St. Lawrence County,﻿Clifton,﻿Clifton,﻿NY,,44.197467100000004,-74.8878245,,,,,﻿jos_t_joseph taney _001,﻿Rev.,﻿Joseph Taney,,,﻿of Potsdam,,,,1869.0,Albany
﻿alb.ny.0075,﻿church,﻿St. Mary's,English,,,,﻿Oneida County,﻿Oneida County,﻿Clinton,﻿Clinton,﻿NY,,43.0484029,-75.37850340000001,,,,,﻿p_oreilly_001,﻿Rev.,﻿P. O'Reilly,,,,,,,1869.0,Albany
﻿alb.ny.0076,﻿church,not recorded,English,,,,﻿Clinton County,﻿Clinton County,﻿Clintonville,﻿Clintonville,﻿NY,,44.4656034,-73.58263690000001,﻿alb.ny.0155,﻿attended from Keeseville,,,,,,,,,,,,1869.0,Albany
﻿alb.ny.0077,﻿church,not recorded,English,,,,﻿Albany County,﻿Albany County,﻿Coeysmans,﻿Coeymans,﻿NY,,42.4739705,-73.79234559999999,﻿alb.ny.0086,﻿attended from Coxsackie,,,,,,,,,,,,1869.0,Albany
﻿alb.ny.0078,﻿church,﻿St. Bernard's,English,,,,﻿Albany County,﻿Albany County,﻿Cohoes,﻿Cohoes,﻿NY,,42.7742446,-73.7001187,,,,,﻿tho_keveny_001,﻿Rev.,﻿Thomas Keveny,,﻿Pastor,,,,,1869.0,Albany
﻿alb.ny.0078,﻿church,﻿St. Bernard's,English,,,,﻿,﻿Albany County,﻿Cohoes,﻿Cohoes,﻿NY,,42.7742446,-73.7001187,,,,,﻿jam_cullen_001,﻿Rev.,﻿James Cullen,,﻿Assistant,,,,,1869.0,Albany
﻿alb.ny.0080,﻿church,﻿St. Patrick's,English,,,,﻿Otsego County,﻿Otsego County,﻿Constantia,﻿Constantia,﻿NY,,42.5779779,-75.0611147,﻿alb.ny.0234,﻿attended from Rome,,,,,,,,,,,,1869.0,Albany
﻿alb.ny.0081,﻿church,not recorded,English,,,,﻿St. Lawrence County,﻿St. Lawrence County,﻿Colton,﻿Colton,﻿NY,,44.5530213,-74.9395061,﻿alb.ny.0228,﻿attended from Potsdam,,,,,,,,,,,,1869.0,Albany
﻿alb.ny.0082,﻿church,﻿St. Mary's,English,,,,﻿Lewis County,﻿Lewis County,﻿Constableville,﻿Constableville,﻿NY,,43.566736,-75.4285106,,,,,﻿eug_carroll_001,﻿Rev.,﻿Eugene Carroll,,,,,,,1869.0,Albany
﻿alb.ny.0083,﻿church,﻿Our Lady of the Lake,English,,,,﻿Otsego County,﻿Otsego County,﻿Cooperstown,﻿Cooperstown,﻿NY,,42.70063029999999,-74.92432099999999,,,,,﻿j_j_brennan_001,﻿Rev.,﻿J. J. Brennan,,,,,,,1869.0,Albany
﻿alb.ny.0084,﻿church,﻿St. Joseph's,English,,,,﻿Clinton County,﻿Clinton County,﻿Corbeau,﻿Coopersville,﻿NY,,44.9430949,-73.4079125,,,,,﻿lou_lapic_001,﻿Rev.,﻿Louis Lapic,,,,,,,1869.0,Albany
﻿alb.ny.0085,﻿church,﻿St. —,English,,,,﻿Cortland County,﻿Cortland County,﻿Cortland,﻿Cortland,﻿NY,,42.6062596,-76.16004079999999,,,,,﻿b_f_mcloghlin_001,﻿Rev.,﻿B. F. McLoghlin,,,,,,,1869.0,Albany
﻿alb.ny.0086,﻿church,﻿St. Mary's,English,,,,﻿Greene County,﻿Greene County,﻿Coxsackie,﻿Coxsackie,﻿NY,,42.3533814,-73.8044957,,,,,﻿m_roche_001,﻿Rev.,﻿M. Roche,,,,,,,1869.0,Albany
﻿alb.ny.0088,﻿church,﻿St. Stephen's,English,,,,﻿Lewis County,﻿Lewis County,﻿Croghan,﻿Croghan,﻿NY,,43.8920832,-75.3916253,,,,,﻿gab_voelkert_001,﻿Rev.,﻿Gabriel Voelkert,,,,,,,1869.0,Albany
﻿alb.ny.0089,﻿church,not recorded,English,,,,﻿Essex County,﻿Essex County,﻿Crownpoint,﻿Crown Point,﻿NY,,43.9503352,-73.4370667,﻿alb.ny.0279,﻿attended from Ticondergoa,,,,,,,,,,,,1869.0,Albany
﻿alb.ny.0093,﻿church,﻿St. Joseph's,English,,,,﻿Clinton County,﻿Clinton County,﻿Dannemora,﻿Dannemora,﻿NY,,44.721430100000006,-73.7237528,﻿alb.ny.0223,﻿attended from Plattsburgh,,,,,,,,,,,,1869.0,Albany
﻿alb.ny.0094,﻿church,not recorded,English,,,,﻿Lewis County,,﻿Daynesville,,﻿NY,,43.90319176,-75.49323367,﻿alb.ny.0088,﻿attended from Croghan,,,,,,,,,,,,1869.0,Albany
﻿alb.ny.0095,﻿church,﻿Church of the Holy Cross,English,,,,﻿Oneida County,﻿Oneida County,﻿Deerfield,﻿Deerfield,﻿NY,,43.189493799999994,-75.1428632,﻿alb.ny.0196,﻿attended from Newport.,,,,,,,,,,,,1869.0,Albany
﻿alb.ny.0098,﻿church,﻿St. Joseph's,English,,,,﻿Broome County,﻿Delaware County,﻿Deposit,﻿Deposit,﻿NY,,42.0616669,-75.42540770000001,,,,,﻿mic_j_griffith_001,﻿Rev.,﻿Michael J. Griffith,﻿.,,,,,,1869.0,Albany
﻿alb.ny.0099,﻿church,not recorded,English,,,,﻿Oneida County,﻿Oneida County,﻿Durhamville,﻿Durhamville,﻿NY,,43.1221234,-75.6700373,﻿alb.ny.0273,"﻿attended from Fraanciscan Convent, Syracuse",,,,,,,,,,,,1869.0,Albany
﻿alb.ny.0100,﻿church,not recorded,English,,,,﻿Rensselaer County,﻿Rensselaer County,﻿Eagle Bridge,﻿Eagle Bridge,﻿NY,,42.9500778,-73.39622340000001,﻿alb.ny.0143,﻿attended from Hoosic Falls,,,,,,,,,,,,1869.0,Albany
﻿alb.ny.0100,﻿church,not recorded,English,,,,﻿Franklin County,﻿Clinton County,﻿Ellenburgh,﻿Ellenburg,﻿NY,,44.8939294,-73.83653709999999,﻿alb.ny.0065,﻿attended from Chateaugay,,,,,,,,,,,,1869.0,Albany
﻿alb.ny.0105,﻿church,not recorded,English,,,,﻿Otsego County,﻿Otsego County,﻿Exeter,﻿Exeter,﻿NY,,42.7916338,-75.0844757,﻿alb.ny.0083,﻿attended from Cooperstown,,,,,,,,,,,,1869.0,Albany
﻿alb.ny.0107,﻿church,not recorded,English,,,,,﻿Onandaga County,﻿Fayetteville,﻿Fayetteville,﻿NY,,43.029788700000005,-76.00436429999999,﻿alb.ny.0175,﻿attended from Manilus,,,,,,,,,,,,1869.0,Albany
﻿alb.ny.0111,﻿church,not recorded,English,,,,﻿Fulton County,,﻿Fish House,,﻿NY,,43.1458366,-74.13015987,﻿alb.ny.0151,﻿attended from Johnstown.,,,,,,,,,,,,1869.0,Albany
﻿alb.ny.0113,﻿church,﻿St. Mary's,English,,,,﻿Oneida County,﻿Oneida County,﻿Florence,﻿Florence,﻿NY,,43.4384032,-75.7493533,,,,,﻿joh_ludden_001,﻿Rev.,﻿John Ludden,﻿.,﻿Pastor,,,,,1869.0,Albany
﻿alb.ny.0114,﻿church,not recorded,English,,,,﻿Montgomery County,﻿Montgomery County,﻿Fonda,﻿Fonda,﻿NY,,42.9545179,-74.3765241,﻿alb.ny.0151,﻿attended from Johnstown.,,,,,,,,,,,,1869.0,Albany
﻿alb.ny.0115,﻿church,not recorded,English,,,,﻿Broome County,﻿Broome County,﻿Forks,﻿Chenango Forks?,﻿NY,,42.2366636,-75.84779509999998,﻿alb.ny.0039,﻿attended from —,,,,,,,,,,,,1869.0,Albany
﻿alb.ny.0116,﻿church,not recorded,English,,,,﻿Washington County,﻿Washington County,﻿Fort Ann,﻿Fort Ann,﻿NY,,43.4142449,-73.4876959,﻿alb.ny.0178,﻿attended from Middle Granville.,,,,,,,,,,,,1869.0,Albany
﻿alb.ny.0117,﻿church,not recorded,English,,,,﻿Franklin County,﻿Franklin County,﻿Fort Covington,﻿Fort Covington,﻿NY,,44.988444,-74.49651,﻿alb.ny.0142,﻿attended from Hogansburgh,,,,,,,,,,,,1869.0,Albany
﻿alb.ny.0118,﻿church,not recorded,English,,,,﻿Washington County,﻿Washington County,﻿Fort Edward,﻿Fort Edward,﻿NY,,43.2670175,-73.5845597,,,,,﻿d_cull_001,﻿Rev.,﻿D. Cull,,,,,,,1869.0,Albany
﻿alb.ny.0119,﻿church,not recorded,English,,,,﻿Montgomery County,﻿Montgomery County,﻿Fort Plain,﻿Fort Plain,﻿NY,,42.931461600000006,-74.6226425,﻿alb.ny.0056,﻿attended from Canajoharie,,,,,,,,,,,,1869.0,Albany
﻿alb.ny.0120,﻿church,not recorded,English,,,,﻿Herkimer County,﻿Herkimer County,﻿Frankfort,﻿Frankfort,﻿NY,,43.038959000000006,-75.070436,﻿alb.ny.0149,﻿attended from Ilion,,,,,,,,,,,,1869.0,Albany
﻿alb.ny.0121,﻿church,﻿St. Francis de Sales,English,,,,﻿Delaware County,﻿Delaware County,﻿French Settlement,﻿French Woods,﻿NY,,41.92144782,-75.18753528,﻿alb.ny.0098,"﻿attended by Rev. C. Griffith, of Deposit",,,,,,,,,,,,1869.0,Albany
﻿alb.ny.0122,﻿church,﻿—,English,,,,﻿Oswego County,﻿Oswego County,﻿Fulton,﻿Fulton,﻿NY,,43.32284620000001,-76.4171585,,,,,﻿jam_smith_001,﻿Rev.,﻿James Smith,,,,,,,1869.0,Albany
﻿alb.ny.0124,﻿church,﻿—,English,,,,﻿Saratoga County,﻿Saratoga County,﻿Galway,﻿Galway,﻿NY,,43.01868579999999,-74.0315162,﻿alb.ny.0245,﻿attended from Saratoga,,,,,,,,,,,,1869.0,Albany
﻿alb.ny.0125,﻿church,﻿—,English,,,,﻿Onondaga County,﻿Onondaga County,﻿Geddes,﻿Geddes,﻿NY,,43.0787435,-76.21314740000001,,,,,,,,,,,,,,1869.0,Albany
﻿alb.ny.0126,﻿church,﻿Church of Angel Guardians,English,,,,﻿Albany County,﻿Albany County,﻿Guilderland,﻿Guilderland,﻿NY,,42.7043568,-73.9116433,,,,,﻿j_h_herbst_001,﻿Rev.,﻿J. H. Herbst,,,﻿of Albany,,,,1869.0,Albany
﻿alb.ny.0127,﻿church,﻿—,English,,,,﻿Albany County,﻿Albany County,﻿Green Island,﻿Green Island,﻿NY,,42.657298299999994,-73.7517887,,,,,﻿amb_m_oneil_001,﻿Rev.,﻿Ambrose M. O'Neil,,﻿Pastor,,,,,1869.0,Albany
﻿alb.ny.0128,﻿church,﻿St. Mary's,English,﻿(new church),,,﻿Warren County,﻿Warren County,﻿Glenn's Falls,﻿Glens Falls,﻿NY,,43.3095164,-73.6440058,,,,,﻿jas_mcdermot_001,﻿Rev.,﻿Jas. McDermot,,,,,,,1869.0,Albany
﻿alb.ny.0129,﻿church,﻿St. John Baptist,﻿French,,,,﻿Warren County,﻿Warren County,﻿Glenn's Falls,﻿Glens Falls,﻿NY,,43.3095164,-73.6440058,,,,,﻿h_theberge_001,﻿Rev.,﻿H. Theberge,,,,,,,1869.0,Albany
﻿alb.ny.0130,﻿church,not recorded,English,,,,﻿St. Lawrence County,﻿St. Lawrence County,﻿Gouverneur,﻿Gouverneur,﻿NY,,44.3367281,-75.46299300000001,﻿alb.ny.0228,﻿attended from Potsdam,,,,,,,,,,,,1869.0,Albany
﻿alb.ny.0131,﻿church,﻿St. Patrick's,English,,,,﻿Washington County,﻿Washington County,﻿Granville,﻿Granville,﻿NY,,43.4078495,-73.259553,,,,,﻿h_b_hannett_001,﻿Rev.,﻿W. B. Hannett,,,﻿of Middle Granville,,,,1869.0,Albany
﻿alb.ny.0132,﻿church,not recorded,English,,,,﻿Chenango County,﻿Chenango County,﻿Greene,﻿Greene,﻿NY,,42.3292408,-75.7699147,﻿alb.ny.0200,﻿attended from Norwich,,,,,,,,,,,,1869.0,Albany
﻿alb.ny.0133,﻿church,﻿—,English,,,,﻿Columbia County,,﻿Greenfield,,﻿NY,,42.31404598,-73.74542533,﻿alb.ny.0086,﻿attended from Coxsackie,,,,,,,,,,,,1869.0,Albany
﻿alb.ny.0135,﻿church,not recorded,English,,,,﻿Fulton County,﻿Fulton County,﻿Gloversville,﻿Gloversville,﻿NY,,43.0528506,-74.34374670000001,﻿alb.ny.0151,﻿attended from Johnstown,,,,,,,,,,,,1869.0,Albany
﻿alb.ny.0136,﻿church,not recorded,English,,,,﻿,﻿Delaware County,﻿Hancock,﻿Hancock,﻿NY,,41.9539754,-75.2804502,,,,,﻿c_griffith_001,﻿Rev.,﻿C. Griffith,,,"﻿of Deposit.  The other missions in Deleware Co., attended by",,,,1869.0,Albany
﻿alb.ny.0137,﻿church,not recorded,English,﻿(new church),,,﻿Washington County,﻿Washington County,﻿Hampton,﻿Hampton,﻿NY,,43.5238461,-73.2528644,,﻿attended by W. B. Hannett of Middle Granville,,,,,,,,,,,,1869.0,Albany
﻿alb.ny.0138,﻿church,not recorded,English,,,,﻿Oneida County,﻿Oneida County,﻿Holland Patent,﻿Holland Patent,﻿NY,,43.2417364,-75.2568337,﻿alb.ny.0295,"﻿attended from St. John's Church, Utica.",,,,,,,,,,,,1869.0,Albany
﻿alb.ny.0139,﻿church,not recorded,English,,,,﻿Madison County,﻿Madison County,﻿Hamilton,﻿Hamilton,﻿NY,,42.8270136,-75.5446238,﻿alb.ny.0200,﻿attended from Norwich,,,,,,,,,,,,1869.0,Albany
﻿alb.ny.0140,﻿church,﻿St. Patrick's,English,,,,﻿Lewis County,﻿Lewis County,﻿Harrisburgh,﻿Harrisburg,﻿NY,,43.810902399999996,-75.64408420000001,﻿alb.ny.0168,﻿attended from Lowville.,,,,,,,,,,,,1869.0,Albany
﻿alb.ny.0141,﻿church,not recorded,English,,,,﻿Herkimer County,﻿Herkimer County,﻿Herkimer,﻿Herkimer,﻿NY,,43.025625899999994,-74.98598890000001,﻿alb.ny.0149,﻿attended from Ilion,,,,,,,,,,,,1869.0,Albany
﻿alb.ny.0142,﻿church,﻿St. Mary's,English,,,,﻿Franklin County,﻿Franklin County,﻿Hogansburgh,﻿Hogansburg,﻿NY,,44.9743028,-74.66678780000001,,,,,﻿jos_de-luca_001,﻿Rev.,﻿Joseph de Luca,﻿D.D.,,,,,,1869.0,Albany
﻿alb.ny.0143,﻿church,﻿Immaculate Conception,English,,,,﻿Rensselaer County,﻿Rensselaer County,﻿Hoosick Falls,﻿Hoosick Falls,﻿NY,,42.901189200000005,-73.3515001,,,,,﻿e_a_daily_001,﻿Rev.,﻿E. A. Daily,﻿O.S.A.,,,,,,1869.0,Albany
﻿alb.ny.0144,﻿church,﻿St. Mary's,English,,,,﻿Columbia County,﻿Columbia County,﻿Hudson,﻿Hudson,﻿NY,,42.367875899999994,-73.5594128,,,,,﻿jam_s_osullivan_001,﻿Rev.,﻿James S. O'Sullivan,,,,,,,1869.0,Albany
﻿alb.ny.0145,﻿church,not recorded,English,,,,﻿Greene County,﻿Greene County,﻿Hunter,﻿Hunter,﻿NY,,42.367875899999994,-73.5594128,﻿alb.ny.0060,﻿attended from Catskill,,,,,,,,,,,,1869.0,Albany
﻿alb.ny.0149,﻿church,not recorded,English,,,,﻿Herkimer County,﻿Herkimer County,﻿Ilion,﻿Ilion,﻿NY,,43.0150703,-75.03543470000001,,,,,﻿wil_howard_001,﻿Rev.,﻿William Howard,,,,,,,1869.0,Albany
﻿alb.ny.0150,﻿church,not recorded,English,,,,﻿Essex County,﻿Essex County,﻿Jay,﻿Jay,﻿NY,,44.3750471,-73.728195,﻿alb.ny.0027,﻿attended from Ausable Forks,,,,,,,,,,,,1869.0,Albany
﻿alb.ny.0151,﻿church,not recorded,English,,,,﻿Fulton County,﻿Fulton County,﻿Johnstown,﻿Johnstown,﻿NY,,43.0067399,-74.36763559999999,,,,,﻿ber_mcmanus_001,﻿Rev.,﻿Bernard McManus,,,,,,,1869.0,Albany
﻿alb.ny.0152,﻿church,not recorded,English,,,,﻿Onondaga County,﻿Onondaga County,"﻿Jordan,",﻿Jordan,﻿NY,,43.0653441,-76.4729927,﻿alb.ny.0055,﻿attended from Camillus.,,,,,,,,,,,,1869.0,Albany
﻿alb.ny.0153,﻿church,not recorded,English,,,,﻿,,﻿Junction,,﻿NY,,43.01158964,-76.45725664,﻿alb.ny.0055,﻿attended from Camillus.,,,,,,,,,,,,1869.0,Albany
﻿alb.ny.0155,﻿church,"﻿Immaculate Conception,",English,,,,﻿Essex County,﻿Essex County,﻿Keeseville,﻿Keeseville,﻿NY,,44.5050479,-73.4801348,,,,,﻿joh_mcdonald_001,﻿Rev.,﻿John McDonald,,,,,,,1869.0,Albany
﻿alb.ny.0156,﻿church,﻿St. John the Baptist,English,,,,﻿Essex County,﻿Essex County,﻿Keeseville,﻿Keeseville,﻿NY,,44.5050479,-73.4801348,,,,,﻿j_b_legrand_001,﻿Rev.,﻿J. B. Legrand,,,,,,,1869.0,Albany
﻿alb.ny.0157,﻿church,not recorded,English,,,,﻿Columbia County,﻿Columbia County,﻿Kinderhook,﻿Kinderhook,﻿NY,,42.3953617,-73.6978983,﻿alb.ny.0299,﻿attended from Valatie,,,,,,,,,,,,1869.0,Albany
﻿alb.ny.0158,﻿church,﻿St. John's,English,,,,﻿Jefferson County,﻿Jefferson County,﻿Lafargeville,﻿La Fargeville,﻿NY,,44.1947726,-75.96605140000001,﻿alb.ny.0072,﻿attended from Clayton,,,,,,,,,,,,1869.0,Albany
﻿alb.ny.0159,﻿church,﻿St. John the Baptist,English,,,,﻿Essex County,﻿Rensselaer County,﻿Lansingburgh,﻿Lansingburgh,﻿NY,,42.7845222,-73.6695624,,,,,﻿tho_galberry_001,﻿Very Rev.,﻿Thomas Galberry,﻿O.S.A.,"﻿Commissary General, and Augustinian Fathers",,,,,1869.0,Albany
﻿alb.ny.0163,﻿church,﻿St. Mary's,English,,,,﻿Columbia County,﻿Columbia County,﻿Lebanon Springs,﻿New Lebanon,﻿NY,,42.464299100000005,-73.396804,﻿alb.ny.0067,﻿attended from Chatham Four Corners,,,,,,,,,,,,1869.0,Albany
﻿alb.ny.0164,﻿church,not recorded,English,,,,﻿Jefferson County,﻿Jefferson County,﻿Le Raysville,﻿Fort Drum,﻿NY,,44.0283973,-75.7854714,,﻿attended from —,,,,,,,,,,,,1869.0,Albany
﻿alb.ny.0165,﻿church,not recorded,English,,,,﻿Lewis County,,﻿Lewisburgh,,﻿NY,,43.840112,-75.4344727,﻿alb.ny.0168,﻿attended from Lowville,,,,,,,,,,,,1869.0,Albany
﻿alb.ny.0166,﻿church,﻿Church of the Assumption,English,,,,﻿Herkimer County,﻿Herkimer County,﻿Little Falls,﻿Little Falls,﻿NY,,43.0434039,-74.8595957,,,,,﻿edw_f_van-campenhoudt_001,﻿Rev.,﻿Edward F. Van Campenhoudt,,﻿Pastor,,,,,1869.0,Albany
﻿alb.ny.0166,﻿church,﻿Church of the Assumption,English,,,,﻿,﻿Herkimer County,﻿Little Falls,﻿Little Falls,﻿NY,,43.0434039,-74.8595957,,,,,﻿ant_ludden_001,﻿Rev.,﻿Anthony Ludden,,﻿Assistant,,,,,1869.0,Albany
﻿alb.ny.0167,﻿church,not recorded,English,,,,﻿Oswego County,﻿Oswego County,﻿Little France,﻿Little France,﻿NY,,43.3478471,-76.09658940000001,﻿alb.ny.0167,"﻿attended from Franciscan Convent, Syracuse",,,,,,,,,,,,1869.0,Albany
﻿alb.ny.0168,﻿church,not recorded,English,,,,﻿Lewis County,﻿Lewis County,﻿Lowville,﻿Lowville,﻿NY,,43.786736,-75.4918505,,,,,﻿jos_fitzgerald_001,﻿Rev.,﻿Joseph Fitzgerald,,,,,,,1869.0,Albany
﻿alb.ny.0171,﻿church,not recorded,English,,,,﻿Oneida County,﻿Oneida County,﻿McConnelsville,﻿McConnellsville,﻿NY,,43.2723805,-75.694317,﻿alb.ny.0113,﻿attended from Florence,,,,,,,,,,,,1869.0,Albany
﻿alb.ny.0172,﻿church,not recorded,English,,,,﻿Columbia County,﻿Columbia County,﻿Malden,﻿Malden,﻿NY,,42.367875899999994,-73.5594128,﻿alb.ny.0299,﻿attended from Valatie,,,,,,,,,,,,1869.0,Albany
﻿alb.ny.0173,﻿church,﻿St. Joseph's,English,,,,﻿Franklin County,﻿Franklin County,﻿Malone,﻿Malone,﻿NY,,44.8483135,-74.2993623,,,,,﻿jam_sherry_001,﻿Rev.,﻿James Sherry,,﻿Pastor,,,,,1869.0,Albany
﻿alb.ny.0173,﻿church,﻿St. Joseph's,English,,,,﻿,﻿Franklin County,﻿Malone,﻿Malone,﻿NY,,44.8483135,-74.2993623,,,,,﻿jam_ohare_001,﻿Rev.,﻿James O'Hare,,﻿Assistant,,,,,1869.0,Albany
﻿alb.ny.0175,﻿church,﻿St. Mary's,English,,,,﻿Onondaga County,﻿Onondaga County,﻿Manlius,﻿Manlius,﻿NY,,43.0575765,-75.9692855,,,,,﻿j_h_meyer_001,﻿Rev.,﻿J. H. Meyer,,,,,,,1869.0,Albany
﻿alb.ny.0177,﻿church,not recorded,English,,,,﻿Lewis County,﻿Lewis County,﻿Maple Ridge,,﻿NY,,43.81008622,-75.49016386,﻿alb.ny.0168,﻿attended from Lowville,,,,,,,,,,,,1869.0,Albany
﻿alb.ny.0178,﻿church,not recorded,English,,,,﻿Washington County,﻿Washington County,﻿Middle Granville,﻿Middle Granville,﻿NY,,43.4332191,-73.2831515,,,,,﻿h_b_hannett_001,﻿Rev.,﻿H. B. Hannett,,,,,,,1869.0,Albany
﻿alb.ny.0179,﻿church,not recorded,English,,,,﻿—,﻿Cortland County,﻿Marathon,﻿Marathon,﻿NY,,42.441739,-76.0321474,﻿alb.ny.0085,﻿attended from Cortland,,,,,,,,,,,,1869.0,Albany
﻿alb.ny.0180,﻿church,not recorded,English,,,,﻿,﻿Onondaga County,﻿Marcellus,﻿Marcellus,﻿NY,,42.9828438,-76.34048670000001,﻿alb.ny.0257,﻿attended from Skaneateles,,,,,,,,,,,,1869.0,Albany
﻿alb.ny.0181,﻿church,not recorded,English,,,,﻿St. Lawrence County,﻿St. Lawrence County,﻿Massena,﻿Massena,﻿NY,,44.9281049,-74.891865,﻿alb.ny.0302,﻿attended from Waddington,,,,,,,,,,,,1869.0,Albany
﻿alb.ny.0182,﻿church,﻿St. Mary's,English,,,,﻿Saratoga County,﻿Saratoga County,﻿Mechanicsville,﻿Mechanicville,﻿NY,,42.9028547,-73.6873405,,,,,﻿phi_izzo_001,﻿Rev.,﻿Phillip Izzo,﻿O.S.A.,,,,,,1869.0,Albany
﻿alb.ny.0183,﻿church,﻿St. Joseph's Church,English,,,,﻿Essex County,﻿Essex County,﻿Minerva,﻿Minerva,﻿NY,,43.7914527,-73.984302,,,,,﻿edw_hoar_001,﻿Rev. Mr.,﻿Hoar,,﻿Pastor,,,,,1869.0,Albany
﻿alb.ny.0183,﻿church,﻿St. Joseph's Church,English,,,,﻿Herkimer County,﻿Herkimer County,﻿Mohawk,﻿Minerva,﻿NY,,43.7914527,-73.984302,﻿alb.ny.0149,﻿attended from Ilion,,,,,,,,,,,,1869.0,Albany
﻿alb.ny.0184,﻿church,﻿St. Michael's,English,,,,﻿Lewis County,﻿Lewis County,﻿Mohawk Hill,﻿Mohawk Hill,﻿NY,,43.5247917,-75.4696221,,,,,﻿joh_b_bach_001,﻿Rev.,﻿John B. Bach,,,,,,,1869.0,Albany
﻿alb.ny.0185,﻿church,﻿SS. Peter and Paul,English,,,,﻿Lewis County,﻿Lewis County,﻿Montague,﻿Montague,﻿NY,,43.704216100000004,-75.6906241,﻿alb.ny.0168,﻿attended from Lowville,,,,,,,,,,,,1869.0,Albany
﻿alb.ny.0186,﻿church,﻿Immaculate Conception,English,,,,﻿Morehouseville County,﻿Hamilton County,﻿Hamilton,﻿Morehouseville,﻿NY,,43.39090170000001,-74.77376679999999,﻿alb.ny.0149,﻿attended from Ilion,,,,,,,,,,,,1869.0,Albany
﻿alb.ny.0187,﻿church,not recorded,English,﻿(new church),,,﻿Essex County,﻿Essex County,﻿Moriah,﻿Moriah,﻿NY,,44.0461658,-73.50512619999999,﻿alb.ny.0226,﻿attended from Port Henry,,,,,,,,,,,,1869.0,Albany
﻿alb.ny.0188,﻿church,not recorded,English,,,,﻿Columbia County,,﻿Mossy Hill,,﻿NY,,42.367875899999994,-73.5594128,﻿alb.ny.0086,﻿attended from Coxsackie,,,,,,,,,,,,1869.0,Albany
﻿alb.ny.0192,﻿church,not recorded,English,,,,﻿Rensselaer County,﻿Rensselaer County,﻿Nassau,﻿Nassau,﻿NY,,42.5159145,-73.61011590000001,﻿alb.ny.0195,﻿attended from Albany,,,,,,,,,,,,1869.0,Albany
﻿alb.ny.0195,﻿church,﻿St. Ambrose,English,,,,﻿Albany County,﻿Albany County,﻿New Scotland,﻿New Scotland,﻿NY,,42.6286895,-73.9134588,,,,,﻿j_h_j h herbst _001,﻿Rev.,﻿J. H. Herbst,,,﻿of Albany,,,,1869.0,Albany
﻿alb.ny.0196,﻿church,not recorded,English,,,,﻿Herkimer County,﻿Herkimer County,﻿Newport,﻿Newport,﻿NY,,43.185902500000005,-75.0143244,,,,,﻿tho_keating_001,﻿Rev.,﻿Thomas Keating,﻿D.D.,﻿Pastor,,,,,1869.0,Albany
﻿alb.ny.0197,﻿church,﻿Church of the Visitation,English,,,,﻿St. Lawrence County,﻿St. Lawrence County,﻿Norfolk,﻿Norfolk,﻿NY,,44.800887200000005,-74.9910336,﻿alb.ny.0302,﻿attended from Waddington,,,,,,,,,,,,1869.0,Albany
﻿alb.ny.0198,﻿church,not recorded,English,,,,﻿Oneida County,﻿Oneida County,﻿North Bay,﻿North Bay,﻿NY,,43.2300689,-75.7482415,﻿alb.ny.0234,﻿attended from Rome,,,,,,,,,,,,1869.0,Albany
﻿alb.ny.0200,﻿church,﻿St. Patrick's,English,,,,﻿Chenango County,﻿Chenango County,﻿Norwich,﻿Norwich,﻿NY,,42.531184,-75.52351490000001,,,,,﻿p_mcnulty_001,﻿Rev.,﻿P. McNulty,,,,,,,1869.0,Albany
﻿alb.ny.0201,﻿church,not recorded,English,,,,﻿Oneida County,﻿Oneida County,﻿North Western,﻿North Western,﻿NY,,43.3422916,-75.3635053,﻿alb.ny.0234,﻿attended from Rome,,,,,,,,,,,,1869.0,Albany
﻿alb.ny.0202,﻿church,﻿St. Mary's,English,,,,﻿St. Lawrence County,﻿St. Lawrence County,﻿Ogdensburg,﻿Ogdensburg,﻿NY,,44.6942291,-75.4863364,,,,,﻿jam_mackey_001,﻿Rev.,﻿James Mackey,,﻿Pastor,,,,,1869.0,Albany
﻿alb.ny.0203,﻿church,﻿St. John the Baptist,﻿French,,,,﻿St. Lawrence County,﻿St. Lawrence County,﻿Ogdensburg,﻿Ogdensburg,﻿NY,,44.6942291,-75.4863364,,,,,﻿goe_jeanott_001,﻿Rev.,﻿Goerge Jeanott,,,,,,,1869.0,Albany
﻿alb.ny.0204,﻿church,﻿St. Patrick's,English,,,,﻿Madison County,﻿Madison County,﻿Oneida,﻿Oneida,﻿NY,,43.0925684,-75.6512931,,,,,﻿wil_finnelly_001,﻿Rev.,﻿William Finnelly,,,,,,,1869.0,Albany
﻿alb.ny.0205,﻿church,﻿St. Paul's,English,,,,﻿Oswego County,﻿Oswego County,﻿Oswego,﻿Oswego,﻿NY,,43.4553461,-76.5104973,,,,,﻿mic_kelly_001,﻿Rev.,﻿Michael Kelly,,﻿Pastor,,,,,1869.0,Albany
﻿alb.ny.0205,﻿church,﻿St. Paul's,English,,,,﻿Oswego County,﻿Oswego County,﻿Oswego,﻿Oswego,﻿NY,,43.4553461,-76.5104973,,,,,﻿jam_o_driscoll_001,﻿Rev.,﻿James O' Driscoll,,﻿Assistant,,,,,1869.0,Albany
﻿alb.ny.0206,﻿church,﻿St. Mary's,English,,,,﻿Oswego County,﻿Oswego County,﻿Oswego,﻿Oswego,﻿NY,,43.4567628,-76.5177757,,,,,﻿lou_griffia_001,﻿Rev.,﻿Louis Griffia,,﻿Pastor,,,,,1869.0,Albany
﻿alb.ny.0206,﻿church,﻿St. Mary's,English,,,,﻿,﻿Oswego County,﻿Oswego,﻿Oswego,﻿NY,,43.4567628,-76.5177757,,,,,﻿tho_welsh_001,﻿Rev.,﻿Thomas Welsh,,﻿Assistant,,,,,1869.0,Albany
﻿alb.ny.0207,﻿church,﻿St. Peter's,﻿German,,,,﻿Oswego County,﻿Oswego County,﻿Oswego,﻿Oswego,﻿NY,,43.4547032,-76.49844279999999,,"﻿attended from Franciscan Convent, Syracuse",,,,,,,,,,,,1869.0,Albany
﻿alb.ny.0209,﻿church,not recorded,English,,,,﻿Onondagao County,﻿Onondaga County,﻿Otisco,﻿Otisco,﻿NY,,42.8600671,-76.2179832,﻿alb.ny.0055,﻿attended from Camillus,,,,,,,,,,,,1869.0,Albany
﻿alb.ny.0210,﻿church,not recorded,English,,,,﻿Otsego County,﻿Otsego County,﻿Oneauta,﻿Oneonta,﻿NY,,42.4528571,-75.06377459999999,﻿alb.ny.0083,﻿attended from Cooperstown,,,,,,,,,,,,1869.0,Albany
﻿alb.ny.0213,﻿church,not recorded,English,,,,﻿Chenango County,﻿Chenango County,﻿Oxford,﻿Oxford,﻿NY,,42.442018100000006,-75.5976855,﻿alb.ny.0200,﻿attended from Norwich,,,,,,,,,,,,1869.0,Albany
﻿alb.ny.0214,﻿church,not recorded,English,,,,﻿Clinton County,﻿Clinton County,﻿Patent,,﻿NY,,44.62940994,-73.44739374,﻿alb.ny.0155,﻿attended from Keeseville,,,,,,,,,,,,1869.0,Albany
﻿alb.ny.0220,﻿church,not recorded,English,,,,﻿Clinton County,﻿Clinton County,﻿Peru Villiage,,﻿NY,,44.62940994,-73.44739374,﻿alb.ny.0155,﻿attended from Keeseville,,,,,,,,,,,,1869.0,Albany
﻿alb.ny.0221,﻿church,not recorded,English,,,,﻿Onondaga County,﻿Oswego County,﻿Pheonix,﻿Phoenix,﻿NY,,43.026819,-76.17837390000001,﻿alb.ny.0028,﻿attended from Baldwinsville,,,,,,,,,,,,1869.0,Albany
﻿alb.ny.0222,﻿church,not recorded,English,,,,﻿Rensselaer County,﻿Rensselaer County,﻿Pittstown Corners,﻿Pittstown,﻿NY,,42.8350778,-73.485114,﻿alb.ny.0246,﻿attended from Schaghticoke,,,,,,,,,,,,1869.0,Albany
﻿alb.ny.0223,﻿church,﻿St. John the Baptist,English,,,,﻿Clinton County,﻿Clinton County,﻿Plattsburgh,﻿Plattsburgh,﻿NY,,44.699487299999994,-73.4529124,,,,,﻿c_f_salaz_001,﻿Rev.,﻿C. F. M. Salaz,,﻿Superior,,,,,1869.0,Albany
﻿alb.ny.0223,﻿church,﻿St. John the Baptist,English,,,,﻿,﻿Clinton County,﻿Plattsburgh,﻿Plattsburgh,﻿NY,,44.699487299999994,-73.4529124,,,,,﻿e_cauvin_001,﻿Rev.,﻿E. Cauvin,﻿O.M.I.,,,,,,1869.0,Albany
﻿alb.ny.0223,﻿church,﻿St. John the Baptist,English,,,,﻿,﻿Clinton County,﻿Plattsburgh,﻿Plattsburgh,﻿NY,,44.699487299999994,-73.4529124,,,,,﻿t_martens_001,﻿Rev.,﻿T. Martens,﻿O.M.I.,,,,,,1869.0,Albany
﻿alb.ny.0224,﻿church,﻿St. Joseph's Church,English,,,,﻿Clinton County,﻿Clinton County,﻿Plattsburgh,﻿Plattsburgh,﻿NY,,44.699487299999994,-73.4529124,,,,,﻿ric_j_maloney_001,﻿Rev.,"﻿Richard J. Maloney,",﻿O.M.I.,﻿Pastor,,,,,1869.0,Albany
﻿alb.ny.0225,﻿church,not recorded,English,,,,﻿Onondaga County,﻿Onondaga County,﻿Pompey Hill,﻿Pompey,﻿NY,,42.8989556,-76.01603259999999,﻿alb.ny.0062,﻿attended from Cazenovia,,,,,,,,,,,,1869.0,Albany
﻿alb.ny.0226,﻿church,﻿St. Patrick's,English,,,,﻿Essex County,﻿Essex County,﻿Port Henry,﻿Port Henry,﻿NY,,44.04838839999999,-73.45984729999999,,,,,﻿luk_harney_001,﻿Rev.,﻿Luke Harney,,,,,,,1869.0,Albany
﻿alb.ny.0227,﻿church,﻿Church of Immaculate Conception,English,,,,﻿,﻿Essex County,﻿Port Kent,﻿Port Kent,﻿NY,,44.5265409,-73.4090087,﻿alb.ny.0155,﻿attended from Keeseville,,,,,,,,,,,,1869.0,Albany
﻿alb.ny.0228,﻿church,﻿St. Patrick's,English,,,,﻿St. Lawrence County,﻿St. Lawrence County,﻿Potsdam,﻿Potsdam,﻿NY,,44.6697805,-74.9813084,,,,,﻿jos_taney_001,﻿Rev.,﻿Joseph Taney,,,,,,,1869.0,Albany
﻿alb.ny.0230,﻿church,not recorded,English,,"﻿Quaker Street,",,﻿Schenectady County,﻿Schenectady County,,,﻿NY,,42.7347977,-74.1862394,,﻿attended by Rev. N. McKee of Schoharie,,,,,,,,,,,,1869.0,Albany
﻿alb.ny.0232,﻿church,﻿St. Francis Xavier,English,,,,﻿Jefferson County,﻿Jefferson County,﻿Redwood,﻿Redwood,﻿NY,,44.2988689,-75.7996703,﻿alb.ny.0072,﻿attended from Clayton,,,,,,,,,,,,1869.0,Albany
﻿alb.ny.0233,﻿church,not recorded,English,,,,﻿Otsego County,﻿Otsego County,﻿Richfield Springs,﻿Richfield Springs,﻿NY,,42.8534057,-74.9854335,﻿alb.ny.0083,﻿attended from Cooperstown,,,,,,,,,,,,1869.0,Albany
﻿alb.ny.0234,﻿church,﻿St. Peter's,English,,,,﻿Oneida County,﻿Oneida County,﻿Rome,﻿Rome,﻿NY,,43.2128473,-75.4557303,,,,,﻿wil_beacham_001,﻿Rev.,﻿William Beacham,,﻿Pastor,,,,,1869.0,Albany
﻿alb.ny.0234,﻿church,﻿St. Peter's,English,,,,﻿,﻿Oneida County,﻿Rome,﻿Rome,﻿NY,,43.2128473,-75.4557303,,,,,﻿jam_oreilly_001,﻿Rev.,﻿James O'Reilly,,﻿Assistant,,,,,1869.0,Albany
﻿alb.ny.0235,﻿church,﻿Church of the Assumption,﻿German,,,,﻿Oneida County,﻿Oneida County,﻿Rome,﻿Rome,﻿NY,,43.2128473,-75.4557303,,,,,﻿a_carius_001,﻿Rev.,﻿A. Carius,,,,,,,1869.0,Albany
﻿alb.ny.0236,﻿church,not recorded,﻿German and French,,,,﻿Jefferson County,﻿Jefferson County,﻿Rosiere,﻿Cape Vincent,﻿NY,,44.1278299,-76.33300059999999,,,,,﻿m_turgeon_001,﻿Rev.,﻿M. Turgeon,,,,,,,1869.0,Albany
﻿alb.ny.0237,﻿church,﻿St. Patrick's,English,,,,﻿Jefferson County,﻿St. Lawrence County,﻿Rossie,﻿Rossie,﻿NY,,44.060742100000006,-75.9927652,﻿alb.ny.0072,﻿attended from Clayton,,,,,,,,,,,,1869.0,Albany
﻿alb.ny.0238,﻿church,not recorded,English,,,,﻿Clinton County,﻿Clinton County,﻿Rouse's Point,﻿Rouses Point,﻿NY,,44.993927899999996,-73.3648557,,,,,﻿l_lapic_001,﻿Rev.,﻿L. Lapic,,,,,,,1869.0,Albany
﻿alb.ny.0241,﻿church,not recorded,English,,,,﻿Jefferson County,﻿Jefferson County,﻿Sackett's Harbor,﻿Sackets Harbor,﻿NY,,43.9461707,-76.1190929,﻿alb.ny.0304,﻿attended from Watertown,,,,,,,,,,,,1869.0,Albany
﻿alb.ny.0242,﻿church,﻿Holy Cross,English,,,,﻿,﻿Washington County,﻿Salem,﻿Salem,﻿NY,,43.1761529,-73.3283601,﻿alb.ny.0053,﻿attended from Cambridge,,,,,,,,,,,,1869.0,Albany
﻿alb.ny.0243,﻿church,﻿St. Bridget's,English,﻿(New church),,,﻿Herkimer County,﻿Herkimer County,﻿Salisbury,﻿Salisbury,﻿NY,,43.1342367,-74.8240402,﻿alb.ny.0166,﻿attended from Little Falls,,,,,,,,,,,,1869.0,Albany
﻿alb.ny.0244,﻿church,﻿St. Mary's,English,,,,﻿Washington County,﻿Washington County,﻿Sandy Hill,﻿Hudson Falls,﻿NY,,43.300628100000004,-73.5859487,﻿alb.ny.0128,﻿attended from Glenn's Falls,,,,,,,,,,,,1869.0,Albany
﻿alb.ny.0245,﻿church,﻿St. Peter's,English,,,,﻿Saratoga County,﻿Saratoga County,"﻿Saratoga Springs,",﻿Saratoga Springs,﻿NY,,43.083130100000005,-73.7845651,,,,,﻿mau_sheehan_001,﻿Rev.,﻿Maurice Sheehan,,,,,,,1869.0,Albany
﻿alb.ny.0246,﻿church,not recorded,English,,,,﻿Rensselaer County,﻿Rensselaer County,﻿Schaghticoke,﻿Schaghticoke,﻿NY,,42.9000773,-73.5853939,,,,,﻿e_a_magher_001,﻿Rev.,﻿E. A. Magher,﻿O.S.A.,,,,,,1869.0,Albany
﻿alb.ny.0247,﻿church,﻿St. John's,English,,,,﻿Schenectady County,﻿Schenectady County,﻿Schenectady,﻿Schenectady,﻿NY,,42.8585929,-73.9071752,,,,,﻿mic_clarke_001,﻿Rev.,﻿Michael Clarke,,,,,,,1869.0,Albany
﻿alb.ny.0248,﻿church,﻿St. Joseph's,English,,,,﻿Schenectady County,﻿Schenectady County,﻿Schenectady,﻿Schenectady,﻿NY,,42.811052399999994,-73.94006929999999,,,,,﻿m_ramsaeur_001,﻿Rev.,﻿M. Ramsaeur,﻿O.S.B,,,,,,1869.0,Albany
﻿alb.ny.0252,﻿church,not recorded,English,,,,﻿Otsego County,﻿Otsego County,﻿Schenevus,﻿Schenevus,﻿NY,,42.5489656,-74.8209875,﻿alb.ny.0069,﻿attended from Schoharie,,,,,,,,,,,,1869.0,Albany
﻿alb.ny.0253,﻿church,not recorded,English,,,,﻿Rensselaer County,﻿Rensselaer County,﻿Schodac,﻿Schodack,﻿NY,,42.519119599999996,-73.6771662,﻿alb.ny.0299,﻿attended from Valatie,,,,,,,,,,,,1869.0,Albany
﻿alb.ny.0254,﻿church,﻿Church of the Visitation,English,,,,﻿Saratoga County,﻿Saratoga County,﻿Schuylerville,﻿Schuylerville,﻿NY,,43.1000755,-73.58178249999999,,,,,﻿h_b_finnegan_001,﻿Rev.,﻿H. B. Finnegan,,,,,,,1869.0,Albany
﻿alb.ny.0255,﻿church,﻿St. Mary's,English,,,,﻿Schoharie County,﻿Schoharie County,﻿Sharon Springs,﻿Sharon Springs,﻿NY,,42.79572460000001,-74.61495179999999,﻿alb.ny.0056,﻿attended from Canajoharie,,,,,,,,,,,,1869.0,Albany
﻿alb.ny.0256,﻿church,not recorded,English,,,,﻿Chenango County,﻿Chenango County,﻿Sherburne,﻿Sherburne,﻿NY,,42.6781266,-75.4985123,﻿alb.ny.0200,﻿attended from Norwich,,,,,,,,,,,,1869.0,Albany
﻿alb.ny.0257,﻿church,﻿St. Mary's of the Lake,English,,,,﻿Onondaga County,﻿Onondaga County,﻿Skaneateles,﻿Skaneateles,﻿NY,,42.9509459,-76.4314998,,,,,﻿fra_purcell_001,﻿Rev.,﻿Francis Purcell,,,,,,,1869.0,Albany
﻿alb.ny.0258,﻿church,﻿St. Bridget's,English,,,,﻿Cortland County,﻿Cortland County,﻿Solon,﻿Solon,﻿NY,,42.5970144,-76.0168688,﻿alb.ny.0085,﻿attended from Cortland,,,,,,,,,,,,1869.0,Albany
﻿alb.ny.0259,﻿church,not recorded,English,,,,﻿Otsego County,,﻿South Hill,,﻿NY,,42.55305642,-74.77248091,﻿alb.ny.0069,﻿attended from Schoharie,,,,,,,,,,,,1869.0,Albany
﻿alb.ny.0260,﻿church,not recorded,English,,,,﻿Rensselaer County,﻿Rensselaer County,﻿South Sand Lake,﻿Sand Lake,﻿NY,,42.6373017,-73.54066970000001,﻿alb.ny.0005,﻿attended from Holy Cross Albany,,,,,,,,,,,,1869.0,Albany
﻿alb.ny.0261,﻿church,not recorded,English,,,,﻿Onondaga County,﻿Onondaga County,﻿Split Rock,﻿Split Rock,﻿NY,,43.024232899999994,-76.22326,﻿alb.ny.0273,﻿attended from Syracuse,,,,,,,,,,,,1869.0,Albany
﻿alb.ny.0262,﻿church,not recorded,English,,,,﻿Montgomery County,﻿Montgomery County,﻿Spraker's Basin,﻿Sprakers,﻿NY,,42.891112899999996,-74.5136948,﻿alb.ny.0022,﻿attended from Amsterdam,,,,,,,,,,,,1869.0,Albany
﻿alb.ny.0263,﻿church,not recorded,English,,,,﻿Jefferson County,﻿Jefferson County,﻿Sterlingville,﻿Sterlingville,﻿NY,,44.103118200000004,-75.6871509,﻿alb.ny.0059,﻿attended from Carthage,,,,,,,,,,,,1869.0,Albany
﻿alb.ny.0264,﻿church,not recorded,English,,,,﻿Montgomery County,﻿Montgomery County,﻿St. Johnsville,﻿St. Johnsville,﻿NY,,43.001234600000004,-74.6781003,﻿alb.ny.0056,﻿attended from Canajoharie,,,,,,,,,,,,1869.0,Albany
﻿alb.ny.0265,﻿church,not recorded,English,,,,﻿Columbia County,﻿Columbia County,﻿Stockport,﻿Stockport,﻿NY,,42.3095301,-73.7462345,﻿alb.ny.0086,﻿attended from Coxsackie,,,,,,,,,,,,1869.0,Albany
﻿alb.ny.0266,﻿church,not recorded,English,,,,﻿Columbia County,﻿Columbia County,﻿Stuyvesant,﻿Stuyvesant,﻿NY,,42.3903615,-73.7815126,﻿alb.ny.0086,﻿attended from Coxsackie,,,,,,,,,,,,1869.0,Albany
﻿alb.ny.0267,﻿church,not recorded,English,,,,﻿Broome County,,﻿Summit,,﻿NY,,42.1791865,-75.8533954,﻿alb.ny.0039,﻿attended from Binghamton,,,,,,,,,,,,1869.0,Albany
﻿alb.ny.0268,﻿church,not recorded,English,,,,﻿Clinton County,﻿Clinton County,﻿Summit,﻿Churubusco,﻿NY,,44.9539315,-73.9315417,﻿alb.ny.0065,﻿attended from Chateaugay,,,,,,,,,,,,1869.0,Albany
﻿alb.ny.0269,﻿church,not recorded,English,,,,﻿Clinton County,﻿Clinton County,﻿Schuyler Falls,﻿Schuyler Falls,﻿NY,,44.6286553,-73.55791479999999,﻿alb.ny.0223,﻿attended from Plattsburgh,,,,,,,,,,,,1869.0,Albany
﻿alb.ny.0270,﻿church,not recorded,English,,,,﻿Saratoga County,﻿Saratoga County,﻿Stillwater,﻿Stillwater,﻿NY,,42.9759856,-73.6771662,﻿alb.ny.0182,﻿attended from Mechanicsville,,,,,,,,,,,,1869.0,Albany
﻿alb.ny.0271,﻿church,﻿St. —,English,,,,﻿Schoharie County,﻿Schoharie County,﻿Schoharie,﻿Schoharie,﻿NY,,42.6659087,-74.3095787,,,,,﻿nic_mckee_001,﻿Rev.,﻿Nicholas McKee,,,,,,,1869.0,Albany
﻿alb.ny.0273,﻿church,﻿St. Mary's Church,English,,,,﻿Onondaga County,﻿Onondaga County,﻿Syracuse,﻿Syracuse,﻿NY,,43.07997520000001,-76.1473443,,,,,﻿jam_ohara_001,﻿Rev.,﻿James O'Hara,,﻿Pastor,,,,,1869.0,Albany
﻿alb.ny.0273,﻿church,﻿St. Mary's Church,English,,,,﻿,﻿Onondaga County,﻿Syracuse,﻿Syracuse,﻿NY,,43.07997520000001,-76.1473443,,,,,﻿jam_fitzpatrick_001,﻿Rev.,﻿James Fitzpatrick,﻿D.D.,﻿Assistant,,,,,1869.0,Albany
﻿alb.ny.0274,﻿church,﻿St. John's,English,,,,﻿Onondaga County,﻿Onondaga County,﻿Syracuse,﻿Syracuse,﻿NY,,43.0683999,-76.15631359999999,,,,,﻿jos_gurdet_001,﻿Rev.,﻿Joseph Gurdet,,﻿Pastor,,,,,1869.0,Albany
﻿alb.ny.0274,﻿church,﻿St. John's,English,,,,﻿,﻿Onondaga County,﻿Syracuse,﻿Syracuse,﻿NY,,43.0683999,-76.15631359999999,,,,,﻿dan_oconnell_001,﻿Rev.,﻿Daniel O'Connell,,﻿Assistant,,,,,1869.0,Albany
﻿alb.ny.0275,﻿church,﻿Church of the Assumption,English,,,,﻿Onondaga County,﻿Onondaga County,﻿Syracuse,﻿Syracuse,﻿NY,,43.062549,-76.154036,,,,,﻿fat_dehom_001,﻿Very Rev.,﻿Father Dehom,,,,,,,1869.0,Albany
﻿alb.ny.0275,﻿church,﻿Church of the Assumption,English,,,,﻿Onondaga County,﻿Onondaga County,﻿Syracuse,﻿Syracuse,﻿NY,,43.062549,-76.154036,,,,,,,,,,,﻿Fathers of the Franciscan Convent,,,1869.0,Albany
﻿alb.ny.0277,﻿church,﻿St. John the Baptist,English,﻿(new church begun),,,﻿Onondaga County,﻿Onondaga County,﻿Salina,﻿Salina,﻿NY,,43.1071537,-76.1762045,,,,,﻿jam_duffy_001,﻿Rev.,﻿James Duffy,,,,,,,1869.0,Albany
﻿alb.ny.0278,﻿church,not recorded,English,,,,﻿Oneida County,﻿Oneida County,﻿Taberg,﻿Taberg,﻿NY,,43.3036805,-75.616848,﻿alb.ny.0113,﻿attended from Florence,,,,,,,,,,,,1869.0,Albany
﻿alb.ny.0279,﻿church,﻿St. Mary's,English,,,,﻿Essex County,﻿Essex County,﻿Ticonderoga,﻿Ticonderoga,﻿NY,,43.84867070000001,-73.42345309999999,,,,,﻿lou_desroches_001,﻿Rev.,﻿Louis Desroches,,,,,,,1869.0,Albany
﻿alb.ny.0280,﻿church,﻿St. Mary's,English,,,,﻿Rensselaer County,﻿Rensselaer County,﻿Troy,﻿Troy,﻿NY,,42.7284117,-73.69178509999999,,,,,﻿pet_havermans_001,﻿Rev.,﻿Peter Havermans,,﻿Pastor,,,,,1869.0,Albany
﻿alb.ny.0280,﻿church,﻿St. Mary's,English,,,,﻿Rensselaer County,﻿Rensselaer County,﻿Troy,﻿Troy,﻿NY,,42.7284117,-73.69178509999999,,,,,﻿jam_rooney_001,﻿Rev.,﻿James Rooney,,﻿assistant,,,,,1869.0,Albany
﻿alb.ny.0281,﻿church,﻿St. Joseph's,English,,,,﻿Rensselaer County,﻿Rensselaer County,﻿Troy,﻿Troy,﻿NY,,42.723515,-73.689427,,,,,﻿m_driscoll_001,﻿Rev.,﻿M. Driscoll,﻿S.J.,﻿Pastor,﻿Part of the Fathers of the Society of Jesus,,,,1869.0,Albany
﻿alb.ny.0281,﻿church,﻿St. Joseph's,English,,,,﻿,﻿Rensselaer County,﻿Troy,﻿Troy,﻿NY,,42.723515,-73.689427,,,,,﻿menet_001,﻿Rev.,﻿— Menet,﻿S.J.,﻿Assistant,﻿Father of the Society of Jesus,,,,1869.0,Albany
﻿alb.ny.0282,﻿church,﻿St. Peter's,English,,,,﻿Rensselaer County,,﻿Troy,﻿Troy,﻿NY,,42.7232146,-73.6888745,,,,,﻿jam_keveny_001,﻿Rev.,﻿James Keveny,,﻿Pastor,,,,,1869.0,Albany
﻿alb.ny.0282,﻿church,﻿St. Peter's,English,,,,﻿,,﻿Troy,﻿Troy,﻿NY,,42.7232146,-73.6888745,,,,,﻿edw_n_thornton_001,﻿Rev.,﻿Edward N. Thornton,,﻿Assistant,,,,,1869.0,Albany
﻿alb.ny.0283,﻿church,﻿St. Francis',English,,,,﻿Rensselaer County,,﻿Troy,﻿Troy,﻿NY,,42.7284117,-73.69178509999999,,,,,﻿hen_herfkerns_001,﻿Rev.,﻿Henry Herfkerns,,,,,,,1869.0,Albany
﻿alb.ny.0284,﻿church,﻿St. John the Baptist,﻿French,﻿New church under roof,"﻿,",,﻿Rensselaer County,,﻿Troy,﻿Troy,﻿NY,,42.7284117,-73.69178509999999,,,,,﻿geo_brown_001,﻿Rev.,﻿George Brown,,,,,,,1869.0,Albany
﻿alb.ny.0286,﻿church,﻿St. Patrick's,English,,﻿Troy (West),,﻿Albany County,﻿Albany County,﻿Troy,﻿Troy,﻿NY,,42.7284117,-73.69178509999999,,,,,﻿wil_f_sheehan_001,﻿Rev.,﻿William F. Sheehan,,﻿Pastor,,,,,1869.0,Albany
﻿alb.ny.0286,﻿church,﻿St. Patrick's,English,,﻿Troy (West),,﻿Albany County,﻿Albany County,﻿Troy,﻿Troy,﻿NY,,42.7284117,-73.69178509999999,,,,,﻿wil_connelly_001,﻿Rev.,﻿William Connelly,,﻿Assistant,,,,,1869.0,Albany
﻿alb.ny.0286,﻿church,﻿St. Bridget's,English,,﻿Troy (West),,﻿Albany County,﻿Albany County,﻿Troy,﻿Troy,﻿NY,,42.7284117,-73.69178509999999,,,,,﻿wil_cullinan_001,﻿Rev.,﻿William Cullinan,,,,,,,1869.0,Albany
﻿alb.ny.0286,﻿church,﻿St. Bridget's,English,,﻿Troy (West),,﻿Franklin County,﻿Franklin County,﻿Trout River,﻿Trout River,﻿NY,,44.9914325,-74.3082502,﻿alb.ny.0173,﻿attended from Malone,,,,,,,,,,,,1869.0,Albany
﻿alb.ny.0286,﻿church,﻿St. Bridget's,English,,﻿Troy (West),,﻿Onondaga County,﻿Cortland County,﻿Truxton,﻿Truxton,﻿NY,,43.026819,-76.17837390000001,﻿alb.ny.0085,﻿attended from Cortland,,,,,,,,,,,,1869.0,Albany
﻿alb.ny.0291,﻿church,not recorded,English,,,,﻿Washington County,﻿Washington County,﻿Union Village,﻿Greenwich,﻿NY,,43.0901395,-73.4992824,﻿alb.ny.0053,﻿attended from Cambridge,,,,,,,,,,,,1869.0,Albany
﻿alb.ny.0292,﻿church,not recorded,English,,,,﻿Clinton County,﻿Clinton County,﻿Union Falls,﻿Union Falls,﻿NY,,44.50732276,-73.91671478,﻿alb.ny.0027,﻿attended from Ausable Forks,,,,,,,,,,,,1869.0,Albany
﻿alb.ny.0293,﻿church,not recorded,English,,,,﻿Broome County,﻿Broome County,﻿Upper Lisle,﻿Upper Lisle,﻿NY,,42.396183799999996,-75.9571445,,,,,,,,,,,,,,1869.0,Albany
﻿alb.ny.0295,﻿church,﻿St. John's,English,,,,﻿Oneida County,﻿Oneida County,﻿Utica,﻿Utica,﻿NY,,43.100903,-75.232664,,,,,﻿tho_daly_001,﻿Rev.,﻿Thomas Daly,,﻿Pastor,,,,,1869.0,Albany
﻿alb.ny.0295,﻿church,﻿St. John's,English,,,,﻿,﻿Oneida County,﻿Utica,﻿Utica,﻿NY,,43.100903,-75.232664,,,,,﻿wm_j_smith_001,﻿Rev.,﻿Wm. J. Smith,,﻿Assistant,,,,,1869.0,Albany
﻿alb.ny.0296,﻿church,﻿St. Joseph's,﻿German,,,,﻿Oneida County,﻿Oneida County,﻿Utica,﻿Utica,﻿NY,,43.100903,-75.232664,,,,,﻿alp_zoeller_001,﻿Rev.,﻿Alphonsus Zoeller,﻿O.M.C.,﻿Pastor,,﻿Other Fathers of the Franciscans,,,1869.0,Albany
﻿alb.ny.0297,﻿church,﻿St. Patrick's,English,,,,﻿Oneida County,﻿Oneida County,﻿Utica,﻿Utica,﻿NY,,43.100903,-75.232664,,,,,﻿p_caraher_001,﻿Rev.,﻿P. Caraher,,﻿Pastor,,,,,1869.0,Albany
﻿alb.ny.0298,﻿church,not recorded,English,,,,﻿Clinton County,,﻿Union Falls,,﻿NY,,43.100903,-75.232664,﻿alb.ny.0027,﻿attended from Ausable Forks,,,,,,,,,,,,1869.0,Albany
﻿alb.ny.0299,﻿church,not recorded,English,,,,﻿Columbia County,﻿Columbia County,﻿Valatie,﻿Valatie,﻿NY,,42.41341679999999,-73.6731749,﻿alb.ny.0195,﻿attended from Albany,,,﻿joh_j_brennan_001,﻿Rev.,﻿John J. Brennan,,,,,,,1869.0,Albany
﻿alb.ny.0300,﻿church,not recorded,English,,,,﻿Oneida County,﻿Oneida County,﻿Verona,﻿Verona,﻿NY,,43.1381455,-75.5706945,﻿alb.ny.0204,﻿attended from Oneida,,,,,,,,,,,,1869.0,Albany
﻿alb.ny.0301,﻿church,not recorded,English,,,,﻿Oneida County,﻿Oneida County,﻿Vienna,﻿Vienna,﻿NY,,43.2395135,-75.7024065,﻿alb.ny.0204,﻿attended from Oneida,,,,,,,,,,,,1869.0,Albany
﻿alb.ny.0302,﻿church,﻿St. Mary's,English,,,,﻿St. Lawrence County,﻿St. Lawrence County,﻿Waddington,﻿Waddington,﻿NY,,44.8644999,-75.20410190000001,,,,,﻿joh_j_swift_001,﻿Rev.,"﻿John J. Swift,",,﻿Pastor,,,,,1869.0,Albany
﻿alb.ny.0303,﻿church,﻿St. Mary's,English,,,,﻿Saratoga County,﻿Saratoga County,﻿Waterford,﻿Waterford,﻿NY,,42.7925777,-73.6812293,,,,,﻿mic_j_collins_001,﻿Rev.,﻿Michael J. Collins,﻿O.S.A.,,,,,,1869.0,Albany
﻿alb.ny.0305,﻿church,﻿St. Mary's,﻿French,,,,﻿Jefferson County,﻿Jefferson County,﻿Watertown,﻿Watertown,﻿NY,,43.98244329999999,-75.90235059999999,﻿alb.ny.0306,﻿attended from Cape Vincent,,,,,,,,,,,,1869.0,Albany
﻿alb.ny.0306,﻿church,﻿St. Bernard's,English,,,,﻿Oneida County,﻿Oneida County,﻿Waterville,﻿Waterville,﻿NY,,42.931181,-75.37989240000002,﻿alb.ny.0073,﻿attended from Clayville,,,,,,,,,,,,1869.0,Albany
﻿alb.ny.0309,﻿church,﻿—,English,,,,﻿Essex County,﻿Essex County,﻿Westport,﻿Westport,﻿NY,,44.1833826,-73.4637448,﻿alb.ny.0226,﻿attended from Port Henry,,,,,,,,,,,,1869.0,Albany
﻿alb.ny.0311,﻿church,﻿Our Lady of Angels,English,﻿new church begun,,,﻿Washington County,﻿Washington County,﻿Whitehall,﻿Whitehall,﻿NY,,43.555623100000005,-73.4037234,,,,,﻿joh_j_mcdonnell_001,﻿Rev.,﻿John J. McDonnell,,,,,,,1869.0,Albany
﻿alb.ny.0312,﻿church,﻿Notre Dame des Victoires,English,,,,﻿Washington County,﻿Washington County,﻿Whitehall,﻿Whitehall,﻿NY,,43.555623100000005,-73.4037234,,,,,﻿ant_payette_001,﻿Rev.,﻿Anthime Payette,,,,,,,1869.0,Albany
﻿alb.ny.0314,﻿church,﻿—,English,,,,﻿Essex County,﻿Essex County,﻿Wilmington,﻿Wilmington,﻿NY,,44.38861370000001,-73.81543559999999,﻿alb.ny.0090,﻿attended from Ausable Forks,,,,,,,,,,,,1869.0,Albany
﻿alb.ny.0315,﻿church,﻿—,English,,,,﻿Herkimer County,﻿Herkimer County,﻿Winfield,﻿Winfield,﻿NY,,42.9074162,-75.1662121,﻿alb.ny.0075,﻿attended from Clinton,,,,,,,,,,,,1869.0,Albany
﻿alb.ny.0316,﻿church,﻿—,English,,,,﻿Otsego County,﻿Otsego County,﻿Worcester,﻿Worcester,﻿NY,,42.591716999999996,-74.7504996,﻿alb.ny.0056,﻿attended from Canajoharie,,,,,,,,,,,,1869.0,Albany
﻿alb.ny.0317,﻿seminary,﻿Provincial Seminary of the Province of New York,English,,,,,﻿Albany County,﻿Troy,﻿Troy,﻿NY,,42.591716999999996,-74.7504996,,,,,﻿lew_j_vandenhende_001,﻿Very Rev. Canon,﻿Lewis J. Vandenhende,﻿D.D.,﻿President,,﻿student,﻿146 students,,1869.0,Albany
﻿alb.ny.0317,﻿seminary,﻿Provincial Seminary of the Province of New York,English,,,,,﻿Albany County,﻿Troy,﻿Troy,﻿NY,,42.591716999999996,-74.7504996,,,,,﻿a_s_healey_001,﻿Rev.,﻿A. S. Healey,,﻿Director,,﻿student,﻿146 students,,1869.0,Albany
﻿alb.ny.0317,﻿seminary,﻿Provincial Seminary of the Province of New York,English,,,,,﻿Albany County,﻿Troy,﻿Troy,﻿NY,,42.591716999999996,-74.7504996,,,,,﻿cha_rolants_001,﻿Rev.,﻿Charles Rolants,,﻿Professor of Sacred Scripture,,﻿student,﻿146 students,,1869.0,Albany
﻿alb.ny.0317,﻿seminary,﻿Provincial Seminary of the Province of New York,English,,,,,﻿Albany County,﻿Troy,﻿Troy,﻿NY,,42.591716999999996,-74.7504996,,,,,﻿pet_puissant_001,﻿Rev.,﻿Peter Puissant,,﻿Professor of Moral Theology,,﻿student,﻿146 students,,1869.0,Albany
﻿alb.ny.0317,﻿seminary,﻿Provincial Seminary of the Province of New York,English,,,,,﻿Albany County,﻿Troy,﻿Troy,﻿NY,,42.591716999999996,-74.7504996,,,,,﻿hen_gabrels_001,﻿Rev.,﻿Henry Gabrels,,﻿Professor of Dogma,,﻿student,﻿146 students,,1869.0,Albany
﻿alb.ny.0317,﻿seminary,﻿Provincial Seminary of the Province of New York,English,,,,,﻿Albany County,﻿Troy,﻿Troy,﻿NY,,42.591716999999996,-74.7504996,,,,,﻿hug_shields_001,﻿Rev. Mr.,﻿Shields,,﻿Professor of Philosophy,,﻿student,﻿146 students,,1869.0,Albany
﻿alb.ny.0317,﻿seminary,﻿Provincial Seminary of the Province of New York,English,,,,,﻿Albany County,﻿Troy,﻿Troy,﻿NY,,42.591716999999996,-74.7504996,,,,,﻿pet_schmidt_001,﻿Rev.,﻿--- Schmidt,,﻿Professor of Canon Law,,﻿student,﻿146 students,,1869.0,Albany
﻿alb.ny.0317,﻿seminary,﻿Provincial Seminary of the Province of New York,English,,,,,﻿Albany County,﻿Troy,﻿Troy,﻿NY,,42.591716999999996,-74.7504996,,,,,﻿joh_mcloughlin_001,﻿Rev.,﻿John McLoughlin,,,,﻿student,﻿146 students,,1869.0,Albany
﻿alb.ny.0317,﻿seminary,﻿Provincial Seminary of the Province of New York,English,,,,,﻿Albany County,﻿Troy,﻿Troy,﻿NY,,42.591716999999996,-74.7504996,,,,,﻿joh_edwards_001,﻿Rev.,﻿John Edwards,,﻿Treasurer,,﻿student,﻿146 students,,1869.0,Albany
﻿alb.ny.0317,﻿???,﻿Rev. Fathers of the Society of Jesus,English,,,,,﻿Albany County,﻿Troy,﻿Troy,﻿NY,,42.591716999999996,-74.7504996,,,,,﻿m_driscoll_001,﻿Rev.,﻿M. Driscoll,﻿S. J.,,,﻿Fathers,﻿146 students,,1869.0,Albany
﻿alb.ny.0318,﻿house,﻿Augustinian House,English,﻿The Order has charge of other missions.,,,,﻿Rensselaer County,﻿Lansingburg,﻿Lansingburg,﻿NY,,42.7845222,-73.6695624,,,,,﻿tho_galbery_001,﻿Very Rev.,﻿Thomas Galbery,﻿O.S.A,﻿Commissary-General,,,,,1869.0,Albany
﻿alb.ny.0319,﻿house,﻿Oblate Fathers,English,﻿The Order has charge of other missions.,,,,﻿Clinton County,﻿Plattsburg,﻿Plattsburg,﻿NY,,44.699487299999994,-73.4529124,,,,,﻿c_f_sallaz_001,﻿Rev.,﻿C. F. M. Sallaz,﻿O.M.I.,﻿Superior,,,,,1869.0,Albany
﻿alb.ny.0320,﻿convent,"﻿Convent of the Assumption Fathers, O.M.C.",English,,,,,﻿Onondaga County,﻿Syracuse,﻿Syracuse,﻿NY,,43.0481723,-76.0633426,,,,,﻿fid_dehm_001,﻿Very Rev.,﻿Fidelis Dehm,﻿D. D.,﻿Commissary-General and Visitor of the Brothers and Sisters of the Third Order of St. Francis,,﻿father,﻿Other Fathers who have charge of missions,,1869.0,Albany
﻿alb.ny.0321,﻿convent,﻿Convent of St. Joseph,English,,,,,﻿Oneida County,﻿Utica,﻿Utica,﻿NY,,43.100903,-75.232664,,,,,﻿alp_zoeller_001,﻿Rev.,﻿Alphonsus Zoeller,﻿O.M.C.,﻿Superior,,﻿father,﻿3 Fathers,,1869.0,Albany
﻿alb.ny.0322,﻿academy,not recorded,English,﻿Boy's Academy,,,,﻿Albany County,﻿Albany,﻿Albany,﻿NY,,42.65257929999999,-73.7562317,,,,,,﻿Brother,﻿Hugh,,﻿Director,,﻿pupil,﻿120 pupils,﻿Under the direction of the Christian Brothers,1869.0,Albany
﻿alb.ny.0323,﻿asylum,not recorded,English,﻿Boys' Orphan Asylum,,,,﻿Albany County,﻿Albany,﻿Albany,﻿NY,,42.65257929999999,-73.7562317,,,,,,﻿Brother,﻿Victornine,,﻿Director,,﻿brother,﻿5 Brothers,﻿Under the direction of the Christian Brothers,1869.0,Albany
﻿alb.ny.0323,﻿asylum,not recorded,English,﻿Boys' Orphan Asylum,,,,﻿Albany County,﻿Albany,﻿Albany,﻿NY,,42.65257929999999,-73.7562317,,,,,,,,,,,﻿orphan,﻿110 orphans,﻿Under the direction of the Christian Brothers,1869.0,Albany
﻿alb.ny.0324,﻿school,not recorded,English,﻿Cathedral School,,,,﻿Albany County,﻿Albany,﻿Albany,﻿NY,,42.65257929999999,-73.7562317,,,,,,﻿Brother,﻿Hugh,,﻿Director,,﻿brother,﻿2 Brothers,﻿Under the direction of the Christian Brothers,1869.0,Albany
﻿alb.ny.0324,﻿school,not recorded,English,﻿Cathedral School,,,,﻿Albany County,﻿Albany,﻿Albany,﻿NY,,42.65257929999999,-73.7562317,,,,,,,,,,,﻿pupil,﻿180 pupils,﻿Under the direction of the Christian Brothers,1869.0,Albany
﻿alb.ny.0325,﻿school,﻿St. John's Parochial School,English,,,,,﻿Albany County,﻿Albany,﻿Albany,﻿NY,,42.7057193,-73.79742519999999,,,,,,,,,,,﻿brother,﻿5 Brothers,﻿Under the direction of the Christian Brothers,1869.0,Albany
﻿alb.ny.0325,﻿school,﻿St. John's Parochial School,English,,,,,﻿Albany County,﻿Albany,﻿Albany,﻿NY,,42.7057193,-73.79742519999999,,,,,,,,,,,﻿pupil,﻿500 pupils,﻿Under the direction of the Christian Brothers,1869.0,Albany
﻿alb.ny.0326,﻿asylum,﻿Asylum of St. Vincent,English,,,,,﻿Albany County,﻿Troy,﻿Troy,﻿NY,,42.718925299999995,-73.6875031,,,,,,﻿Brother,﻿---,,﻿Director,,﻿brother,﻿6 Brothers,﻿Under the direction of the Christian Brothers,1869.0,Albany
﻿alb.ny.0326,﻿asylum,﻿Asylum of St. Vincent,English,,,,,﻿Albany County,﻿Troy,﻿Troy,﻿NY,,42.718925299999995,-73.6875031,,,,,,,,,,,﻿orphan,﻿100 orphans,﻿Under the direction of the Christian Brothers,1869.0,Albany
﻿alb.ny.0327,﻿academy,﻿St. Mary's Academy,English,﻿Parochial school,,,,﻿Albany County,﻿Troy,﻿Troy,﻿NY,,43.310178,-73.6421072,,,,,,﻿Brother,﻿Josiah,,﻿Director,,﻿brother,﻿4 Brothers,﻿Under the direction of the Christian Brothers,1869.0,Albany
﻿alb.ny.0327,﻿academy,﻿St. Mary's Academy,English,﻿Parochial school,,,,﻿Albany County,﻿Troy,﻿Troy,﻿NY,,43.310178,-73.6421072,,,,,,,,,,,﻿pupil,﻿300 pupils,﻿Under the direction of the Christian Brothers,1869.0,Albany
﻿alb.ny.0328,﻿school,﻿St. Mary's Free School,English,,,,,﻿Albany County,﻿Troy,﻿Troy,﻿NY,,42.724157,-73.688675,,,,,,,,,,,﻿brother,﻿2 Brothers,﻿Under the direction of the Christian Brothers,1869.0,Albany
﻿alb.ny.0328,﻿school,﻿St. Mary's Free School,English,,,,,﻿Albany County,﻿Troy,﻿Troy,﻿NY,,42.724157,-73.688675,,,,,,,,,,,﻿pupil,﻿160 pupils,﻿Under the direction of the Christian Brothers,1869.0,Albany
﻿alb.ny.0329,﻿asylum,﻿St. John's Asylum,English,,,,,﻿Oneida County,﻿Utica,﻿Utica,﻿NY,,43.100903,-75.232664,,,,,,﻿Brother,﻿Clementian,,﻿Director,,﻿brother,﻿2 Brothers,﻿Under the direction of the Christian Brothers,1869.0,Albany
﻿alb.ny.0329,﻿asylum,﻿St. John's Asylum,English,,,,,﻿Oneida County,﻿Utica,﻿Utica,﻿NY,,43.100903,-75.232664,,,,,,,,,,,﻿orphan,﻿100 orphans,﻿Under the direction of the Christian Brothers,1869.0,Albany
﻿alb.ny.0330,﻿school,﻿St. John's School,English,,,,,﻿Oneida County,﻿Utica,﻿Utica,﻿NY,,43.1038626,-75.21289959999999,,,,,,,,,,,﻿brother,﻿5 Brothers,﻿Under the direction of the Christian Brothers,1869.0,Albany
﻿alb.ny.0330,﻿school,﻿St. John's School,English,,,,,﻿Oneida County,﻿Utica,﻿Utica,﻿NY,,43.1038626,-75.21289959999999,,,,,,,,,,,﻿pupil,﻿500 pupils,﻿Under the direction of the Christian Brothers,1869.0,Albany
﻿alb.ny.0331,﻿school,﻿St. Patrick's Parochial School,English,,,,,﻿Albany County,﻿West Troy,﻿Troy,﻿NY,,42.7284117,-73.69178509999999,,,,,,﻿Brother,﻿Adrian,,﻿Director,,﻿brother,﻿5 Brothers,﻿Under the direction of the Christian Brothers,1869.0,Albany
﻿alb.ny.0331,﻿school,﻿St. Patrick's Parochial School,English,,,,,﻿Albany County,﻿West Troy,﻿Troy,﻿NY,,42.7284117,-73.69178509999999,,,,,,,,,,,﻿pupil,﻿400 pupils,﻿Under the direction of the Christian Brothers,1869.0,Albany
﻿alb.ny.0332,"﻿school, asylum",﻿St. Joseph's School and Orphan Asylum,English,﻿Select School,,,,﻿Onondaga County,﻿Syracuse,﻿Syracuse,﻿NY,,43.0481221,-76.1474244,,,,,,﻿Bro.,﻿Leo,,﻿Director,,﻿brother,﻿5 Brothers,﻿Under the direction of the Christian Brothers,1869.0,Albany
﻿alb.ny.0332,"﻿school, asylum",﻿St. Joseph's School and Orphan Asylum,English,﻿Select School,,,,﻿Onondaga County,﻿Syracuse,﻿Syracuse,﻿NY,,43.0481221,-76.1474244,,,,,,,,,,,﻿pupil,﻿80 pupils,﻿Under the direction of the Christian Brothers,1869.0,Albany
﻿alb.ny.0332,"﻿school, asylum",﻿St. Joseph's School and Orphan Asylum,English,﻿Select School,,,,﻿Onondaga County,﻿Syracuse,﻿Syracuse,﻿NY,,43.0481221,-76.1474244,,,,,,,,,,,﻿orphan,﻿30 orphans,﻿Under the direction of the Christian Brothers,1869.0,Albany
﻿alb.ny.0334,"﻿novitiate, academy",﻿Novitiate and Academy of the Sacred Heart,English,,,,,﻿Albany County,﻿Kenwood,﻿Albany,﻿NY,,42.6236907,-73.77317690000001,,,,,,﻿Madame,﻿A. Hardy,,﻿Provincial and Superior,,,,﻿Under the direction of the Ladies of the Sacred Heart,1869.0,Albany
﻿alb.ny.0335,"﻿convent, academy",﻿Convent and Academy of the Sacred Heart,English,,﻿34 Beaver street,,,﻿Albany County,﻿Albany,﻿Albany,﻿NY,,42.6481806,-73.7522838,,,,,,﻿Madame,﻿Brennan,,﻿Superior,,,,﻿Under the direction of the Ladies of the Sacred Heart,1869.0,Albany
﻿alb.ny.0336,﻿school,﻿St. Joseph's Select Parochial and Industrial School,English,,,,,﻿Albany County,﻿Albany,﻿Albany,﻿NY,,42.65257929999999,-73.7562317,,,,,,﻿Sister,﻿Helen,,﻿Superior,,﻿sister,﻿8 Sisters,﻿Under the direction of the Sisters of Charity,1869.0,Albany
﻿alb.ny.0336,﻿school,﻿St. Joseph's Select Parochial and Industrial School,English,,,,,﻿Albany County,﻿Albany,﻿Albany,﻿NY,,42.65257929999999,-73.7562317,,,,,,,,,,,﻿pupil,﻿325 pupils,﻿Under the direction of the Sisters of Charity,1869.0,Albany
﻿alb.ny.0337,﻿school,﻿St. Mary's Select and Parochial School,English,,,,,﻿Albany County,﻿Albany,﻿Albany,﻿NY,,42.65257929999999,-73.7562317,,,,,,﻿Sister,﻿Mary,,﻿Superior,,﻿sister,﻿6 Sisters,﻿Under the direction of the Sisters of Charity,1869.0,Albany
﻿alb.ny.0337,﻿school,﻿St. Mary's Select and Parochial School,English,,,,,﻿Albany County,﻿Albany,﻿Albany,﻿NY,,42.65257929999999,-73.7562317,,,,,,,,,,,﻿pupil,﻿200 pupils,﻿Under the direction of the Sisters of Charity,1869.0,Albany
﻿alb.ny.0338,﻿school,﻿St. John's Select and Parochial School,English,,,,,﻿Albany County,﻿Albany,﻿Albany,﻿NY,,42.65257929999999,-73.7562317,,,,,,﻿Sister,﻿Felix,,﻿Superior,,﻿sister,﻿6 Sisters,﻿Under the direction of the Sisters of Charity,1869.0,Albany
﻿alb.ny.0338,﻿school,﻿St. John's Select and Parochial School,English,,,,,﻿Albany County,﻿Albany,﻿Albany,﻿NY,,42.65257929999999,-73.7562317,,,,,,,,,,,﻿pupil,﻿400 pupils,﻿Under the direction of the Sisters of Charity,1869.0,Albany
﻿alb.ny.0339,﻿asylum,﻿St. Vincent's Orphan Asylum,English,,,,,﻿Albany County,﻿Albany,﻿Albany,﻿NY,,42.65257929999999,-73.7562317,,,,,,﻿Sister,﻿Valentine,,﻿Superior,,﻿orphan,﻿106 orphans,﻿Under the direction of the Sisters of Charity,1869.0,Albany
﻿alb.ny.0340,﻿hospital,not recorded,English,,,,,﻿Albany County,﻿Troy,﻿Troy,﻿NY,,42.7284117,-73.69178509999999,,,,,,﻿Sister,﻿Stanislaus,,﻿Superior,,﻿sister,﻿7 Sisters,﻿Under the direction of the Sisters of Charity,1869.0,Albany
﻿alb.ny.0341,"﻿asylum, school",not recorded,English,﻿Orphan Asylum and School,,,,﻿Albany County,﻿Troy,﻿Troy,﻿NY,,42.7284117,-73.69178509999999,,,,,,﻿Sister,﻿Agnes,,﻿Superior,,,,﻿Under the direction of the Sisters of Charity,1869.0,Albany
﻿alb.ny.0342,﻿school,﻿St. John's Select and Parochial School,English,,,,,﻿Oneida County,﻿Utica,﻿Utica,﻿NY,,43.100903,-75.232664,,,,,,﻿Sister,﻿Philomena,,﻿Sister-Servant,,﻿sister,﻿5 Sisters,﻿Under the direction of the Sisters of Charity,1869.0,Albany
﻿alb.ny.0342,﻿school,﻿St. John's Select and Parochial School,English,,,,,﻿Oneida County,﻿Utica,﻿Utica,﻿NY,,43.100903,-75.232664,,,,,,,,,,,﻿pupil,﻿330 pupils,﻿Under the direction of the Sisters of Charity,1869.0,Albany
﻿alb.ny.0343,﻿asylum,﻿St. John's Orphan Asylum,English,,,,,﻿Oneida County,﻿Utica,﻿Utica,﻿NY,,43.100903,-75.232664,,,,,,,,,,,﻿sister,﻿5 Sisters,﻿Under the direction of the Sisters of Charity,1869.0,Albany
﻿alb.ny.0343,﻿asylum,﻿St. John's Orphan Asylum,English,,,,,﻿Oneida County,﻿Utica,﻿Utica,﻿NY,,43.100903,-75.232664,,,,,,,,,,,﻿orphan,﻿100 orphans,﻿Under the direction of the Sisters of Charity,1869.0,Albany
﻿alb.ny.0344,﻿asylum,﻿St. Mary's Orphan Asylum,English,,,,,﻿Onondaga County,﻿Syracuse,﻿Syracuse,﻿NY,,43.0481221,-76.1474244,,,,,,﻿Sister,﻿Titiana,,﻿Superior,,﻿orphan,﻿300 orphans,﻿Under the direction of the Sisters of Charity,1869.0,Albany
﻿alb.ny.0344,﻿asylum,﻿St. Mary's Orphan Asylum,English,,,,,﻿Onondaga County,﻿Syracuse,﻿Syracuse,﻿NY,,43.0481221,-76.1474244,,,,,,,,,,,﻿sister,﻿10 sisters,﻿Under the direction of the Sisters of Charity,1869.0,Albany
﻿alb.ny.0346,﻿school,not recorded,English,,﻿at Cathedral,,,﻿Albany County,﻿Albany,﻿Albany,﻿NY,,42.647478,-73.759623,,,,,,﻿Sister,﻿Theodore,,﻿Superior,,﻿sister,﻿7 Sisters,﻿Under the direction of the Sisters of St. Joseph,1869.0,Albany
﻿alb.ny.0346,﻿school,not recorded,English,,﻿at Cathedral,,,﻿Albany County,﻿Albany,﻿Albany,﻿NY,,42.647478,-73.759623,,,,,,,,,,,﻿girl,﻿250 girls,﻿Under the direction of the Sisters of St. Joseph,1869.0,Albany
﻿alb.ny.0347,﻿school,not recorded,﻿German,,﻿at Holy Cross Church,,,﻿Albany County,﻿Albany,﻿Albany,﻿NY,,42.65257929999999,-73.7562317,,,,,,﻿Sister,﻿Theodore,,﻿Superior,,﻿girl,﻿180 girls,﻿Under the direction of the Sisters of St. Joseph,1869.0,Albany
﻿alb.ny.0349,﻿school,not recorded,English,﻿Select School,,,,,﻿Troy,,﻿NY,,42.65257929999999,-73.7562317,,,,,,﻿Sister,﻿M. Frances,,﻿Superior,,﻿girl,﻿50 girls,﻿Under the direction of the Sisters of St. Joseph,1869.0,Albany
﻿alb.ny.0349,﻿school,﻿St. Joseph's Parochial School,English,﻿Select School,,,,﻿Albany County,﻿Troy,﻿Troy,﻿NY,,42.7284117,-73.69178509999999,,,,,,﻿Sister,﻿M. Frances,,﻿Superior,,﻿girl,﻿255 girls,﻿Under the direction of the Sisters of St. Joseph,1869.0,Albany
﻿alb.ny.0349,﻿school,﻿St. Joseph's Parochial School,English,﻿Select School,,,,﻿Albany County,﻿Troy,﻿Troy,﻿NY,,42.7284117,-73.69178509999999,,,,,,,,,,,﻿boy,﻿160 boys,﻿Under the direction of the Sisters of St. Joseph,1869.0,Albany
﻿alb.ny.0350,﻿school,﻿St. Peter's,English,﻿Select School,,,,﻿Albany County,﻿Troy,﻿Troy,﻿NY,,42.7232146,-73.6888745,,,,,,﻿Sister,﻿M. Charles,,﻿Superior,,﻿girl,﻿60 girls,﻿Under the direction of the Sisters of St. Joseph,1869.0,Albany
﻿alb.ny.0350,﻿school,﻿St. Peter's,English,﻿Parochial school,,,,﻿Albany County,﻿Troy,﻿Troy,﻿NY,,42.7232146,-73.6888745,,,,,,﻿Sister,﻿M. Charles,,﻿Superior,,﻿girl,﻿400 girls,﻿Under the direction of the Sisters of St. Joseph,1869.0,Albany
﻿alb.ny.0350,﻿school,﻿St. Peter's,English,﻿Parochial school,,,,﻿Albany County,﻿Troy,﻿Troy,﻿NY,,42.7232146,-73.6888745,,,,,,,,,,,﻿boy,﻿300 boys,﻿Under the direction of the Sisters of St. Joseph,1869.0,Albany
﻿alb.ny.0351,﻿house,﻿St. Joseph's Day Home,English,,,,,﻿Albany County,﻿Troy,﻿Troy,﻿NY,,42.723515,-73.689427,,,,,,﻿Sister,﻿M. Frances,,﻿Superior,,﻿child,﻿150 children,﻿Under the direction of the Sisters of St. Joseph,1869.0,Albany
﻿alb.ny.0352,﻿school,﻿St. Mary's Parochial School,English,,,,,﻿Oswego County,﻿Oswego,﻿Oswego,﻿NY,,43.4553461,-76.5104973,,,,,,﻿Sister,﻿M. Emmerentia,,﻿Superior,,﻿girl,﻿300 girls,﻿Under the direction of the Sisters of St. Joseph,1869.0,Albany
﻿alb.ny.0353,﻿school,not recorded,English,﻿Select School,,,,﻿Albany County,﻿Cohoes,﻿Cohoes,﻿NY,,42.7742446,-73.7001187,,,,,,﻿Sister,﻿M. Pelagia,,﻿Superior,,﻿girl,﻿60 girls,﻿Under the direction of the Sisters of St. Joseph,1869.0,Albany
﻿alb.ny.0354,﻿school,﻿St. Bernard's Parochial School,English,,,,,﻿Albany County,﻿Cohoes,﻿Cohoes,﻿NY,,42.7742446,-73.7001187,,,,,,﻿Sister,﻿M. Pelagia,,﻿Superior,,﻿girl,﻿200 girls,﻿Under the direction of the Sisters of St. Joseph,1869.0,Albany
﻿alb.ny.0354,﻿school,﻿St. Bernard's Parochial School,English,,,,,﻿Albany County,﻿Cohoes,﻿Cohoes,﻿NY,,42.7742446,-73.7001187,,,,,,,,,,,﻿boy,﻿150 boys,﻿Under the direction of the Sisters of St. Joseph,1869.0,Albany
﻿alb.ny.0354,﻿school,﻿St. Bernard's Parochial School,English,,,,,﻿Albany County,﻿Cohoes,﻿Cohoes,﻿NY,,42.7742446,-73.7001187,,,,,,,,,,,﻿sister,﻿7 sisters,﻿Under the direction of the Sisters of St. Joseph,1869.0,Albany
﻿alb.ny.0355,﻿school,not recorded,English,﻿Select School,,,,﻿Onondaga County,﻿Salina,﻿Salina,﻿NY,,43.1071537,-76.1762045,,,,,,﻿Sister,﻿Mary Evangelist,,﻿Superior,,﻿girl,﻿25 girls,﻿Under the direction of the Sisters of St. Joseph,1869.0,Albany
﻿alb.ny.0356,﻿school,﻿St. John the Baptist's Parochial School,English,,,,,﻿Onondaga County,﻿Salina,﻿Salina,﻿NY,,43.1071537,-76.1762045,,,,,,﻿Sister,﻿Mary Evangelist,,﻿Superior,,﻿girl,﻿200 girls,﻿Under the direction of the Sisters of St. Joseph,1869.0,Albany
﻿alb.ny.0356,﻿school,﻿St. John the Baptist's Parochial School,English,,,,,﻿Onondaga County,﻿Salina,﻿Salina,﻿NY,,43.1071537,-76.1762045,,,,,,,,,,,﻿boy,﻿100 boys,﻿Under the direction of the Sisters of St. Joseph,1869.0,Albany
﻿alb.ny.0357,﻿school,not recorded,English,﻿Select School,,,,﻿Saratoga County,﻿Saratoga Springs,﻿Saratoga Springs,﻿NY,,43.083130100000005,-73.7845651,,,,,,﻿Sister,﻿Seraphina,,﻿Superior,,﻿girl,﻿25 girls,﻿Under the direction of the Sisters of St. Joseph,1869.0,Albany
﻿alb.ny.0358,﻿school,not recorded,English,﻿Parochial School,,,,﻿Saratoga County,﻿Saratoga Springs,﻿Saratoga Springs,﻿NY,,43.083130100000005,-73.7845651,,,,,,,,,,,﻿sister,﻿4 Sisters,﻿Under the direction of the Sisters of St. Joseph,1869.0,Albany
﻿alb.ny.0358,﻿school,not recorded,English,﻿Parochial School,,,,﻿Saratoga County,﻿Saratoga Springs,﻿Saratoga Springs,﻿NY,,43.083130100000005,-73.7845651,,,,,,,,,,,﻿child,﻿130 boys and girls,﻿Under the direction of the Sisters of St. Joseph,1869.0,Albany
﻿alb.ny.0359,﻿school,not recorded,English,﻿Select School,,,,﻿Broome County,﻿Binghampton,﻿Binghamton,﻿NY,,42.0986867,-75.9179738,,,,,,﻿Sister,﻿Dorothea,,﻿Superior,,﻿girl,﻿60 girls,﻿Under the direction of the Sisters of St. Joseph,1869.0,Albany
﻿alb.ny.0360,﻿school,not recorded,English,﻿Parochial School,,,,﻿Broome County,﻿Binghampton,﻿Binghamton,﻿NY,,42.0986867,-75.9179738,,,,,,,,,,,﻿sister,﻿4 Sisters,﻿Under the direction of the Sisters of St. Joseph,1869.0,Albany
﻿alb.ny.0360,﻿school,not recorded,English,﻿Parochial School,,,,﻿Broome County,﻿Binghampton,﻿Binghamton,﻿NY,,42.0986867,-75.9179738,,,,,,,,,,,﻿girl,﻿165 girls,﻿Under the direction of the Sisters of St. Joseph,1869.0,Albany
﻿alb.ny.0360,﻿school,not recorded,English,﻿Parochial School,,,,﻿Broome County,﻿Binghampton,﻿Binghamton,﻿NY,,42.0986867,-75.9179738,,,,,,,,,,,﻿boy,﻿78 boys,﻿Under the direction of the Sisters of St. Joseph,1869.0,Albany
﻿alb.ny.0363,"﻿convent, novitiate",﻿Mother House and Novitiate of St. Anthony of Padua,English,,,,,﻿Onondaga County,﻿Syracuse,﻿Syracuse,﻿NY,,43.023893900000004,-76.15038879999999,,,,,,﻿Mother,﻿Clementia,,﻿Superior,,﻿sister,﻿10 Sisters,﻿Under the direction of the Sisters of the Third Order of St. Francis,1869.0,Albany
﻿alb.ny.0363,"﻿convent, novitiate",﻿Mother House and Novitiate of St. Anthony of Padua,English,,,,,﻿Onondaga County,﻿Syracuse,﻿Syracuse,﻿NY,,43.023893900000004,-76.15038879999999,,,,,,﻿Sister,﻿Theresa,,﻿Mistress of Novices,,﻿novice,﻿4 novices,﻿Under the direction of the Sisters of the Third Order of St. Francis,1869.0,Albany
﻿alb.ny.0364,﻿school,﻿Parochial School of the Church of the Assumption,English,,,,,﻿Onondaga County,﻿Syracuse,﻿Syracuse,﻿NY,,43.062549,-76.154036,,,,,,﻿Sister,﻿Dominica,,﻿Superior,,﻿child,﻿600 children,﻿Under the direction of the Sisters of the Third Order of St. Francis,1869.0,Albany
﻿alb.ny.0365,﻿convent,﻿Convent of St. Clara,English,,,,,﻿Oneida County,﻿Utica,﻿Utica,﻿NY,,43.100903,-75.232664,,,,,,﻿Sister,﻿Mary Ann,,﻿Superior,,﻿sister,﻿10 Sisters,﻿Under the direction of the Sisters of the Third Order of St. Francis,1869.0,Albany
﻿alb.ny.0366,﻿school,﻿St. Joseph's Parochial School,English,,,,,﻿Oneida County,﻿Utica,﻿Utica,﻿NY,,43.100903,-75.232664,,,,,,﻿Sister,﻿Clara,,﻿Superior,,﻿child,﻿500 children,﻿Under the direction of the Sisters of the Third Order of St. Francis,1869.0,Albany
﻿alb.ny.0367,﻿school,﻿St. Patrick's Parochial School,English,,,,,﻿Oneida County,﻿Utica,﻿Utica,﻿NY,,43.100903,-75.232664,,,,,,﻿Sister,﻿Mechlildis,,﻿Superior,,﻿child,﻿150 children,﻿Under the direction of the Sisters of the Third Order of St. Francis,1869.0,Albany
﻿alb.ny.0368,﻿hospital,﻿Hospital of St. Elizabeth,English,,,,,﻿Oneida County,﻿Utica,﻿Utica,﻿NY,,43.082273799999996,-75.2656515,,,,,,﻿Sister,﻿Bernadina,,﻿Superior,,﻿sister,﻿5 Sisters,﻿Under the direction of the Sisters of the Third Order of St. Francis,1869.0,Albany
﻿alb.ny.0369,﻿convent,not recorded,English,,,,,﻿Oneida County,﻿Rome,﻿Rome,﻿NY,,43.2128473,-75.4557303,,,,,,﻿Mother,﻿Clara,,﻿Superior,,﻿sister,﻿3 Sisters,﻿Under the direction of the Sisters of the Third Order of St. Francis,1869.0,Albany
﻿alb.ny.0370,﻿school,﻿Parochial School of the Church of the Assumption,English,,,,,﻿Oneida County,﻿Rome,﻿Rome,﻿NY,,43.2128473,-75.4557303,,,,,,,,,,,﻿child,﻿200 boys and girls,﻿Under the direction of the Sisters of the Third Order of St. Francis,1869.0,Albany
﻿alb.ny.0371,﻿school,﻿St. Joseph's Parochial School,English,,,,,﻿Schenectady County,﻿Schenectady,﻿Schenectady,﻿NY,,42.8142432,-73.93956870000001,,,,,,﻿Mother,﻿Joseph,,﻿Superior,,﻿sister,﻿4 Sisters,﻿Under the direction of the Sisters of the Third Order of St. Francis,1869.0,Albany
﻿alb.ny.0371,﻿school,﻿St. Joseph's Parochial School,English,,,,,﻿Schenectady County,﻿Schenectady,﻿Schenectady,﻿NY,,42.8142432,-73.93956870000001,,,,,,,,,,,﻿child,﻿250 children,﻿Under the direction of the Sisters of the Third Order of St. Francis,1869.0,Albany
﻿alb.ny.0372,﻿school,﻿St. Peter's Parochial School,﻿German,,,,,﻿Oswego County,﻿Oswego,﻿Oswego,﻿NY,,43.4547032,-76.49844279999999,,,,,,﻿Mother,﻿Mary Joseph,,﻿Superior,,﻿sister,﻿4 Sisters,﻿Under the direction of the Sisters of the Third Order of St. Francis,1869.0,Albany
﻿alb.ny.0374,﻿school,not recorded,English,,,,,﻿Albany County,﻿East Albany,﻿Albany,﻿NY,,42.627645,-73.755818,,,,,,﻿Mother,﻿Mary Vincent,,﻿Superior,,﻿sister,﻿9 Sisters,﻿Under the direction of the Sisters of Mercy,1869.0,Albany
﻿alb.ny.0374,﻿school,not recorded,English,,,,,﻿Albany County,﻿East Albany,﻿Albany,﻿NY,,42.627645,-73.755818,,,,,,,,,,,﻿employed,﻿7 employed in school,﻿Under the direction of the Sisters of Mercy,1869.0,Albany
﻿alb.ny.0374,﻿school,not recorded,English,,,,,﻿Albany County,﻿East Albany,﻿Albany,﻿NY,,42.627645,-73.755818,,,,,,,,,,,﻿girl,﻿182 girls,﻿Under the direction of the Sisters of Mercy,1869.0,Albany
﻿alb.ny.0374,﻿school,not recorded,English,,,,,﻿Albany County,﻿East Albany,﻿Albany,﻿NY,,42.627645,-73.755818,,,,,,,,,,,﻿boy,﻿230 boys,﻿Under the direction of the Sisters of Mercy,1869.0,Albany
﻿alb.ny.0375,﻿school,not recorded,English,﻿academy,,,,﻿Clinton County,﻿Plattsburgh,﻿Plattsburgh,﻿NY,,44.699487299999994,-73.4529124,,,,,,﻿Sister,﻿St. Petre,,﻿Superior,,﻿sister,﻿11 Sisters,﻿Under the direction of the Grey Nuns,1869.0,Albany
﻿alb.ny.0375,﻿school,not recorded,English,﻿academy,,,,﻿Clinton County,﻿Plattsburgh,﻿Plattsburgh,﻿NY,,44.699487299999994,-73.4529124,,,,,,,,,,,﻿pupil,﻿56 pupils in the Academy,﻿Under the direction of the Grey Nuns,1869.0,Albany
﻿alb.ny.0375,﻿school,not recorded,English,﻿parochial school,,,,﻿Clinton County,﻿Plattsburgh,﻿Plattsburgh,﻿NY,,44.699487299999994,-73.4529124,,,,,,﻿Sister,﻿St. Petre,,﻿Superior,,﻿sister,﻿11 Sisters,﻿Under the direction of the Grey Nuns,1869.0,Albany
﻿alb.ny.0375,﻿school,not recorded,English,﻿parochial school,,,,﻿Clinton County,﻿Plattsburgh,﻿Plattsburgh,﻿NY,,44.699487299999994,-73.4529124,,,,,,,,,,,﻿girl,﻿231 girls in the Parochial School,﻿Under the direction of the Grey Nuns,1869.0,Albany
﻿alb.ny.0375,﻿school,not recorded,English,﻿parochial school,,,,﻿Clinton County,﻿Plattsburgh,﻿Plattsburgh,﻿NY,,44.699487299999994,-73.4529124,,,,,,,,,,,﻿boy,﻿208 boys in the Parochial School,﻿Under the direction of the Grey Nuns,1869.0,Albany
﻿alb.ny.0376,"﻿academy, school",﻿Academy and School de Notre Dame des Victoires,English,﻿select school,,,,﻿St. Lawrence County,﻿Ogdensburgh,﻿Ogdensburg,﻿NY,,43.2994285,-74.21793259999998,,,,,,﻿Sister,﻿Louise,,﻿Superior,,﻿sister,﻿12 Sisters,﻿Under the direction of the Grey Nuns,1869.0,Albany
﻿alb.ny.0376,"﻿academy, school",﻿Academy and School de Notre Dame des Victoires,English,﻿select school,,,,﻿St. Lawrence County,﻿Ogdensburgh,﻿Ogdensburg,﻿NY,,43.2994285,-74.21793259999998,,,,,,,,,,,﻿pupil,﻿47 pupils in the Select School,﻿Under the direction of the Grey Nuns,1869.0,Albany
﻿alb.ny.0376,"﻿academy, school",﻿Academy and School de Notre Dame des Victoires,English,﻿parochial school,,,,﻿St. Lawrence County,﻿Ogdensburgh,﻿Ogdensburg,﻿NY,,43.2994285,-74.21793259999998,,,,,,﻿Sister,﻿Louise,,﻿Superior,,﻿sister,﻿12 Sisters,﻿Under the direction of the Grey Nuns,1869.0,Albany
﻿alb.ny.0376,"﻿academy, school",﻿Academy and School de Notre Dame des Victoires,English,﻿parochial school,,,,﻿St. Lawrence County,﻿Ogdensburgh,﻿Ogdensburg,﻿NY,,43.2994285,-74.21793259999998,,,,,,,,,,,﻿pupil,﻿292 pupils in the Parochial School,﻿Under the direction of the Grey Nuns,1869.0,Albany
﻿alb.ny.0378,﻿school,not recorded,English,,,,,﻿Schenectady County,﻿Schenectady,﻿Schenectady,﻿NY,,42.8142432,-73.93956870000001,,,,,,﻿Sister,﻿Eugenia,,﻿Superior,,﻿sister,﻿8 Sisters,﻿Under the direction of the Sisters of Jesus and Mary,1869.0,Albany
﻿alb.ny.0378,﻿school,not recorded,English,,,,,﻿Schenectady County,﻿Schenectady,﻿Schenectady,﻿NY,,42.8142432,-73.93956870000001,,,,,,,,,,,﻿pupil,﻿325 pupils,﻿Under the direction of the Sisters of Jesus and Mary,1869.0,Albany
﻿alb.ny.0379,﻿school,not recorded,English,,,,,﻿Oneida County,﻿Rome,﻿Rome,﻿NY,,43.2128473,-75.4557303,,,,,,﻿Sister,﻿De Bon Secour,,﻿Superior,,﻿sister,﻿4 Sisters,﻿Under the direction of the Sisters of Jesus and Mary,1869.0,Albany
﻿alb.ny.0379,﻿school,not recorded,English,,,,,﻿Oneida County,﻿Rome,﻿Rome,﻿NY,,43.2128473,-75.4557303,,,,,,,,,,,﻿pupil,﻿150 pupils,﻿Under the direction of the Sisters of Jesus and Mary,1869.0,Albany
﻿alb.ny.0380,﻿school,﻿St. Paul's Select and Parochial School,English,﻿select school,,,,﻿Oswego County,﻿Oswego,﻿Oswego,﻿NY,,43.4553461,-76.5104973,,,,,,﻿Sister,﻿Mary Stanislaus,,﻿Superior,,﻿sister,﻿4 Sisters,﻿Under the direction of the Sisters of St. Ann,1869.0,Albany
﻿alb.ny.0380,﻿school,﻿St. Paul's Select and Parochial School,English,﻿parochial school,,,,﻿Oswego County,﻿Oswego,﻿Oswego,﻿NY,,43.4553461,-76.5104973,,,,,,﻿Sister,﻿Mary Stanislaus,,﻿Superior,,﻿sister,﻿4 Sisters,﻿Under the direction of the Sisters of St. Ann,1869.0,Albany
