instID,church_type,instName,language,instNote,placeName,region,county_orig,county_reg,city_orig,city_reg,state_orig,state_reg,latitude,longitude,attendingInstID,attendingChurch,attendingChurchFrequency,attendingChurchNote,persID,persTitle,persName,persSuffix,persRole,persNote,memberType,member,affiliated,year,diocese
﻿gra.ca.0001,﻿church,﻿St. Joseph's Church,English,,,,,﻿Yuba County,﻿Marysville,﻿Marysville,﻿CA,﻿CA,39.1429134,-121.58828179999999,,,,,﻿eug_oconnell_001,﻿Rt. Rev.,﻿Eugene O'Connell,﻿D.D.,,,,,,1870.0,GrassValley
﻿gra.ca.0001,﻿church,﻿St. Joseph's Church,English,,,,,﻿Yuba County,﻿Marysville,﻿Marysville,﻿CA,,39.1429134,-121.58828179999999,,,,,﻿w_molony_001,﻿Rev.,﻿W. Molony,,,,,,,1870.0,GrassValley
﻿gra.ca.0001,﻿church,﻿St. Joseph's Church,English,,,,,﻿Yuba County,﻿Marysville,﻿Marysville,﻿CA,,39.1429134,-121.58828179999999,,,,,﻿and_andolsheck_001,﻿Rev.,﻿Andrew Andolsheck,,,,,,,1870.0,GrassValley
﻿gra.ca.0002,﻿church,not recorded,English,,,,﻿Mendocino County,﻿Mendocino County,﻿Albion,﻿Albion,﻿CA,﻿CA,39.223240600000004,-123.7680598,﻿gra.ca.0048,﻿attended from Mendocino City,﻿once a month,,,,,,,,,,,1870.0,GrassValley
﻿gra.ca.0003,﻿church,not recorded,English,,,,﻿Sierra County,﻿Sierra County,﻿Alleghany Town,﻿Alleghany,﻿CA,﻿CA,39.4692306,-120.8429926,﻿gra.ca.0021,﻿church attended from Downiville,﻿once a month,,,,,,,,,,,1870.0,GrassValley
﻿gra.ca.0004,﻿church,not recorded,English,,,﻿Anderson Valley,﻿Mendocino County,﻿Mendocino County,,,﻿CA,﻿CA,39.5500194,-123.438353,﻿gra.ca.0048,﻿attended from Mendocino City,﻿once in three months,,,,,,,,,,,1870.0,GrassValley
﻿gra.ca.0005,﻿church,not recorded,English,,,,﻿Trinity County,﻿Trinity County,﻿Big Flat,﻿Big Flat,﻿CA,﻿CA,40.74080463,-123.2074406,﻿gra.ca.0076,﻿visited from Weaverville,﻿occassionally,,,,,,,,,,,1870.0,GrassValley
﻿gra.ca.0006,﻿church,not recorded,English,,,,﻿Nevada County,﻿Nevada County,﻿Birchville,﻿Birchville,﻿CA,﻿CA,39.326896999999995,-121.142769,﻿gra.ca.0035,﻿attended from Grass Valley,﻿every second month,,,,,,,,,,,1870.0,GrassValley
﻿gra.ca.0007,﻿church,﻿St. Mary's,English,,,,﻿Yuba County,﻿Yuba County,﻿Brown's Valley,﻿Browns Valley,﻿CA,﻿CA,39.2421139,-121.40912970000001,﻿gra.ca.0001,﻿attended from Marysville,﻿twice a month,,,,,,,,,,,1870.0,GrassValley
﻿gra.ca.0008,﻿church,not recorded,English,,﻿Butte House,,﻿Yuba County,﻿Sutter County,,,﻿CA,﻿CA,39.168056,-121.741,﻿gra.ca.0001,﻿visited from Marysville,﻿occasionally,,,,,,,,,,,1870.0,GrassValley
﻿gra.ca.0009,﻿church,﻿SS. John and Paul's,English,,,,﻿Siskiyou County,﻿Siskiyou County,﻿Callaghan's Ranch,﻿Callahan,﻿CA,﻿CA,41.309588399999996,-122.80141770000002,﻿gra.ca.0079,﻿attended from Yreka,﻿once a month,,,,,,,,,,,1870.0,GrassValley
﻿gra.ca.0010,﻿church,not recorded,English,,,,﻿Trinity County,﻿Trinity County,﻿Canyon City,,﻿CA,﻿CA,40.83003745,-123.05337379999999,﻿gra.ca.0076,﻿visited from Weaverville,﻿occasionally,,,,,,,,,,,1870.0,GrassValley
﻿gra.ca.0011,﻿church,not recorded,English,,,,﻿Mendocino County,﻿Mendocino County,﻿Caspar,﻿Caspar,﻿CA,﻿CA,39.364922299999996,-123.8144752,﻿gra.ca.0048,﻿visited from Mendocino City,﻿occasionally,,,,,,,,,,,1870.0,GrassValley
﻿gra.ca.0012,﻿church,not recorded,English,,,,﻿Yuba County,﻿Nevada County,﻿Celestial Valley,﻿North San Juan,﻿CA,﻿CA,39.3700973,-121.1038655,﻿gra.ca.0021,﻿visited from Downieville,﻿occasionally,,,,,,,,,,,1870.0,GrassValley
﻿gra.ca.0013,﻿church,﻿St. Patrick's,English,,,,﻿Nevada County,﻿Nevada County,﻿Cherokee,﻿Cherokee,﻿CA,﻿CA,39.1346666,-121.1710389,﻿gra.ca.0035,﻿attended from Grass Valley,﻿once a month,,,,,,,,,,,1870.0,GrassValley
﻿gra.ca.0014,﻿church,﻿Holy Cross,English,,,,﻿Butte County,﻿Butte County,﻿Cherokee Flat,﻿Cherokee,﻿CA,﻿CA,39.6462111,-121.5387143,﻿gra.ca.0057,﻿attended from Oroville,﻿once a month,,,,,,,,,,,1870.0,GrassValley
﻿gra.ca.0015,﻿church,not recorded,English,,,,﻿Butte County,﻿Butte County,﻿Chiko,﻿Chico,﻿CA,﻿CA,39.7282839,-121.83799779999998,﻿gra.ca.0057,﻿visited from Oroville,﻿occasionally,,,,,,,,,,,1870.0,GrassValley
﻿gra.ca.0016,﻿church,not recorded,English,,,,﻿Nevada County,﻿Washoe County,﻿Crystal Peak,,﻿CA,﻿NV,39.5249007,-120.0021747,﻿gra.ca.0100,"﻿church attended from Truckee, Nevada",﻿once a month,,,,,,,,,,,1870.0,GrassValley
﻿gra.ca.0017,﻿church,not recorded,English,,,,﻿Placer County,﻿Placer County,﻿Colfax,﻿Colfax,﻿CA,﻿CA,39.100729799999996,-120.95327590000001,﻿gra.ca.0027,﻿attended from Forest Hill,﻿once a month,,,,,,,,,,,1870.0,GrassValley
﻿gra.ca.0018,﻿church,not recorded,English,,,,﻿Colusi County,﻿Colusa County,﻿Colusi,﻿Colusa,﻿CA,﻿CA,39.2143343,-122.0094175,﻿gra.ca.0057,﻿visited from Oroville,﻿occasionally,,,,,,,,,,,1870.0,GrassValley
﻿gra.ca.0019,﻿church,not recorded,English,,,,﻿Del Norte County,﻿Del Norte County,﻿Crescent City,﻿Crescent City,﻿CA,﻿CA,41.7557501,-124.2025913,﻿gra.ca.0023,﻿visited from Eureka,﻿occasionally,,,,,,,,,,,1870.0,GrassValley
﻿gra.ca.0020,﻿church,not recorded,English,,,,﻿Trinity County,﻿Trinity County,﻿Douglas City,﻿Douglas City,﻿CA,﻿CA,40.6518023,-122.9438195,﻿gra.ca.0076,﻿visited from Weaverville,﻿occasionally,,,,,,,,,,,1870.0,GrassValley
﻿gra.ca.0021,﻿church,﻿Immaculate Conception,English,,,,﻿Sierra County,﻿Sierra County,﻿Downieville,﻿Downieville,﻿CA,﻿CA,39.5595198,-120.8276966,,,﻿divine service once a month in summer,,﻿cha_m_lynch_001,﻿Rev.,﻿Charles M. Lynch,,﻿pastor,,,,,1870.0,GrassValley
﻿gra.ca.0022,﻿church,not recorded,English,,,,﻿Placer County,﻿Placer County,﻿Dutch Flat,﻿Dutch Flat,﻿CA,﻿CA,39.2059586,-120.83781029999999,﻿gra.ca.0027,﻿church attended from Forest Hill,,,,,,,,,,,,1870.0,GrassValley
﻿gra.ca.0023,﻿church,not recorded,English,,,,﻿Humboldt County,﻿Humboldt County,﻿Eureka,﻿Eureka,﻿CA,﻿CA,40.80207120000001,-124.16367290000001,,,,,﻿p_henneberry_001,﻿Very Rev.,﻿P. Henneberry,﻿C.PP.S.,﻿pastor,,,,,1870.0,GrassValley
﻿gra.ca.0024,﻿church,not recorded,English,,,,﻿Nevada County,,﻿Fall Creek,,﻿CA,﻿CA,39.3820226,-120.65858909999999,﻿gra.ca.0035,﻿attended from Grass Valley,﻿every third month,,,,,,,,,,,1870.0,GrassValley
﻿gra.ca.0025,﻿church,not recorded,English,,,,﻿Butte County,﻿Butte County,﻿Forbestown,﻿Forbestown,﻿CA,﻿CA,39.5171268,-121.26718249999999,﻿gra.ca.0057,﻿visited from Oroville,﻿occasionally,,,,,,,,,,,1870.0,GrassValley
﻿gra.ca.0026,﻿church,not recorded,English,,,,﻿Sierra County,﻿Sierra County,﻿Forest City,﻿Forest,﻿CA,﻿CA,39.490349,-120.849228,﻿gra.ca.0021,﻿church attended from Downieville,﻿once a month,,,,,,,,,,,1870.0,GrassValley
﻿gra.ca.0027,﻿church,﻿St. Joseph's,English,,,,﻿Placer County,﻿Placer County,﻿Forest Hill,﻿Foresthill,﻿CA,﻿CA,39.0201768,-120.81798909999998,,,,,﻿d_meagher_001,﻿Rev.,﻿D. Meagher,,﻿pastor,,,,,1870.0,GrassValley
﻿gra.ca.0028,﻿church,not recorded,English,,,,﻿Siskiyou County,﻿Siskiyou County,﻿Fort Jones,﻿Fort Jones,﻿CA,﻿CA,41.6076387,-122.84030990000002,﻿gra.ca.0079,﻿attended from Yreka,,,,,,,,,,,,1870.0,GrassValley
﻿gra.ca.0029,﻿church,not recorded,English,,,,﻿Yuba County,﻿Yuba County,﻿Foster's Bar,,﻿CA,﻿CA,39.43149381,-121.19158940000001,﻿gra.ca.0001,﻿attended from Marysville,﻿every third month,,,,,,,,,,,1870.0,GrassValley
﻿gra.ca.0030,﻿church,not recorded,English,,,,﻿Nevada County,﻿Nevada County,﻿French Coral,﻿French Corral,﻿CA,﻿CA,39.306003499999996,-121.16134450000001,﻿gra.ca.0035,﻿attended from Grass Valley,﻿every second month,,,,,,,,,,,1870.0,GrassValley
﻿gra.ca.0031,﻿church,﻿St. Patrick's,English,,,,﻿Shasta County,﻿Shasta County,﻿French Gulch,﻿French Gulch,﻿CA,﻿CA,40.7007031,-122.63835120000002,,﻿attended from Shasta,﻿once a month,,,,,,,,,,,1870.0,GrassValley
﻿gra.ca.0032,﻿church,not recorded,English,,,,﻿Nevada County,,﻿George's Bar,,﻿CA,﻿CA,39.1346666,-121.1710389,﻿gra.ca.0035,﻿visited from Grass Valley,﻿occasionally,,,,,,,,,,,1870.0,GrassValley
﻿gra.ca.0033,﻿church,not recorded,English,,,,﻿Sierra County,﻿Sierra County,﻿Goodyear's Bar,﻿Goodyear's Bar,﻿CA,﻿CA,39.5421637,-120.88566850000001,﻿gra.ca.0021,﻿church attended from Downieville,﻿once every month,,,,,,,,,,,1870.0,GrassValley
﻿gra.ca.0034,﻿church,not recorded,English,,,,﻿Colusi County,﻿Colusa County,﻿Grand Island,﻿Grand Island,﻿CA,﻿CA,39.0660049,-121.8683024,﻿gra.ca.0001,﻿attended from Marysville,﻿every second month,,,,,,,,,,,1870.0,GrassValley
﻿gra.ca.0035,﻿church,﻿St. Patrick's,English,,,,﻿Nevada County,﻿Nevada County,﻿Grass Valley,﻿Grass Valley,﻿CA,﻿CA,39.213689200000005,-121.07334579999998,,,,,﻿tho_j_dalton_001,﻿Rev.,﻿Thomas J. Dalton,,﻿pastor,,,,,1870.0,GrassValley
﻿gra.ca.0035,﻿church,﻿St. Patrick's,English,,,,﻿Nevada County,﻿Nevada County,﻿Grass Valley,﻿Grass Valley,﻿CA,,39.213689200000005,-121.07334579999998,,,,,﻿l_kennedy_001,﻿Rev.,﻿L. Kennedy,,﻿vice-pastor,,,,,1870.0,GrassValley
﻿gra.ca.0036,﻿church,not recorded,English,,,,﻿Plumas County,,﻿Hopkinsville,,﻿CA,﻿CA,39.9926832,-120.80394740000001,﻿gra.ca.0021,﻿visited from Downieville,﻿occasionally,,,,,,,,,,,1870.0,GrassValley
﻿gra.ca.0037,﻿church,not recorded,English,,,,﻿Yuba County,,﻿Horse Creek,,﻿CA,﻿CA,41.8240206,-122.9969825,﻿gra.ca.0021,﻿visited from Downieville,﻿occasionally,,,,,,,,,,,1870.0,GrassValley
﻿gra.ca.0038,﻿church,﻿Assumption of B.V.M.,English,,,,﻿Shasta County,﻿Shasta County,﻿Horsetown,﻿Horsetown,﻿CA,﻿CA,40.7908864,-121.84744930000001,,﻿attended from Shasta,,,,,,,,,,,,1870.0,GrassValley
﻿gra.ca.0039,﻿church,not recorded,English,,,,﻿Placer County,﻿Placer County,﻿Horseshoe Bar,﻿Foresthill,﻿CA,﻿CA,39.0201768,-120.81798909999998,﻿gra.ca.0027,﻿visited from Forest Hill,﻿once a month,,,,,,,,,,,1870.0,GrassValley
﻿gra.ca.0040,﻿church,not recorded,English,,,,﻿Sierra County,﻿Sierra County,﻿Howland Flat,,﻿CA,﻿CA,39.71538639,-120.8867932,﻿gra.ca.0021,﻿church attended from Downieville,﻿once a month,,,,,,,,,,,1870.0,GrassValley
﻿gra.ca.0041,﻿church,not recorded,English,,,,﻿Humboldt County,﻿Humboldt County,﻿Hydesville,﻿Hydesville,﻿CA,﻿CA,40.5476338,-124.097272,﻿gra.ca.0023,﻿visited from Eureka,﻿occasionally,,,,,,,,,,,1870.0,GrassValley
﻿gra.ca.0042,﻿church,﻿St. Joseph's,English,,,,﻿Placer County,﻿Placer County,﻿Iowa Hill,﻿Iowa Hill,﻿CA,﻿CA,39.1085091,-120.8593823,﻿gra.ca.0027,﻿attended from Forest Hill,﻿once a month,,,,,,,,,,,1870.0,GrassValley
﻿gra.ca.0043,﻿church,not recorded,English,,,,﻿Yuba County,,﻿Johnston's Crossing of Bear River,,﻿CA,﻿CA,39.02754166,-121.3489057,﻿gra.ca.0001,﻿attended from Marysville,﻿every third month,,,,,,,,,,,1870.0,GrassValley
﻿gra.ca.0044,﻿church,not recorded,English,,,,﻿Butte County,,﻿Kentucky Ranch,,﻿CA,﻿CA,39.50088089,-121.86117069999999,﻿gra.ca.0057,﻿visited from Oroville,﻿occasionally,,,,,,,,,,,1870.0,GrassValley
﻿gra.ca.0045,﻿church,not recorded,English,,,,﻿Sierra County,﻿Plumas County,﻿La Porte,﻿La Porte,﻿CA,﻿CA,39.6821146,-120.9841206,﻿gra.ca.0021,﻿church attended from Downieville,﻿once a month,,,,,,,,,,,1870.0,GrassValley
﻿gra.ca.0046,﻿church,not recorded,English,,,,﻿Yuba County,,﻿Linda Township,﻿Linda,﻿CA,﻿CA,39.13048909,-121.5522864,﻿gra.ca.0001,﻿visited from Marysville,﻿occasionally,,,,,,,,,,,1870.0,GrassValley
﻿gra.ca.0047,﻿church,not recorded,English,,,,﻿Nevada County,,﻿Lowell Hill,,﻿CA,﻿CA,39.2644555,-120.78395309999999,﻿gra.ca.0027,﻿attended from Forest Hill,﻿every second month,,,,,,,,,,,1870.0,GrassValley
﻿gra.ca.0048,﻿church,not recorded,English,,,,﻿Mendocino County,﻿Mendocino County,﻿Mendocino City,﻿Mendocino City,﻿CA,﻿CA,39.3076744,-123.7994591,,,,,﻿t_rooney_001,﻿Rev.,﻿T. Rooney,,﻿pastor,,,,,1870.0,GrassValley
﻿gra.ca.0048,﻿church,not recorded,English,,,,﻿Mendocino County,﻿Mendocino County,﻿Mendocino City,﻿Mendocino City,﻿CA,,39.3076744,-123.7994591,,,,,﻿luc_osuna_001,﻿Rev.,﻿Luciano Osuna,,﻿assistant,,,,,1870.0,GrassValley
﻿gra.ca.0049,﻿church,not recorded,English,,,,﻿Placer County,﻿Placer County,﻿Michigan Bluff,﻿Michigan Bluff,﻿CA,﻿CA,39.042955600000006,-120.74131909999998,﻿gra.ca.0027,﻿church attended from Forest Hill,﻿once a month,,,,,,,,,,,1870.0,GrassValley
﻿gra.ca.0050,﻿church,﻿St. Thomas',English,,,,﻿Nevada County,﻿Nevada County,﻿Moore's Flat,﻿Moores Flat,﻿CA,﻿CA,39.4191667,-120.85083329999999,﻿gra.ca.0035,﻿attended from Grass Valley,﻿every second month,,,,,,,,,,,1870.0,GrassValley
﻿gra.ca.0051,﻿church,not recorded,English,,,,﻿Sierra County,,﻿Mugginsville,,﻿CA,﻿CA,41.5734702,-122.95170149999998,﻿gra.ca.0021,﻿attended from Downieville,﻿occasionally,,,,,,,,,,,1870.0,GrassValley
﻿gra.ca.0052,﻿church,not recorded,English,,,,﻿Mendocino County,﻿Mendocino County,﻿Navarro,﻿Navarro,﻿CA,﻿CA,39.152721299999996,-123.54470049999999,﻿gra.ca.0048,﻿attended from Mendocino City,﻿once a month,,,,,,,,,,,1870.0,GrassValley
﻿gra.ca.0053,﻿church,﻿St. Canice,English,,,,﻿Nevada County,﻿Nevada County,﻿Nevada Town,﻿Nevada City,﻿CA,﻿CA,39.257363299999994,-121.0285101,,,,,﻿jj_clare_001,﻿Rev.,﻿J.J. Clare,,﻿pastor,,,,,1870.0,GrassValley
﻿gra.ca.0054,﻿church,not recorded,English,,,,﻿Nevada County,﻿Nevada County,﻿North San Juan,﻿North San Juan,﻿CA,﻿CA,39.3700973,-121.1038655,﻿gra.ca.0035,﻿attended from Grass Valley,﻿every second month,,,,,,,,,,,1870.0,GrassValley
﻿gra.ca.0055,﻿church,not recorded,English,,,,﻿Nevada County,﻿Nevada County,﻿Omega,﻿Omega,﻿CA,﻿CA,39.3333299,-120.74833000000001,﻿gra.ca.0035,﻿attended from Grass Valley,﻿every second month,,,,,,,,,,,1870.0,GrassValley
﻿gra.ca.0056,﻿church,﻿St. Patrick's,English,,,,﻿Trinity County,,﻿Oregon Gulch,,﻿CA,﻿CA,40.72375,-123.04142,﻿gra.ca.0076,﻿attended from Weaverville,﻿once a month,,,,,,,,,,,1870.0,GrassValley
﻿gra.ca.0057,﻿church,not recorded,English,,,,﻿Butte County,﻿Butte County,﻿Oroville,﻿Oroville,﻿CA,﻿CA,39.5133153,-121.55770859999998,,,,,﻿tj_petit_001,﻿Rev.,﻿T.J. Petit,,﻿pastor,,,,,1870.0,GrassValley
﻿gra.ca.0058,﻿church,not recorded,English,,,,﻿Sierra County,﻿Sierra County,﻿Poker,﻿Poker Flat,﻿CA,﻿CA,39.6932282,-120.8455034,﻿gra.ca.0021,﻿visited from Downieville,﻿occasionally,,,,,,,,,,,1870.0,GrassValley
﻿gra.ca.0059,﻿church,not recorded,English,,,,﻿Sierra County,﻿Sierra County,﻿Portwine,,﻿CA,﻿CA,39.66074056,-120.9500025,﻿gra.ca.0021,﻿attended from Downieville,﻿once a month,,,,,,,,,,,1870.0,GrassValley
﻿gra.ca.0060,﻿church,not recorded,English,,,,﻿Nevada County,﻿Nevada County,﻿Red Dog,﻿Red Dog,﻿CA,﻿CA,39.2165633,-120.89938659999999,﻿gra.ca.0053,﻿attended from Nevada,﻿every second month,,,,,,,,,,,1870.0,GrassValley
﻿gra.ca.0061,﻿church,not recorded,English,,,,﻿Shasta County,﻿Tehama County,﻿Red Bluff,﻿Red Bluff,﻿CA,﻿CA,40.1784886,-122.23583020000001,,,,,﻿p_okane_001,﻿Rev.,﻿P. O'Kane,,﻿pastor,,,,,1870.0,GrassValley
﻿gra.ca.0062,﻿church,not recorded,English,,,,﻿Plumas County,﻿Plumas County,﻿Richmond Hill,,﻿CA,﻿CA,39.80537766,-120.9274062,﻿gra.ca.0021,﻿visited from Downieville,﻿occasionally,,,,,,,,,,,1870.0,GrassValley
﻿gra.ca.0063,﻿church,not recorded,English,,﻿Round Valley Reservation,,﻿Mendocino County,,,,﻿CA,﻿CA,39.93288781,-123.36012099999999,﻿gra.ca.0048,﻿attended by Rev. Luciano Osuna,,,,,,,,,﻿indian,﻿about one hundred Catholic Indians speaking the Spanish language,,1870.0,GrassValley
﻿gra.ca.0064,﻿church,not recorded,English,,,,﻿Nevada County,﻿Nevada County,﻿Rough and Ready,﻿Rough and Ready,﻿CA,﻿CA,39.2301507,-121.136075,﻿gra.ca.0035,﻿visited from Grass Valley,﻿occasionally,,,,,,,,,,,1870.0,GrassValley
﻿gra.ca.0065,﻿church,﻿St. Joseph's Church,English,,,,﻿Klamath County,﻿Klamath County,﻿Sawyer's Bar,﻿Sawyers Bar,﻿CA,﻿CA,41.2973586,-123.1303203,﻿gra.ca.0079,﻿attended from Yreka,﻿monthly,,,,,,,,,,,1870.0,GrassValley
﻿gra.ca.0066,﻿church,﻿Holy Cross Church,English,,,,﻿Shasta County,﻿Shasta County,﻿Shasta,﻿Shasta,﻿CA,﻿CA,40.598119,-122.49075659999998,﻿gra.ca.0061,﻿attended from Red Bluff,,,,,,,,,,,,1870.0,GrassValley
﻿gra.ca.0067,﻿church,﻿St. Rose of Lima,English,,,,﻿Yuba County,﻿Yuba County,﻿Smartsville,﻿Smartsville,﻿CA,﻿CA,39.2077473,-121.2988335,﻿gra.ca.0001,﻿attended from Marysville,﻿every Sunday,,,,,,,,,,,1870.0,GrassValley
﻿gra.ca.0068,﻿church,not recorded,English,,,,﻿Placer County,,﻿Smith's Ranch,,﻿CA,﻿CA,39.0915751,-120.80394740000001,﻿gra.ca.0027,﻿visited from Forest Hill,﻿occasionally,,,,,,,,,,,1870.0,GrassValley
﻿gra.ca.0069,﻿church,not recorded,English,,,,﻿Sierra County,﻿Sierra County,﻿St. Louis,,﻿CA,﻿CA,39.69868983,-120.92495509999999,﻿gra.ca.0021,﻿visited from Downieville,﻿occasionally,,,,,,,,,,,1870.0,GrassValley
﻿gra.ca.0070,﻿church,not recorded,English,,,,﻿Trinity County,,﻿Stony Creek,,﻿CA,﻿CA,40.8509386,-122.85181940000001,﻿gra.ca.0061,﻿visited from Red Bluff,﻿occasionally,,,,,,,,,,,1870.0,GrassValley
﻿gra.ca.0071,﻿church,not recorded,English,,,,﻿Lasen County,﻿Lassen County,﻿Susanville,﻿Susanville,﻿CA,﻿CA,40.4162842,-120.6530063,﻿gra.ca.0021,﻿visited from Downieville,﻿occasionally,,,,,,,,,,,1870.0,GrassValley
﻿gra.ca.0072,﻿church,not recorded,English,,,,﻿Humboldt County,﻿Humboldt County,﻿Table Bluff,﻿Table Bluff,﻿CA,﻿CA,40.658183799999996,-124.21644640000001,﻿gra.ca.0023,﻿visited from Eureka,﻿regularly,,,,,,,,,,,1870.0,GrassValley
﻿gra.ca.0073,﻿church,not recorded,English,,,,﻿Plumas County,﻿Plumas County,﻿Tailorsville,﻿Taylorsville,﻿CA,﻿CA,40.0754477,-120.83967520000002,﻿gra.ca.0021,﻿visited from Downieville,﻿occasionally,,,,,,,,,,,1870.0,GrassValley
﻿gra.ca.0074,﻿church,not recorded,English,,,,﻿Trinity County,﻿Trinity County,﻿Trinity Centre,﻿Trinity Center,﻿CA,﻿CA,40.9850816,-122.7059008,﻿gra.ca.0076,﻿visited from Weaverville,﻿occasionally,,,,,,,,,,,1870.0,GrassValley
﻿gra.ca.0075,﻿church,not recorded,English,,,,﻿Nevada County,﻿Nevada County,﻿Washington,﻿Washington,﻿CA,﻿CA,39.3590873,-120.7999351,﻿gra.ca.0053,﻿attended from Nevada City,﻿every second month,,,,,,,,,,,1870.0,GrassValley
﻿gra.ca.0076,﻿church,﻿St. Patrick's,English,,,,﻿Trinity County,﻿Trinity County,﻿Weaverville,﻿Weaverville,﻿CA,﻿CA,40.7309778,-122.94197079999999,,,,,﻿mat_coleman_001,﻿Rev.,﻿Matthew Coleman,,﻿pastor,,,,,1870.0,GrassValley
﻿gra.ca.0077,﻿church,not recorded,English,,,,﻿Sierra County,﻿Sierra County,﻿Whisky Diggins,﻿Whiskey Diggings,﻿CA,﻿CA,39.7529495,-120.8816166,﻿gra.ca.0021,﻿attended from Downieville,﻿once a month,,,,,,,,,,,1870.0,GrassValley
﻿gra.ca.0078,﻿church,not recorded,English,,,,﻿Placer County,﻿Placer County,﻿Yankee Jim's,﻿Yankee Jims,﻿CA,﻿CA,39.029342799999995,-120.86160290000001,﻿gra.ca.0027,﻿visited from Forest Hill,﻿occasionally,,,,,,,,,,,1870.0,GrassValley
﻿gra.ca.0079,﻿church,﻿SS. Peter and Paul's,English,,,,﻿Siskiyou County,﻿Siskiyou County,﻿Yreka,﻿Yreka,﻿CA,﻿CA,41.7296227,-122.64351940000002,,,,,﻿pat_farrelly_001,﻿Rev.,﻿Patrick Farrelly,,﻿pastor,,,,,1870.0,GrassValley
﻿gra.ca.0080,﻿church,not recorded,English,,﻿Reese River District,,,﻿Lander County,﻿Amador,,﻿NV,﻿NV,39.56002233,-117.0816193,﻿gra.ca.0082,﻿visited from Austin,﻿occasionally,,,,,,,,,,,1870.0,GrassValley
﻿gra.ca.0081,﻿church,not recorded,English,,,,﻿Washoe County,﻿Washoe County,﻿Auburn,﻿Reno,﻿NV,﻿NV,39.529919,-119.81426909999999,﻿gra.ca.0101,﻿attended from Virginia City,﻿once a month,,,,,,,,,,,1870.0,GrassValley
﻿gra.ca.0082,﻿church,﻿St. Augustine's Church,English,,,,﻿Lander County,﻿Lander County,﻿Austin,﻿Austin,﻿NV,﻿NV,39.491786499999996,-117.0708932,,,,,﻿d_monteverde_001,﻿Rev.,﻿D. Monteverde,,﻿pastor,,,,,1870.0,GrassValley
﻿gra.ca.0083,﻿church,not recorded,English,,﻿Reese River District,,,﻿Lander County,﻿Bunker Hill,﻿Bunker Hill,﻿NV,﻿NV,40.0510104,-116.9852422,﻿gra.ca.0082,﻿visited from Austin,﻿occasionally,,,,,,,,,,,1870.0,GrassValley
﻿gra.ca.0084,﻿church,not recorded,English,,,,﻿Ormsby County,,﻿Carson City,﻿Carson City,﻿NV,﻿NV,39.1637984,-119.76740339999999,,,,,﻿t_grace_001,﻿Rev.,﻿T. Grace,,﻿pastor,,,,,1870.0,GrassValley
﻿gra.ca.0085,﻿church,not recorded,English,,,,﻿Lyon County,﻿Lyon County,﻿Como,﻿Como,﻿NV,﻿NV,39.2664842,-119.51553090000002,﻿gra.ca.0092,﻿visited from Gold Hill,﻿occasionally,,,,,,,,,,,1870.0,GrassValley
﻿gra.ca.0086,﻿church,not recorded,English,,,,﻿Lyon County,﻿Lyon County,﻿Dayton,﻿Dayton,﻿NV,﻿NV,39.23713529999999,-119.59295209999999,﻿gra.ca.0092,﻿attended from Gold Hill,﻿once a month,,,,,,,,,,,1870.0,GrassValley
﻿gra.ca.0087,﻿church,not recorded,English,,﻿Reese River District,,,﻿White Pine County,﻿Egan Canyon,,﻿NV,﻿NV,39.86627698,-114.9109831,﻿gra.ca.0082,﻿visited from Austin,﻿occasionally,,,,,,,,,,,1870.0,GrassValley
﻿gra.ca.0088,﻿church,not recorded,English,,,,﻿Ormsby County,,﻿Empire City,,﻿NV,﻿NV,39.18415819,-119.70610149999999,﻿gra.ca.0084,﻿attended from Carson City,﻿twice a month,,,,,,,,,,,1870.0,GrassValley
﻿gra.ca.0089,﻿church,not recorded,English,,﻿Flowery District,,﻿Storey County,,,,﻿NV,﻿NV,39.31617768,-119.5935207,﻿gra.ca.0101,﻿attended from Virginia City,﻿twice a month,,,,,,,,,,,1870.0,GrassValley
﻿gra.ca.0090,﻿church,not recorded,English,,﻿Fort Churchill,,﻿Churchill County,﻿Lyon County,,,﻿NV,﻿NV,39.29472144,-119.267625,﻿gra.ca.0101,﻿attended from Virginia City,﻿every third month,,,,,,,,,,,1870.0,GrassValley
﻿gra.ca.0091,﻿church,not recorded,English,,,,﻿Douglas County,﻿Douglas County,﻿Genoa,﻿Genoa,﻿NV,﻿NV,39.00405670000001,-119.8472149,﻿gra.ca.0084,﻿attended from Carson City,﻿once a month,,,,,,,,,,,1870.0,GrassValley
﻿gra.ca.0092,﻿church,﻿St. Patrick's,English,,,,﻿Storey County,﻿Storey County,﻿Gold Hill,﻿Gold Hill,﻿NV,﻿NV,39.290467799999995,-119.65740109999999,,,,,﻿w_clarke_001,﻿Rev.,﻿W. Clarke,,﻿pastor,,,,,1870.0,GrassValley
﻿gra.ca.0093,﻿church,not recorded,English,,,,﻿Washoe County,,﻿Ophir,,﻿NV,﻿NV,39.31759455,-119.82328559999999,﻿gra.ca.0092,﻿attended from Gold Hill,﻿once a month,,,,,,,,,,,1870.0,GrassValley
﻿gra.ca.0094,﻿church,not recorded,English,,,,﻿Lyon County,﻿Lyon County,﻿Palmyra,,﻿NV,﻿NV,39.17144864,-119.47919920000001,﻿gra.ca.0092,﻿visited from Gold Hill,﻿occasionally,,,,,,,,,,,1870.0,GrassValley
﻿gra.ca.0095,﻿church,not recorded,English,,,,﻿Washoe County,﻿Washoe County,﻿Pleasant Valley,﻿Pleasant Valley,﻿NV,﻿NV,40.560838700000005,-119.60354950000001,﻿gra.ca.0101,﻿attended from Virginia City,﻿once a month,,,,,,,,,,,1870.0,GrassValley
﻿gra.ca.0096,﻿church,not recorded,English,,,,﻿Churchill County,﻿Churchill County,﻿Ragtown,﻿Ragtown,﻿NV,﻿NV,39.505686,-118.91927749999999,﻿gra.ca.0101,﻿attended from Virginia City,﻿every third month,,,,,,,,,,,1870.0,GrassValley
﻿gra.ca.0097,﻿church,not recorded,English,,,,﻿Lyon County,﻿Lyon County,﻿Silver City,﻿Silver City,﻿NV,﻿NV,39.263523600000006,-119.640455,﻿gra.ca.0092,﻿attended from Gold Hill,﻿once a month,,,,,,,,,,,1870.0,GrassValley
﻿gra.ca.0098,﻿church,not recorded,English,,,,﻿Storey County,﻿Storey County,﻿Six Mile Canyon,﻿Virginia City,﻿NV,﻿NV,39.3095135,-119.64997930000001,﻿gra.ca.0101,﻿attended from Virginia City,﻿twice a month,,,,,,,,,,,1870.0,GrassValley
﻿gra.ca.0099,﻿church,not recorded,English,,,,﻿Washoe County,﻿Washoe County,﻿Steamboat Springs,﻿Steamboat,﻿NV,﻿NV,40.560838700000005,-119.60354950000001,﻿gra.ca.0084,﻿attended from Carson City,﻿once a month,,,,,,,,,,,1870.0,GrassValley
﻿gra.ca.0100,﻿church,not recorded,English,,,,﻿Washoe County,﻿Washoe County,﻿Truckee Meadows,﻿Reno,﻿NV,﻿NV,39.529919,-119.81426909999999,﻿gra.ca.0101,﻿attended from Virginia City,﻿once a month,,,,,,,,,,,1870.0,GrassValley
﻿gra.ca.0101,﻿church,﻿St. Mary's,English,,﻿new church,,﻿Storey County,﻿Storey County,﻿Virginia City,﻿Virginia City,﻿NV,﻿NV,39.3095135,-119.64997930000001,,,,,﻿pat_manogue_001,﻿Very Rev.,﻿Patrick Manogue,,﻿pastor,,,,,1870.0,GrassValley
﻿gra.ca.0101,﻿church,﻿St. Mary's,English,,﻿new church,,﻿Storey County,﻿Storey County,﻿Virginia City,﻿Virginia City,﻿NV,,39.3095135,-119.64997930000001,,,,,﻿j_mcnulty_001,﻿Rev.,﻿J. McNulty,,﻿vice-pastor,,,,,1870.0,GrassValley
﻿gra.ca.0102,﻿church,not recorded,English,,,,﻿Washoe County,﻿Washoe County,﻿Washoe City,﻿Washoe City,﻿NV,﻿NV,39.32018789999999,-119.8096307,﻿gra.ca.0084,﻿attended from Carson,﻿once a month,,,,,,,,,,,1870.0,GrassValley
﻿gra.ca.0103,﻿church,not recorded,English,,﻿Reese River District,,,﻿Lander County,﻿Yankee Blade,﻿Yankee Blade,﻿NV,﻿NV,39.5318697,-117.05120079999999,﻿gra.ca.0082,﻿visited from Austin,﻿occasionally,,,,,,,,,,,1870.0,GrassValley
﻿gra.ca.0104,﻿house,﻿Congregation of the Most Precious Blood,English,,,,,﻿Humboldt County,﻿Eureka,﻿Eureka,,﻿CA,40.80207120000001,-124.16367290000001,,,,,﻿p_henneberry_001,﻿Very Rev.,﻿P. Henneberry,,﻿Superior,,﻿religious,﻿10 Religious,,1870.0,GrassValley
﻿gra.ca.0105,﻿convent,﻿Convent of the Sisters of Notre Dame,English,,,,,,﻿Marysville,﻿Marysville,,﻿CA,39.1429134,-121.58828179999999,,,,,,﻿Sister,﻿Mary Bernard,,﻿Superior,,﻿sister,﻿15 Sisters,,1870.0,GrassValley
﻿gra.ca.0106,﻿convent,﻿Convent of the Sisters of Mercy,English,,,,,﻿Nevada County,﻿Grass Valley,﻿Grass Valley,,﻿CA,39.213689200000005,-121.07334579999998,,,,,,﻿Sister,﻿Mary Baptist,,﻿Superior,,﻿sister,﻿8 Sisters,,1870.0,GrassValley
﻿gra.ca.0107,﻿convent,﻿Convent of the Sisters of Charity,English,,,,,﻿Storey County,﻿Virginia City,﻿Virginia City,﻿NV,﻿NV,39.3095135,-119.64997930000001,,,,,,﻿Sister,﻿Frederica,,﻿Superior,,﻿sister,﻿7 Sisters,,1870.0,GrassValley
﻿gra.ca.0108,﻿academy,﻿Academy of Notre Dame,English,﻿For young ladies.,,,,,﻿Marysville,﻿Marysville,,﻿CA,39.1429134,-121.58828179999999,,,,,,,,,,,﻿pupil,﻿67 pupils,﻿Directed by the Sisters of Notre Dame.,1870.0,GrassValley
﻿gra.ca.0109,﻿school,﻿School for girls,English,﻿For girls.,,,,,﻿Marysville,﻿Marysville,,﻿CA,39.1429134,-121.58828179999999,,,,,,,,,,,﻿dayScholar,﻿122 day scholars,﻿Conducted by the Sisters of Notre Dame.,1870.0,GrassValley
﻿gra.ca.0109,﻿school,﻿School for girls,English,﻿For girls.,,,,,﻿Marysville,﻿Marysville,,,39.1429134,-121.58828179999999,,,,,,,,,,,﻿freeScholar,﻿69 free scholars,﻿Conducted by the Sisters of Notre Dame.,1870.0,GrassValley
﻿gra.ca.0110,﻿school,﻿School for boys,English,﻿For boys,﻿at the St. Joseph's Church,,,,﻿Marysville,﻿Marysville,,﻿CA,39.1429134,-121.58828179999999,,,,,,,,,,,﻿scholar,﻿About 90 scholars,,1870.0,GrassValley
﻿gra.ca.0111,﻿school,﻿School for girls and small boys,English,﻿For girls and small boys.,,,,﻿Nevada County,﻿Grass Valley,﻿Grass Valley,,﻿CA,39.213689200000005,-121.07334579999998,,,,,,,,,,,﻿extern,﻿120 externs,﻿Conducted by the Sisters of Mercy.,1870.0,GrassValley
﻿gra.ca.0111,﻿school,﻿School for girls and small boys,English,﻿For girls and small boys.,,,,﻿Nevada County,﻿Grass Valley,﻿Grass Valley,,,39.213689200000005,-121.07334579999998,,,,,,,,,,,﻿boarder,﻿86 boarders,﻿Conducted by the Sisters of Mercy.,1870.0,GrassValley
﻿gra.ca.0112,﻿school,﻿Catholic school,English,,,,,,﻿Forest Hill,﻿Foresthill,,﻿CA,39.0201768,-120.81798909999998,,,,,﻿nealan_001,﻿Mr.,﻿Nealan,﻿M.A.,,,,,,1870.0,GrassValley
﻿gra.ca.0113,﻿school,﻿School for girls,English,﻿For girls.,,,,﻿Storey County,﻿Virginia City,﻿Virginia City,﻿NV,﻿NV,39.3095135,-119.64997930000001,,,,,,,,,,,﻿scholar,﻿150 scholars,﻿Conducted by the Sisters of Charity.,1870.0,GrassValley
﻿gra.ca.0114,﻿school,﻿St. Mary's School for Boys,English,﻿For boys,,,,﻿Storey County,﻿Virginia City,﻿Virginia City,﻿NV,﻿NV,39.3095135,-119.64997930000001,,,,,,,,,,,﻿scholar,﻿70 scholars,,1870.0,GrassValley
﻿gra.ca.0115,﻿asylum,﻿Orphan asylum,English,,,,,﻿Nevada County,﻿Grass Valley,﻿Grass Valley,,﻿CA,39.213689200000005,-121.07334579999998,,,,,﻿t_j_dalton_001,﻿Rev.,﻿T. J. Dalton,,﻿Pastor of Grass Valley,,﻿professed,﻿6 professed,﻿Under the care of the Sisters of Mercy,1870.0,GrassValley
﻿gra.ca.0115,﻿asylum,﻿Orphan asylum,English,,,,,﻿Nevada County,﻿Grass Valley,﻿Grass Valley,,,39.213689200000005,-121.07334579999998,,,,,,﻿Sister,﻿Mary B. Russell,,"﻿Superior of Sisters of Mercy, San Francisco.",,﻿novice,﻿2 novices,﻿Sisters of Mercy,1870.0,GrassValley
﻿gra.ca.0115,﻿asylum,﻿Orphan asylum,English,,,,,﻿Nevada County,﻿Grass Valley,﻿Grass Valley,,,39.213689200000005,-121.07334579999998,,,,,,,,,,,﻿orphan,﻿Over 60 orphans have been provided for since the founding; 150 students on the school register,﻿Sisters of Mercy,1870.0,GrassValley
﻿gra.ca.0116,﻿asylum,﻿Orphan asylum,English,,,,,﻿Storey County,﻿Virginia City,﻿Virginia City,,﻿NV,39.3095135,-119.64997930000001,,,,,,,,,,,﻿fullOrphan,﻿50 full orphans,﻿Under the care of the Sisters of Charity,1870.0,GrassValley
﻿gra.ca.0116,﻿asylum,﻿Orphan asylum,English,,,,,﻿Storey County,﻿Virginia City,﻿Virginia City,,,39.3095135,-119.64997930000001,,,,,,,,,,,﻿halfOrphan,﻿75 half-orphans,﻿Under the care of the Sisters of Charity,1870.0,GrassValley
﻿gra.ca.0116,﻿asylum,﻿Orphan asylum,English,,,,,﻿Storey County,﻿Virginia City,﻿Virginia City,,,39.3095135,-119.64997930000001,,,,,,,,,,,﻿dayScholar,﻿190 day scholars,﻿Under the care of the Sisters of Charity,1870.0,GrassValley
﻿gra.ca.0116,﻿asylum,﻿Orphan asylum,English,,,,,﻿Storey County,﻿Virginia City,﻿Virginia City,,,39.3095135,-119.64997930000001,,,,,,,,,,,﻿sister,﻿8 Sisters in charge,﻿Under the care of the Sisters of Charity,1870.0,GrassValley
﻿gra.ca.0116,﻿asylum,﻿Orphan asylum,English,,,,,﻿Storey County,﻿Virginia City,﻿Virginia City,,,39.3095135,-119.64997930000001,,,,,,,,,,,﻿teacher,﻿3 young ladies who assist as teachers,﻿Under the care of the Sisters of Charity,1870.0,GrassValley
