instID,church_type,instName,language,instNote,placeName,region,county_orig,county_reg,city_orig,city_reg,state_orig,state_reg,latitude,longitude,attendingInstID,attendingChurch,attendingChurchFrequency,attendingChurchNote,persID,persTitle,persName,persSuffix,persRole,persNote,memberType,member,affiliated,year,diocese
﻿mil.wi.0001,﻿cathedral,﻿St. John's Cathedral,English,,﻿Corner of Jackson and Oneida streets,,,﻿Milwaukee County,﻿Milwaukee,﻿Milwaukee,﻿WI,,43.0418045,-87.90411759999999,,,,,﻿j_m_henni_001,﻿Rt. Rev.,﻿J. M. Henni,﻿D.D.,,,,,,1869.0,Milwaukee
﻿mil.wi.0001,﻿cathedral,﻿St. John's Cathedral,English,,﻿Corner of Jackson and Oneida streets,,,﻿Milwaukee County,﻿Milwaukee,﻿Milwaukee,﻿WI,,43.0418045,-87.90411759999999,,,,,﻿m_kundig_001,﻿Very Rev.,﻿M. Kundig,,,,,,,1869.0,Milwaukee
﻿mil.wi.0001,﻿cathedral,﻿St. John's Cathedral,English,,﻿Corner of Jackson and Oneida streets,,,﻿Milwaukee County,﻿Milwaukee,﻿Milwaukee,﻿WI,,43.0418045,-87.90411759999999,,,,,﻿p_j_donaghoe_001,﻿Rev.,﻿P. J. Donaghoe,,,,,,,1869.0,Milwaukee
﻿mil.wi.0002,﻿church,﻿St. Mary's,English,,﻿Corner of Main and Biddle streets,,,﻿Milwaukee County,﻿Milwaukee,﻿Milwaukee,﻿WI,,43.0389025,-87.9064736,,,,,﻿l_batz_001,﻿Rev.,﻿L. Batz,,,,,,,1869.0,Milwaukee
﻿mil.wi.0003,﻿church,﻿St. Gall's,English,,﻿Corner of Second and Sycamore streets,,,﻿Milwaukee County,﻿Milwaukee,﻿Milwaukee,﻿WI,,43.06612379999999,-87.91397420000001,,,,,﻿sta_p_lalumiere_001,﻿Rev.,﻿Stanislaus P. Lalumiere,﻿S.J.,﻿Superior,,,,,1869.0,Milwaukee
﻿mil.wi.0003,﻿church,﻿St. Gall's,English,,﻿Corner of Second and Sycamore streets,,,﻿Milwaukee County,﻿Milwaukee,﻿Milwaukee,﻿WI,,43.06612379999999,-87.91397420000001,,,,,﻿ign_maes_001,﻿Rev.,﻿Ignatius Maes,﻿S.J.,,,,,,1869.0,Milwaukee
﻿mil.wi.0003,﻿church,﻿St. Gall's,English,,﻿Corner of Second and Sycamore streets,,,﻿Milwaukee County,﻿Milwaukee,﻿Milwaukee,﻿WI,,43.06612379999999,-87.91397420000001,,,,,﻿p_a_nogues_001,﻿Rev.,﻿P. A. Nogues,﻿S.J.,,,,,,1869.0,Milwaukee
﻿mil.wi.0003,﻿church,﻿St. Gall's,English,,﻿Corner of Second and Sycamore streets,,,﻿Milwaukee County,﻿Milwaukee,﻿Milwaukee,﻿WI,,43.06612379999999,-87.91397420000001,,,,,﻿w_schmidt_001,﻿Rev.,﻿W. Schmidt,﻿S.J.,,,,,,1869.0,Milwaukee
﻿mil.wi.0003,﻿church,﻿St. Gall's,English,,﻿Corner of Second and Sycamore streets,,,﻿Milwaukee County,﻿Milwaukee,﻿Milwaukee,﻿WI,,43.06612379999999,-87.91397420000001,,,,,﻿f_p_garesche_001,﻿Rev.,﻿F. P. Garesche,﻿S.J.,,,,,,1869.0,Milwaukee
﻿mil.wi.0004,﻿church,﻿Holy Trinity,English,,﻿Corner of Park and Greenbush streets,,,﻿Milwaukee County,﻿Milwaukee,﻿Milwaukee,﻿WI,,43.0454357,-87.91207,,,,,﻿l_conrad_001,﻿Rev.,﻿L. Conrad,,,,,,,1869.0,Milwaukee
﻿mil.wi.0005,﻿church,﻿St. Joseph's,English,,﻿Corner of Eleventh and Lisbon streets,,,﻿Milwaukee County,﻿Milwaukee,﻿Milwaukee,﻿WI,,43.0716239,-87.9774161,,,,,﻿jos_holzhauer_001,﻿Rev.,﻿Jos. Holzhauer,,,,,,,1869.0,Milwaukee
﻿mil.wi.0006,﻿church,﻿St. Peter's,English,,﻿Corner of Martin and Jackson streets,,,﻿Milwaukee County,﻿Milwaukee,﻿Milwaukee,﻿WI,,43.040124299999995,-87.9041498,﻿mil.wi.0001,﻿Attended from the Cathedral,,,,,,,,,,,,1869.0,Milwaukee
﻿mil.wi.0007,﻿church,﻿St. Stanislaus',﻿Polish,,﻿Corner of Green and Grove streets,,,﻿Milwaukee County,﻿Milwaukee,﻿Milwaukee,﻿WI,,43.0125286,-87.9169658,,,,,﻿j_jaster_001,﻿Rev.,﻿J. Jaster,,,,,,,1869.0,Milwaukee
﻿mil.wi.0008,"﻿church, station",﻿St. John Nepomucene's,English,﻿Sclavonian missionary church and station,﻿Corner of Fourth and Cherry streets,,,﻿Milwaukee County,﻿Milwaukee,﻿Milwaukee,﻿WI,,43.0482228,-87.9112145,,,,,﻿j_gartner_001,﻿Rev.,﻿J. Gartner,,,,,,,1869.0,Milwaukee
﻿mil.wi.0008,"﻿church, station",﻿St. John Nepomucene's,English,﻿Sclavonian missionary church and station,﻿Corner of Fourth and Cherry streets,,,﻿Milwaukee County,﻿Milwaukee,﻿Milwaukee,﻿WI,,43.0482228,-87.9112145,,,,,﻿a_lang_001,﻿Rev.,﻿A. Lang,,,,,,,1869.0,Milwaukee
﻿mil.wi.0008,"﻿church, station",﻿St. John Nepomucene's,English,﻿Sclavonian missionary church and station,﻿Corner of Fourth and Cherry streets,,,﻿Milwaukee County,﻿Milwaukee,﻿Milwaukee,﻿WI,,43.0482228,-87.9112145,,,,,﻿heller_001,﻿Rev.,﻿— Heller,,,,,,,1869.0,Milwaukee
﻿mil.wi.0009,"﻿church, convent",﻿Capuchin Convent of St. Francis of Assisi,English,,﻿Corner of Fourth and Karman streets,,,﻿Milwaukee County,﻿Milwaukee,﻿Milwaukee,﻿WI,,43.0389025,-87.9064736,,,,,﻿p_ivo_001,﻿Rev.,﻿P. Ivo,﻿O.M.C.,﻿Prov.,,,,,1869.0,Milwaukee
﻿mil.wi.0010,﻿church,﻿St. Mary's of the Holy Angels,English,,﻿Corner of Milwaukee and Knapp streets,,,﻿Milwaukee County,﻿Milwaukee,﻿Milwaukee,﻿WI,,43.0861231,-87.9253636,,,,,﻿f_x_krautbauer_001,﻿Rev.,﻿F. X. Krautbauer,,﻿Chaplain,,,,,1869.0,Milwaukee
﻿mil.wi.0011,﻿church,﻿St. Patrick's,English,,,,﻿Sheboygan County,,﻿Abbottown,,﻿WI,,43.689522700000005,-87.61863790000001,,﻿Attended from Cascade,,,,,,,,,,,,1869.0,Milwaukee
﻿mil.wi.0012,﻿church,﻿St. Francis Xavier's,English,,,,﻿Green County,﻿Green County,﻿Adams,﻿Adams,﻿WI,,42.726974600000005,-89.7942892,,﻿Attended by Rev. J. Casey,,﻿Two churches with John Casey.  Went with St. Victor's in present-day Milwaukee,,,,,,,,,,1869.0,Milwaukee
﻿mil.wi.0013,﻿church,﻿St. Anthony's,English,,,,﻿Washington County,﻿Washington County,﻿Addison,﻿Addison,﻿WI,,43.4139837,-88.3433623,,,,,﻿w_engeln_001,﻿Rev.,﻿W. Engeln,,,,,,,1869.0,Milwaukee
﻿mil.wi.0014,﻿church,﻿SS. Peter and Paul's,English,,,,﻿Washington County,﻿Washington County,﻿Addison,﻿Addison,﻿WI,,43.3932586,-88.24611829999999,,,,,﻿w_engeln_001,﻿Rev.,﻿W. Engeln,,,,,,,1869.0,Milwaukee
﻿mil.wi.0015,﻿church,﻿St. Francis of Sales,English,,,,﻿Green County,﻿Green County,﻿Albany,﻿Albany,﻿WI,,42.7355014,-89.4269287,,﻿Attended by Rev. J. Kinsella,,,,,,,,,,,,1869.0,Milwaukee
﻿mil.wi.0016,﻿church,﻿St. Martin's,English,,,,﻿Fond du Lac County,﻿Fond du Lac County,﻿Ashford,﻿Ashford,﻿WI,,43.5869385,-88.3706558,,,,,﻿a_michels_001,﻿Rev.,﻿A. Michels,,,,,,,1869.0,Milwaukee
﻿mil.wi.0017,﻿church,﻿St. Matthias',English,,,,﻿Fond du Lac County,﻿Fond du Lac County,﻿Auburn,﻿Auburn,﻿WI,,43.585117700000005,-88.2071598,,﻿Attended by Rev. C. Rehrl,,,,,,,,,,,,1869.0,Milwaukee
﻿mil.wi.0018,﻿church,﻿Immaculate Conception,English,,,,﻿Washington County,﻿Washington County,﻿Barton,﻿Barton,﻿WI,,43.4605559,-88.2363819,,,,,﻿j_reindl_001,﻿Rev.,﻿J. Reindl,,,,,,,1869.0,Milwaukee
﻿mil.wi.0019,﻿church,﻿St. Matthias',English,,,,﻿Milwaukee County,﻿Milwaukee County,﻿Beloit Road,﻿West Milwaukee,﻿WI,,42.9857629,-88.0299823,,,,,﻿h_j_muckerheide_001,﻿Rev.,﻿H. J. Muckerheide,,,,,,,1869.0,Milwaukee
﻿mil.wi.0020,﻿church,﻿St. Thomas',English,,,,﻿Rock County,﻿Rock County,﻿Beloit,﻿Beloit,﻿WI,,42.4994457,-89.0279513,,,,,﻿r_sullivan_001,﻿Rev.,﻿R. Sullivan,,,,,,,1869.0,Milwaukee
﻿mil.wi.0021,﻿church,﻿St. Peter's,English,,,,﻿Dodge County,﻿Dodge County,﻿Beaver Dam,﻿Beaver Dam,﻿WI,,43.4519162,-88.8364557,,,,,﻿f_fusseder_001,﻿Rev.,﻿F. Fusseder,,,,,,,1869.0,Milwaukee
﻿mil.wi.0022,﻿church,﻿St. Mary's,English,,,,﻿Dodge County,﻿Dodge County,﻿Beaver Dam,﻿Beaver Dam,﻿WI,,43.3089472,-88.7180063,,,,,﻿f_fusseder_001,﻿Rev.,﻿F. Fusseder,,,,,,,1869.0,Milwaukee
﻿mil.wi.0023,﻿church,﻿St. Patrick's,English,,,,﻿Dodge County,﻿Dodge County,﻿Beaver Dam,﻿Beaver Dam,﻿WI,,43.4571854,-88.8381107,,,,,﻿j_e_allen_001,﻿Rev.,﻿J. E. Allen,,,,,,,1869.0,Milwaukee
﻿mil.wi.0024,﻿church,﻿Holy Cross,English,,,,﻿Ozaukee County,﻿Ozaukee County,﻿Belgium,﻿Belgium,﻿WI,,43.470279999999995,-87.89556,,,,,﻿j_welter_001,﻿Rev.,﻿J. Welter,,,,,,,1869.0,Milwaukee
﻿mil.wi.0025,﻿church,﻿St. Mary's,English,,,,﻿Ozaukee County,﻿Ozaukee County,﻿Belgium,﻿Belgium,﻿WI,,43.4997212,-87.850367,,,,,﻿fre_friedinger_001,﻿Rev.,﻿Fred. Friedinger,,,,,,,1869.0,Milwaukee
﻿mil.wi.0026,﻿church,﻿St. Patrick's,English,,,,﻿Lafayette County,﻿Lafayette County,﻿Benton,﻿Benton,﻿WI,,42.5677627,-90.37865240000001,,,,,﻿g_prendergast_001,﻿Rev.,﻿G. Prendergast,,,,,,,1869.0,Milwaukee
﻿mil.wi.0027,﻿church,﻿St. Joseph's,English,,,,﻿Green Lake County,﻿Green Lake County,﻿Berlin,﻿Berlin,﻿WI,,43.9777045,-88.94157129999999,,,,,﻿e_dael_001,﻿Rev.,﻿E. Dael,,,,,,,1869.0,Milwaukee
﻿mil.wi.0028,﻿church,﻿St. Rosa's,English,,,,﻿Green County,﻿Green County,﻿Broadhead,﻿Brodhead,﻿WI,,42.6183424,-89.3762278,,,,,﻿j_kinsella_001,﻿Rev.,﻿J. Kinsella,,,,,,,1869.0,Milwaukee
﻿mil.wi.0029,﻿church,﻿St. Charles Borromeo's,English,,,,﻿Calumet County,﻿Calumet County,﻿Brothertown,﻿Brothertown,﻿WI,,43.9783679,-88.27531440000001,,﻿Attended from Marytown,,,,,,,,,,,,1869.0,Milwaukee
﻿mil.wi.0030,﻿church,﻿Immaculate Conception,English,,,,﻿Racine County,﻿Racine County,﻿Burlington,﻿Burlington,﻿WI,,42.6757956,-88.2814348,,,,,﻿m_wissbauer_001,﻿Rev.,﻿M. Wissbauer,,,,,,,1869.0,Milwaukee
﻿mil.wi.0031,﻿church,﻿St. Patrick's,English,,,,﻿Kenosha County,﻿Kenosha County,﻿Brighton,﻿Brighton,﻿WI,,42.6291851,-88.09980759999999,,,,,﻿h_weinhardt_001,﻿Rev.,﻿H. Weinhardt,,,,,,,1869.0,Milwaukee
﻿mil.wi.0032,﻿church,﻿St. Michael's,English,,,,﻿Kenosha County,﻿Kenosha County,﻿Bristol,﻿Bristol,﻿WI,,42.5587509,-88.05044790000001,,﻿Attended from Wilmont,,,,,,,,,,,,1869.0,Milwaukee
﻿mil.wi.0033,﻿church,﻿St. Dominic's,English,,,,﻿Waukesha County,﻿Waukesha County,﻿Brookfield,﻿Brookfield,﻿WI,,43.0609354,-88.1260555,,﻿Attended by Rev. J. Fitzgibbon,,,,,,,,,,,,1869.0,Milwaukee
﻿mil.wi.0035,﻿church,﻿St. John's,English,,,,﻿Fond du Lac County,﻿Fond du Lac County,﻿Byron,﻿Byron,﻿WI,,43.674433799999996,-88.45070390000001,,,,,﻿e_a_graves_001,﻿Rev.,﻿E. A. Graves,,,,,,,1869.0,Milwaukee
﻿mil.wi.0036,﻿church,﻿St. Louis',English,,,,﻿Racine County,﻿Racine County,﻿Caledonia,﻿Caledonia,﻿WI,,42.8077958,-87.92424799999999,,,,,﻿s_woelfle_001,﻿Rev.,﻿S. Woelfle,,,,,,,1869.0,Milwaukee
﻿mil.wi.0037,﻿church,﻿Holy Family,English,,,,﻿Racine County,﻿Racine County,﻿Caledonia,﻿Caledonia,﻿WI,,42.8008606,-87.8366613,,,,,﻿s_woelfle_001,﻿Rev.,﻿S. Woelfle,,,,,,,1869.0,Milwaukee
﻿mil.wi.0038,﻿church,﻿St. Mary's Visitation,English,,,,﻿Columbia County,﻿Columbia County,﻿Cambria,﻿Cambria,﻿WI,,43.542207,-89.10733559999998,,﻿Attended from Fox Lake,,,,,,,,,,,,1869.0,Milwaukee
﻿mil.wi.0039,﻿church,﻿St. Mary's,English,,,,﻿Sheboygan County,﻿Sheboygan County,﻿Cascade,﻿Cascade,﻿WI,,43.6583291,-88.00703809999999,,,,,﻿t_tiernan_001,﻿Rev.,﻿T. Tiernan,,,,,,,1869.0,Milwaukee
﻿mil.wi.0040,﻿church,﻿St. Charles',English,,,,﻿Grant County,﻿Grant County,﻿Cassville,﻿Cassville,﻿WI,,42.715431,-90.97468590000001,,,,,﻿h_j_albers_001,﻿Rev.,﻿H. J. Albers,,,,,,,1869.0,Milwaukee
﻿mil.wi.0041,﻿church,﻿St. Francis Borgia's,English,,,,﻿Ozaukee County,﻿Ozaukee County,﻿Cedarburgh,﻿Cedarburg,﻿WI,,43.3257641,-88.00667940000001,,,,,﻿h_mcmahon_001,﻿Rev.,﻿H. McMahon,,,,,,,1869.0,Milwaukee
﻿mil.wi.0042,﻿church,﻿St. George's,English,,,,﻿Manitowoc County,﻿Manitowoc County,﻿Centreville,﻿Centerville,﻿WI,,43.9501383,-87.7468071,,,,,﻿f_zuber_001,﻿Rev.,﻿F. Zuber,,,,,,,1869.0,Milwaukee
﻿mil.wi.0043,﻿church,﻿St. Wendelin's,English,,,,﻿Manitowoc County,﻿Manitowoc County,﻿Centreville,﻿Centerville,﻿WI,,43.9501383,-87.7468071,,,,,﻿f_zuber_001,﻿Rev.,﻿F. Zuber,,,,,,,1869.0,Milwaukee
﻿mil.wi.0044,﻿church,﻿St. Martin's,English,,,,﻿Calumet County,﻿Calumet County,﻿Charleston,﻿Charlestown,﻿WI,,44.0233689,-88.1096118,,﻿Attended by Rev. A. Andolshek,,,,,,,,,,,,1869.0,Milwaukee
﻿mil.wi.0045,﻿church,﻿St. Malachi's,English,,,,﻿Iowa County,﻿Iowa County,﻿Clydetown,﻿Clyde,﻿WI,,43.1032819,-90.2494105,,﻿Attended from Highland,,,,,,,,,,,,1869.0,Milwaukee
﻿mil.wi.0046,﻿church,﻿Holy Assumption,English,,,,﻿Dodge County,﻿Dodge County,﻿Clyman,﻿Clyman,﻿WI,,43.3044936,-88.70412459999999,,﻿Attended by Rev. H. Roche,,,,,,,,,,,,1869.0,Milwaukee
﻿mil.wi.0047,﻿church,﻿St. Isidore's,﻿German,,,,﻿Dodge County,﻿Dodge County,﻿Clyman,﻿Clyman,﻿WI,,43.3089472,-88.7180063,,﻿Attended by Rev. M. Minderer,,,,,,,,,,,,1869.0,Milwaukee
﻿mil.wi.0048,﻿church,﻿St. Jerome's,English,,,,﻿Columbia County,﻿Columbia County,﻿Columbus,﻿Columbus,﻿WI,,43.3235027,-89.0208495,,,,,﻿j_okeefe_001,﻿Rev.,﻿J. O'Keefe,,,,,,,1869.0,Milwaukee
﻿mil.wi.0049,﻿church,﻿St. Mary's of Help,English,,,,﻿Jefferson County,﻿Jefferson County,﻿Concord,﻿Concord,﻿WI,,43.0694499,-88.59871190000001,,﻿Attended from Ottawa,,,,,,,,,,,,1869.0,Milwaukee
﻿mil.wi.0050,﻿church,﻿St. Francis Xavier's,English,,,,﻿Dane County,﻿Dane County,﻿Cross Plains,﻿Cross Plains,﻿WI,,43.1198241,-89.6346315,,,,,﻿f_jansen_001,﻿Rev.,﻿F. Jansen,,,,,,,1869.0,Milwaukee
﻿mil.wi.0051,﻿church,﻿St. Mary's,English,,,,﻿Dane County,﻿Dane County,﻿Cross Plains,﻿Cross Plains,﻿WI,,43.1198241,-89.6346315,,,,,,﻿Rev.,﻿J. Hamm,,,,,,,1869.0,Milwaukee
﻿mil.wi.0052,﻿church,﻿St. Mary's,English,,,,﻿Columbia County,﻿Columbia County,﻿Courtland,﻿Courtland,﻿WI,,43.499262,-89.0752499,,﻿Attended from Fox Lake,,,,,,,,,,,,1869.0,Milwaukee
﻿mil.wi.0053,﻿church,﻿Holy Rosary,English,,,,﻿La Fayette County,﻿Lafayette County,﻿Darlington,﻿Darlington,﻿WI,,42.6830307,-90.11751240000001,,,,,﻿e_mcginnity_001,﻿Rev.,﻿E. McGinnity,,,,,,,1869.0,Milwaukee
﻿mil.wi.0053,﻿church,﻿Holy Rosary,English,,,,﻿La Fayette County,﻿Lafayette County,﻿Darlington,﻿Darlington,﻿WI,,42.6830307,-90.11751240000001,,,,,﻿d_mcginnity_001,﻿Rev.,﻿D. McGinnity,,,,,,,1869.0,Milwaukee
﻿mil.wi.0054,﻿church,﻿St. James',English,,,,﻿Green County,﻿Green County,﻿Dayton,﻿Exeter,﻿WI,,42.7905594,-89.5831767,,﻿Attended by Rev. J. O'Farrell,,,,,,,,,,,,1869.0,Milwaukee
﻿mil.wi.0055,﻿church,﻿St. Anne's,English,,,,﻿Dane County,﻿Dane County,﻿Deerfield,﻿Deerfield,﻿WI,,43.082130299999996,-89.083051,,﻿Attended by Rev. M. Hobbs,,,,,,,,,,,,1869.0,Milwaukee
﻿mil.wi.0056,﻿church,﻿St. Andrew's,English,,,,﻿Walworth County,﻿Walworth County,﻿Delavan,﻿Delavan,﻿WI,,42.63721629999999,-88.6391189,,,,,﻿r_dunphy_001,﻿Rev.,﻿R. Dunphy,,,,,,,1869.0,Milwaukee
﻿mil.wi.0057,﻿church,﻿St. Kiernan's,English,,,,﻿Columbia County,﻿Columbia County,﻿Dekora,﻿Dekkora,﻿WI,,43.457484,-89.4676199,,﻿Attended by Rev. Thos. Keenan,,,,,,,,,,,,1869.0,Milwaukee
﻿mil.wi.0058,﻿church,﻿St. Peter's,English,,,,﻿Iowa County,﻿Iowa County,﻿Dodgeville,﻿Dodgeville,﻿WI,,42.960274299999995,-90.13012370000001,,﻿Attended from Highland,,,,,,,,,,,,1869.0,Milwaukee
﻿mil.wi.0059,﻿church,﻿St. Mary's,English,,,,﻿Racine County,﻿Racine County,﻿Dover,﻿Dover,﻿WI,,42.7126313,-88.1147672,,,,,﻿tho_corry_001,﻿Rev.,﻿Thos. Corry,,,,,,,1869.0,Milwaukee
﻿mil.wi.0060,﻿church,﻿St. Thaddeus',English,,,,﻿Walworth County,﻿Walworth County,﻿East Troy,﻿East Troy,﻿WI,,42.7852922,-88.405096,,,,,﻿h_f_fairbanks_001,﻿Rev.,﻿H. F. Fairbanks,,,,,,,1869.0,Milwaukee
﻿mil.wi.0061,﻿church,﻿St. Gregory Naz,English,,,,﻿Manitowoc County,﻿Manitowoc County,﻿Eaton,﻿Eaton,﻿WI,,44.0213734,-87.9922684,,,,,﻿a_oschwald_001,﻿Rev.,﻿A. Oschwald,,,,,,,1869.0,Milwaukee
﻿mil.wi.0062,﻿church,﻿St. Theresa's,English,,,,﻿Waukesha County,﻿Waukesha County,﻿Eagle Centre,﻿Eagle,﻿WI,,43.0072599,-88.32393090000001,,,,,﻿f_spath_001,﻿Rev.,﻿F. Spath,,,,,,,1869.0,Milwaukee
﻿mil.wi.0063,﻿church,﻿St. Mary's,English,,,,﻿Fond du Lac County,﻿Fond du Lac County,﻿Eldorado,﻿Eldorado,﻿WI,,43.8247079,-88.6217765,,﻿Attended from Fond du Lac,,,,,,,,,,,,1869.0,Milwaukee
﻿mil.wi.0064,﻿church,﻿St. Peter's,English,,,,﻿Lafayette County,﻿Lafayette County,﻿Elk Grove,﻿Elk Grove,﻿WI,,42.6533408,-90.3315377,,﻿Attended by Rev. Philip Albrecht,,,,,,,,,,,,1869.0,Milwaukee
﻿mil.wi.0065,﻿church,﻿St. Rosa's,English,,,,﻿Lafayette County,﻿Lafayette County,﻿Elk Grove,﻿Elk Grove,﻿WI,,42.6716639,-90.3909613,,﻿Attended by Rev. Jos. Kleiber,,,,,,,,,,,,1869.0,Milwaukee
﻿mil.wi.0066,﻿church,﻿Visitation BVM,English,,,,﻿Waukesha County,﻿Waukesha County,﻿Elm Grove,﻿Elm Grove,﻿WI,,43.04283770000001,-88.0793743,,,,,﻿k_c_flasch_001,﻿Rev.,﻿K. C. Flasch,,,,,,,1869.0,Milwaukee
﻿mil.wi.0067,﻿church,﻿St. Lawrence's,English,,,,﻿Walworth County,﻿Walworth County,﻿Elkhorn,﻿Elkhorn,﻿WI,,42.6727927,-88.5445447,,﻿Visited by Rev. R. Dunphy,,,,,,,,,,,,1869.0,Milwaukee
﻿mil.wi.0068,﻿church,﻿St. Joseph's,English,,,,﻿Rock County,﻿Rock County,﻿Edgerton,﻿Edgerton,﻿WI,,42.8449511,-89.0648867,,﻿Attended by Rev. Chas. Farrelly,,,,,,,,,,,,1869.0,Milwaukee
﻿mil.wi.0069,﻿church,﻿St. James',English,,,,﻿Fond du Lac County,﻿Fond du Lac County,﻿Eden,﻿Eden,﻿WI,,43.693603100000004,-88.36093559999999,,﻿Attended by Rev. E. A. Graves,,,,,,,,,,,,1869.0,Milwaukee
﻿mil.wi.0070,﻿church,﻿St. Columbkille's,English,,,,﻿Dodge County,﻿Dodge County,﻿Elba,﻿Elba,﻿WI,,43.3072569,-88.9285726,,,,,﻿h_obrien_001,﻿Rev.,﻿H. O'Brien,,,,,,,1869.0,Milwaukee
﻿mil.wi.0071,﻿church,﻿St. Patrick's,English,,,,﻿Washington County,﻿Washington County,﻿Erin,﻿Erin,﻿WI,,43.2208496,-88.3433623,,﻿Attended by Rev. S. St. Muench,,,,,,,,,,,,1869.0,Milwaukee
﻿mil.wi.0072,﻿church,﻿St. John of God,English,,,,﻿Washington County,﻿Washington County,﻿Farming,﻿Farmington,﻿WI,,43.513051899999994,-88.1100059,,﻿Visited by Rev. C. Rehrl,,,,,,,,,,,,1869.0,Milwaukee
﻿mil.wi.0073,﻿church,﻿St. Peter's,English,,,,﻿Washington County,﻿Washington County,﻿Farming,﻿Farmington,﻿WI,,43.4874144,-88.1096118,,﻿Visited by Rev. C. Rehrl,,,,,,,,,,,,1869.0,Milwaukee
﻿mil.wi.0074,﻿church,﻿Holy Mother of Consolation,English,,,,﻿Dane County,﻿Dane County,﻿Fitzburg,﻿Fitchburg,﻿WI,,42.9511689,-89.40289320000001,,,,,﻿j_ofarrell_001,﻿Rev.,﻿J. O'Farrell,,,,,,,1869.0,Milwaukee
﻿mil.wi.0075,﻿church,﻿St. Lewis's,English,,,,﻿Fond du Lac County,﻿Fond du Lac County,﻿Fond du Lac,﻿Fond du Lac,﻿WI,,43.771581899999994,-88.449415,,,,,﻿j_c_perrodin_001,﻿Rev.,﻿J. C. Perrodin,,,,,,,1869.0,Milwaukee
﻿mil.wi.0076,﻿church,﻿St. Patrick's,English,,,,﻿Fond du Lac County,﻿Fond du Lac County,﻿Fond du Lac,﻿Fond du Lac,﻿WI,,43.784720799999995,-88.44675500000001,,,,,﻿j_colton_001,﻿Rev.,﻿J. Colton,,,,,,,1869.0,Milwaukee
﻿mil.wi.0077,﻿church,﻿St. Mary's,English,,,,﻿Fond du Lac County,﻿Fond du Lac County,﻿Fond du Lac,﻿Fond du Lac,﻿WI,,43.781355299999994,-88.444253,,,,,﻿n_pickel_001,﻿Rev.,﻿N. Pickel,,,,,,,1869.0,Milwaukee
﻿mil.wi.0078,﻿church,﻿St. Augustine's,English,,,,﻿Rock County,﻿Rock County,﻿Footville,﻿Footville,﻿WI,,42.6753287,-89.2053097,,﻿Attended from Broadhead,,,,,,,,,,,,1869.0,Milwaukee
﻿mil.wi.0079,﻿church,﻿Immaculate Conception,English,,,,﻿Dodge County,﻿Dodge County,﻿Fox Lake,﻿Fox Lake,﻿WI,,43.565543,-88.9064984,,,,,﻿w_dougherty_001,﻿Rev.,﻿W. Dougherty,,,,,,,1869.0,Milwaukee
﻿mil.wi.0080,﻿church,﻿St. Michael's,English,,,,﻿Fond du Lac County,﻿Fond du Lac County,﻿Foresttown,﻿Forest,﻿WI,,43.7579961,-88.2266434,,,,,﻿n_stehle_001,﻿Rev.,﻿N. Stehle,,,,,,,1869.0,Milwaukee
﻿mil.wi.0081,﻿church,﻿Assumption of the Blessed Virgin Mary,English,,,,﻿Milwaukee County,﻿Milwaukee County,﻿Franklin,﻿Franklin,﻿WI,,42.888627,-88.03841949999999,,,,,﻿ed_oconnor_001,﻿Rev.,﻿Ed. O'Connor,,,,,,,1869.0,Milwaukee
﻿mil.wi.0082,﻿church,﻿Sacred Heart of Jesus and Mary,English,,,,﻿Milwaukee County,﻿Milwaukee County,﻿Franklin,﻿Franklin,﻿WI,,43.0724667,-87.61863790000001,,,,,﻿w_bonenkamp_001,﻿Rev.,﻿W. Bonenkamp,,,,,,,1869.0,Milwaukee
﻿mil.wi.0083,﻿church,﻿St. Nicholas',English,,,,﻿Ozaukee County,﻿Ozaukee County,﻿Fredonia,﻿Fredonia,﻿WI,,43.4705552,-87.95064649999999,,,,,﻿p_schwaiger_001,﻿Rev.,﻿P. Schwaiger,,,,,,,1869.0,Milwaukee
﻿mil.wi.0084,﻿church,﻿Mother of Dolors,English,,,,﻿Ozaukee County,﻿Ozaukee County,﻿Fredonia,﻿Fredonia,﻿WI,,42.6708421,-89.2090036,,﻿Attended by Rev. J. Welter,,,,,,,,,,,,1869.0,Milwaukee
﻿mil.wi.0085,﻿church,﻿St. Anthony's,English,,,,﻿Waukesha County,﻿Waukesha County,﻿Fussville,﻿Menomonee Falls,﻿WI,,43.1527231,-88.0790123,,,,,﻿l_m_mueller_001,﻿Rev.,﻿L. M. Mueller,,,,,,,1869.0,Milwaukee
﻿mil.wi.0086,﻿church,﻿St. Paul's,English,,,,﻿Waukesha County,﻿Waukesha County,﻿Genesee,﻿Genesee,﻿WI,,42.974661,-88.377606,,﻿Attended by Rev. P. Deberge,,﻿Church for F. Deberge. Typo?,,,,,,,,,,1869.0,Milwaukee
﻿mil.wi.0087,﻿church,﻿St. Francis of Sales,English,,,,﻿Walworth County,﻿Walworth County,﻿Geneva,﻿Geneva,﻿WI,,42.638604799999996,-88.4597673,,,,,﻿b_smeddink_001,﻿Rev.,﻿B. Smeddink,,,,,,,1869.0,Milwaukee
﻿mil.wi.0088,﻿church,﻿St. Boniface's,English,,,,﻿Washington County,﻿Washington County,﻿Germantown,﻿Germantown,﻿WI,,43.2347153,-88.1615707,,,,,﻿j_gamber_001,﻿Rev.,﻿J. Gamber,,,,,,,1869.0,Milwaukee
﻿mil.wi.0089,﻿church,﻿St. Michael's,English,,,,﻿Milwaukee County,﻿Milwaukee County,﻿Granville,﻿Granville,﻿WI,,43.1775083,-88.04397850000001,,,,,﻿cha_schilling_001,﻿Rev.,﻿Chas. Schilling,,,,,,,1869.0,Milwaukee
﻿mil.wi.0090,﻿church,﻿St. Catharine's,English,,,,﻿Milwaukee County,﻿Milwaukee County,﻿Granville,﻿Granville,﻿WI,,43.1775083,-88.04397850000001,,,,,﻿cha_schilling_001,﻿Rev.,﻿Chas. Schilling,,,,,,,1869.0,Milwaukee
﻿mil.wi.0091,﻿church,﻿St. Martin's,English,,,,﻿Milwaukee County,﻿Milwaukee County,﻿Granville,﻿Granville,﻿WI,,43.1775083,-88.04397850000001,,,,,﻿cha_schilling_001,﻿Rev.,﻿Chas. Schilling,,,,,,,1869.0,Milwaukee
﻿mil.wi.0092,﻿church,﻿St. Fridolin's,English,﻿vacant,,,﻿Sheboygan County,﻿Sheboygan County,﻿Glenbulah,﻿Glenbeulah,﻿WI,,43.798949799999995,-88.04629140000002,,,﻿Vacant,,,,,,,,,,,1869.0,Milwaukee
﻿mil.wi.0093,﻿church,﻿St. Sebastian's,English,,,,﻿Grant County,﻿Grant County,﻿Glenhaven,﻿Glen Haven,﻿WI,,42.827198700000004,-91.0718478,,﻿Attended from Cassville,,,,,,,,,,,,1869.0,Milwaukee
﻿mil.wi.0094,﻿church,﻿St. Joseph's,English,,,,﻿Ozaukee County,﻿Ozaukee County,﻿Grafton,﻿Grafton,﻿WI,,43.3197265,-87.9534226,,,,,﻿n_moës_001,﻿Rev.,﻿N. Moës,,,,,,,1869.0,Milwaukee
﻿mil.wi.0095,﻿church,﻿St. Francis Xavier's,English,,,,﻿Ozaukee County,﻿Ozaukee County,﻿Grafton,﻿Grafton,﻿WI,,43.3528037,-87.9648159,,,,,﻿n_moës_001,﻿Rev.,﻿N. Moës,,,,,,,1869.0,Milwaukee
﻿mil.wi.0096,﻿church,﻿St. Mary's,English,,,,﻿Milwaukee County,﻿Milwaukee County,﻿Greenfield,﻿Greenfield,﻿WI,,42.9614039,-88.0125865,,﻿Attended by Rev. E. O'Connor,,,,,,,,,,,,1869.0,Milwaukee
﻿mil.wi.0097,﻿church,﻿Holy Sacrament,﻿German,,,,﻿Milwaukee County,﻿Milwaukee County,﻿Greenfield,﻿Greenfield,﻿WI,,42.9706112,-88.0541405,,﻿Attended by Rev. H. Muckerheide,,,,,,,,,,,,1869.0,Milwaukee
﻿mil.wi.0098,﻿church,﻿St. Lawrence's,English,,,,﻿Washington County,﻿Washington County,﻿Hartford,﻿Hartford,﻿WI,,43.35419520000001,-88.3483366,,,,,﻿m_weis_001,﻿Rev.,﻿M. Weis,,,,,,,1869.0,Milwaukee
﻿mil.wi.0099,﻿church,﻿St. Killian's,English,,,,﻿Washington County,﻿Washington County,﻿Hartford,﻿Hartford,﻿WI,,43.322094,-88.381987,,,,,﻿f_s_muench_001,﻿Rev.,﻿F. St. Muench,,,,,,,1869.0,Milwaukee
﻿mil.wi.0100,﻿church,﻿St. Francis',English,,,,﻿Grant County,﻿Grant County,﻿Hazel Green,﻿Hazel Green,﻿WI,,42.536699299999995,-90.435959,,,,,﻿jos_kleiber_001,﻿Rev.,﻿Jos. Kleiber,,,,,,,1869.0,Milwaukee
﻿mil.wi.0101,﻿church,﻿St. John's,English,,,,﻿Dodge County,﻿Dodge County,﻿Herman,﻿Herman,﻿WI,,43.3759953,-88.4809374,,﻿Attended by Rev. J. Friedl,,,,,,,,,,,,1869.0,Milwaukee
﻿mil.wi.0102,﻿church,﻿St. Joseph's,English,,,,﻿Sheboygan County,﻿Sheboygan County,﻿Herman,﻿Herman,﻿WI,,43.600762100000004,-87.9922684,,﻿Attended by Rev. J. Lutz,,,,,,,,,,,,1869.0,Milwaukee
﻿mil.wi.0103,﻿church,﻿St. Fideli's,English,,,,﻿Sheboygan County,﻿Sheboygan County,﻿Herman,﻿Herman,﻿WI,,43.866723,-87.8746146,,﻿Attended by Rev. A. Zuber,,﻿Two churches for F. Zuber. Typo?,,,,,,,,,,1869.0,Milwaukee
﻿mil.wi.0104,﻿church,﻿St. Philip's,English,,,,﻿Iowa County,﻿Iowa County,﻿Highland,﻿Highland,﻿WI,,43.046303,-90.3825987,,,,,﻿s_trant_001,﻿Rev.,﻿S. Trant,,,,,,,1869.0,Milwaukee
﻿mil.wi.0105,﻿church,﻿St. John Nepomucene's,English,,,,﻿Iowa County,﻿Iowa County,﻿Highland,﻿Highland,﻿WI,,42.9416737,-90.0746767,,,,,﻿f_x_weinhart_001,﻿Rev.,﻿F. X. Weinhart,,,,,,,1869.0,Milwaukee
﻿mil.wi.0106,﻿church,﻿St. Malachy's,English,,,,﻿Dodge County,﻿Dodge County,﻿Horicon,﻿Horicon,﻿WI,,43.444012,-88.6331964,,﻿Attended from Beaver Dam,,,,,,,,,,,,1869.0,Milwaukee
﻿mil.wi.0107,﻿church,﻿St. Anne's,English,,,,﻿Calumet County,﻿Calumet County,﻿Holstein,﻿New Holstein,﻿WI,,43.896117100000005,-88.1230375,,,,,﻿j_stehle_001,﻿Rev.,﻿J. Stehle,,,,,,,1869.0,Milwaukee
﻿mil.wi.0108,﻿church,﻿St. Kilian's,English,,,,﻿Walworth County,,﻿Hudson,,﻿WI,,42.6202834,-88.556531,,﻿Attended by Rev. B. Smeddink,,,,,,,,,,,,1869.0,Milwaukee
﻿mil.wi.0109,﻿church,﻿St. Augustine's,English,,,,﻿Ozaukee County,﻿Washington County,﻿Jackson,﻿Jackson,﻿WI,,43.381949600000006,-87.61863790000001,,﻿Attended by Rev. M. Wenker,,,,,,,,,,,,1869.0,Milwaukee
﻿mil.wi.0110,﻿church,"﻿St. Mary's, Immaculate Conception",English,,,,﻿Ozaukee County,﻿Washington County,﻿Jackson,﻿Jackson,﻿WI,,43.381949600000006,-87.61863790000001,,﻿Attended by Rev. H. McMahon,,,,,,,,,,,,1869.0,Milwaukee
﻿mil.wi.0111,﻿church,﻿St. Patrick's,English,,,,﻿Rock County,﻿Rock County,﻿Janesville,﻿Janesville,﻿WI,,42.6763644,-89.025287,,,,,﻿jam_doyle_001,﻿Rev.,﻿James Doyle,,,,,,,1869.0,Milwaukee
﻿mil.wi.0112,﻿church,﻿St. John Baptist's,English,,,,﻿Jefferson County,﻿Jefferson County,﻿Jefferson,﻿Jefferson,﻿WI,,43.0069456,-88.8022097,,,,,﻿j_friedl_001,﻿Rev.,﻿J. Friedl,,,,,,,1869.0,Milwaukee
﻿mil.wi.0113,﻿church,﻿St. Lawrence's,English,,,,﻿Jefferson County,﻿Jefferson County,﻿Jefferson,﻿Jefferson,﻿WI,,43.0049651,-88.7791913,,,,,﻿f_x_obermueller_001,﻿Rev.,﻿F. X. Obermueller,,,,,,,1869.0,Milwaukee
﻿mil.wi.0114,﻿church,﻿St. Mark's,English,,,,﻿Kenosha County,﻿Kenosha County,﻿Kenosha,﻿Kenosha,﻿WI,,42.5681355,-87.8249189,,,,,﻿e_mcguirk_001,﻿Rev.,﻿E. McGuirk,,,,,,,1869.0,Milwaukee
﻿mil.wi.0115,﻿church,﻿St. George's,﻿German,,,,﻿Kenosha County,﻿Kenosha County,﻿Kenosha,﻿Kenosha,﻿WI,,42.5811225,-87.872016,,,,,﻿m_beiter_001,﻿Rev.,﻿M. Beiter,,,,,,,1869.0,Milwaukee
﻿mil.wi.0116,﻿church,﻿St. Pius',English,,,,﻿Lafayette County,﻿Lafayette County,﻿Kendaltown,﻿Kendall,﻿WI,,42.76597520000001,-90.2432307,,﻿Attended by Rev. E. McGinnity,,,,,,,,,,,,1869.0,Milwaukee
﻿mil.wi.0117,﻿church,﻿St. Bridget's,English,,,,﻿Washington County,﻿Washington County,﻿Kewaskee,﻿Kewaskum,﻿WI,,43.78443970000001,-88.7878678,,,,,﻿m_ruckengruber_001,﻿Rev.,﻿M. Ruckengruber,,,,,,,1869.0,Milwaukee
﻿mil.wi.0118,﻿church,﻿St. Michael's,English,,,,﻿Washington County,﻿Washington County,﻿Kewaskum,﻿Kewaskum,﻿WI,,43.520830200000006,-88.22898509999999,,,,,﻿m_ruckengruber_001,﻿Rev.,﻿M. Ruckengruber,,,,,,,1869.0,Milwaukee
﻿mil.wi.0119,﻿church,﻿Holy Trinity,English,,,,﻿Washington County,﻿Washington County,﻿Kewaskum,﻿Kewaskum,﻿WI,,43.520830200000006,-88.22898509999999,,,,,﻿m_ruckengruber_001,﻿Rev.,﻿M. Ruckengruber,,,,,,,1869.0,Milwaukee
﻿mil.wi.0120,﻿church,﻿St. James',English,,,,﻿Milwaukee County,﻿Milwaukee County,﻿Lake Town,﻿Lake,﻿WI,,43.0484804,-88.0009069,,﻿Attended from New-Koeln,,,,,,,,,,,,1869.0,Milwaukee
﻿mil.wi.0121,﻿church,﻿St. Mary's ad fontam,English,,,,﻿Marquette County,,﻿La Cote St. Marie,,﻿WI,,43.865322,-89.3226954,,﻿Attended by Rev. E. Dael,,,,,,,,,,,,1869.0,Milwaukee
﻿mil.wi.0122,﻿church,﻿St. Columban's,English,,,,﻿Waukesha County,﻿Waukesha County,﻿Lake Five,﻿Lake Five,﻿WI,,43.192506099999996,-88.2709274,,﻿Attended by Rev. M. Hannan,,,,,,,,,,,,1869.0,Milwaukee
﻿mil.wi.0123,﻿church,﻿St. Clement's,English,,,,﻿Grant County,﻿Grant County,﻿Lancaster,﻿Lancaster,﻿WI,,42.8474905,-90.7106821,,﻿Attended from Potosi,,,,,,,,,,,,1869.0,Milwaukee
﻿mil.wi.0124,﻿church,﻿St. Rosa's,English,,,,﻿Sheboygan County,﻿Sheboygan County,﻿Lima,﻿Lima,﻿WI,,43.67538629999999,-87.8746146,,﻿Visited by Rev. J. A. Mueller,,,,,,,,,,,,1869.0,Milwaukee
﻿mil.wi.0125,﻿church,﻿St. John Baptist's,English,,,,﻿Fond du Lac County,﻿Fond du Lac County,﻿Lamartine,﻿Lamartine,﻿WI,,43.7333214,-88.5687187,,﻿Attended from Fond du Lac City,,,,,,,,,,,,1869.0,Milwaukee
﻿mil.wi.0126,﻿church,﻿St. Andrew's,English,,,,﻿Dodge County,﻿Dodge County,﻿Loomara,﻿Lomira,﻿WI,,43.591382,-88.443713,,,,,﻿m_deisenrieder_001,﻿Rev.,﻿M. Deisenrieder,,,,,,,1869.0,Milwaukee
﻿mil.wi.0127,﻿church,﻿St. Benedict's,English,,,,﻿Walworth County,﻿Walworth County,﻿Lyons,﻿Lyons,﻿WI,,42.6511277,-88.3584276,,﻿Attended by Rev. B. Smeddink,,,,,,,,,,,,1869.0,Milwaukee
﻿mil.wi.0128,﻿church,﻿St. Raphael's,English,,,,﻿Dane County,﻿Dane County,﻿Madison,﻿Madison,﻿WI,,43.076931200000004,-89.3791922,,,,,﻿jos_smith_001,﻿Rev.,﻿Jos. Smith,,,,,,,1869.0,Milwaukee
﻿mil.wi.0129,﻿church,﻿Holy Redeemer,﻿German,,,,﻿Dane County,﻿Dane County,﻿Madison,﻿Madison,﻿WI,,43.076931200000004,-89.3791922,,,,,﻿m_obermueller_001,﻿Rev.,﻿M. Obermueller,,,,,,,1869.0,Milwaukee
﻿mil.wi.0130,﻿church,﻿St. Boniface's,English,,,,﻿Manitowoc County,﻿Manitowoc County,﻿Manitowoc,﻿Manitowoc,﻿WI,,44.0886059,-87.657584,,,,,﻿jos_faessler_001,﻿Rev.,﻿Jos. Faessler,,,,,,,1869.0,Milwaukee
﻿mil.wi.0131,﻿church,﻿St. Catharine's,English,,,,﻿Waukesha County,﻿Waukesha County,﻿Mapleton,﻿Oconomowoc,﻿WI,,43.1748098,-88.4583494,,,,,﻿i_w_vahey_001,﻿Rev.,﻿I. W. Vahey,,,,,,,1869.0,Milwaukee
﻿mil.wi.0132,﻿church,﻿Holy Cross,English,﻿Convent of the Capuchin Fathers of Calvary,,,﻿Fond du Lac County,﻿Fond du Lac County,﻿Marshfield,﻿Marshfield,﻿WI,,43.872099600000006,-88.1876676,,,,,,,,,,,,,,1869.0,Milwaukee
﻿mil.wi.0133,﻿church,﻿St. Joseph's,English,,,,﻿Fond du Lac County,﻿Fond du Lac County,﻿Marshfield,﻿Marshfield,﻿WI,,43.855265700000004,-88.1900771,,﻿Attended from Calvary,,,,,,,,,,,,1869.0,Milwaukee
﻿mil.wi.0134,﻿church,﻿Visitation B.V.M.,English,,,,﻿Calumet County,﻿Fond du Lac County,﻿Marytown,﻿Marytown,﻿WI,,43.9164891,-88.20350570000001,,,,,﻿fat_cajetan_001,﻿Rev.,﻿Father Cajetan,﻿O.M.C.,,,,,,1869.0,Milwaukee
﻿mil.wi.0135,﻿church,﻿St. Mary's,English,﻿vacant,,,﻿Dodge County,﻿Dodge County,﻿Mayville,﻿Mayville,﻿WI,,43.4929356,-88.5407267,,,﻿Vacant,,,,,,,,,,,1869.0,Milwaukee
﻿mil.wi.0136,﻿church,﻿St. Isidore's,English,,,,﻿Manitowoc County,﻿Manitowoc County,﻿Meeme,﻿Meeme,﻿WI,,43.9205494,-87.8314781,,,,,﻿l_kenny_001,﻿Rev.,﻿L. Kenny,,,,,,,1869.0,Milwaukee
﻿mil.wi.0137,﻿church,﻿St. Mary's Immaculate Conception,English,,,,﻿Grant County,﻿Grant County,﻿Menomonee,﻿Hazel Green,﻿WI,,42.511189,-90.63192,,,,,﻿p_oeshger_001,﻿Rev.,﻿P. Oeshger,,,,,,,1869.0,Milwaukee
﻿mil.wi.0138,﻿church,﻿St. James',English,,,,﻿Waukesha County,﻿Waukesha County,﻿Menomonee,﻿Menomonee Falls,﻿WI,,43.136322,-88.18305959999999,,,,,﻿j_fitzgibbon_001,﻿Rev.,﻿J. Fitzgibbon,,,,,,,1869.0,Milwaukee
﻿mil.wi.0138,﻿church,﻿St. James',English,,,,﻿Waukesha County,﻿Waukesha County,﻿Menomonee,﻿Menomonee Falls,﻿WI,,43.136322,-88.18305959999999,,,,,﻿jam_f_morris_001,﻿Rev.,﻿James F. Morris,,,,,,,1869.0,Milwaukee
﻿mil.wi.0139,﻿church,﻿St. James',English,,,,﻿Ozaukee County,﻿Washington County,﻿Megnon,﻿Mequon,﻿WI,,43.381949600000006,-87.61863790000001,,﻿Attended by N. Moës,,,,,,,,,,,,1869.0,Milwaukee
﻿mil.wi.0140,﻿church,﻿St. John Baptist's,English,,,,﻿Grant County,﻿Iowa County,﻿Miffin,﻿Miffin,﻿WI,,42.871105,-90.354015,,﻿Attended by M. Morris,,,,,,,,,,,,1869.0,Milwaukee
﻿mil.wi.0141,﻿church,﻿St. Malachy's,English,,,,﻿Jefferson County,﻿Jefferson County,﻿Milford,﻿Milford,﻿WI,,43.188369200000004,-88.733814,,﻿Attended by H. Roche,,,,,,,,,,,,1869.0,Milwaukee
﻿mil.wi.0142,﻿church,﻿St. Paul's,English,,,,﻿Iowa County,﻿Iowa County,﻿Mineral Point,﻿Mineral Point,﻿WI,,42.8570927,-90.1886884,,,,,﻿f_mcgann_001,﻿Rev.,﻿F. McGann,,,,,,,1869.0,Milwaukee
﻿mil.wi.0143,﻿church,﻿St. Michael's,English,,,,﻿Sheboygan County,﻿Sheboygan County,﻿Mitchell,﻿Mitchell,﻿WI,,43.689522700000005,-87.61863790000001,,﻿Attended from Cascade,,,,,,,,,,,,1869.0,Milwaukee
﻿mil.wi.0144,﻿church,﻿St. John's,English,,,,﻿Waukesha County,﻿Waukesha County,﻿Monches,﻿Merton,﻿WI,,43.140603399999996,-88.3081923,,,,,﻿m_hannan_001,﻿Rev.,﻿M. Hannan,,,,,,,1869.0,Milwaukee
﻿mil.wi.0145,﻿church,﻿St. Victor's,English,,,,﻿Green County,﻿Green County,﻿Monroe,﻿Monroe,﻿WI,,42.5982211,-89.6352537,,,,,﻿joh_casey_001,﻿Rev.,﻿John Casey,,,,,,,1869.0,Milwaukee
﻿mil.wi.0146,﻿church,﻿St. Mary's,English,,,,﻿Green County,﻿Green County,﻿Monroe,﻿Monroe,﻿WI,,42.7406087,-89.59576009999999,,,,,﻿joh_casey_001,﻿Rev.,﻿John Casey,,,,,,,1869.0,Milwaukee
﻿mil.wi.0147,﻿church,﻿St. Lawrence O'Toole's,English,,,,﻿Grant County,﻿Grant County,﻿Mount Hope,﻿Mount Hope,﻿WI,,43.0069184,-90.8167916,,,,,﻿tho_hadnett_001,﻿Rev.,﻿Thos. Hadnett,,,,,,,1869.0,Milwaukee
﻿mil.wi.0148,﻿church,﻿St. Barnabas's,English,,,,﻿Dane County,﻿Dane County,﻿Mozzomanie,﻿Mazomanie,﻿WI,,43.1726874,-89.79170340000002,,,,,﻿m_morris_001,﻿Rev.,﻿M. Morris,,,,,,,1869.0,Milwaukee
﻿mil.wi.0149,﻿church,﻿St. Bartholomew's,English,,,,﻿Grant County,﻿Grant County,﻿Muscoda,﻿Muscoda,﻿WI,,43.1849868,-90.4431807,,﻿Attended by Rev. F. X. Weinhart,,,,,,,,,,,,1869.0,Milwaukee
﻿mil.wi.0150,﻿church,﻿St. Matthew's,English,,,,﻿Dodge County,﻿Dodge County,﻿Neosha,﻿Neosho,﻿WI,,43.31300770000001,-88.51959029999999,,,,,﻿d_thill_001,﻿Rev.,﻿D. Thill,,,,,,,1869.0,Milwaukee
﻿mil.wi.0151,﻿church,﻿St. Valerius's,English,,,,﻿Waukesha County,﻿Waukesha County,﻿New Berlin,﻿New Berlin,﻿WI,,42.9764549,-88.1083897,,,,,﻿m_seebold_001,﻿Rev.,﻿M. Seebold,,,,,,,1869.0,Milwaukee
﻿mil.wi.0152,﻿church,﻿Holy Trinity,English,,,,﻿Washington County,﻿Washington County,﻿Newburgh,﻿Newburg,﻿WI,,43.431667100000006,-88.0464812,,,,,﻿m_wenker_001,﻿Rev.,﻿M. Wenker,,,,,,,1869.0,Milwaukee
﻿mil.wi.0153,﻿church,﻿St. Matthew's,English,,,,﻿Fond du Lac County,﻿Fond du Lac County,﻿New Castle,﻿Campbellsport,﻿WI,,43.5988406,-88.2755323,,﻿Attended from Ashford,,,,,,,,,,,,1869.0,Milwaukee
﻿mil.wi.0154,﻿church,﻿St. Augustine's,English,,,,﻿Lafayette County,﻿Lafayette County,﻿New Diggings,﻿New Diggings,﻿WI,,42.5352802,-90.3354051,,﻿Attended by Rev. G. Prendergast,,,,,,,,,,,,1869.0,Milwaukee
﻿mil.wi.0155,﻿church,﻿St. Stephens's,English,,,,﻿Milwaukee County,﻿Milwaukee County,﻿New Koeln,﻿Milwaukee,﻿WI,,43.0195539,-87.91651159999999,,,,,﻿ths_bruhin_001,﻿Rev.,﻿Ths. Bruhin,,,,,,,1869.0,Milwaukee
﻿mil.wi.0156,﻿church,﻿St. Casimir's,English,,,,﻿Manitowoc County,﻿Manitowoc County,﻿Newtown,﻿Newtown,﻿WI,,43.993742700000006,-87.7263327,,,,,﻿b_buetzinski_001,﻿Rev.,﻿B. Buetzinski,,,,,,,1869.0,Milwaukee
﻿mil.wi.0157,﻿church,﻿St. Peter's,English,,,,﻿Manitowoc County,﻿Manitowoc County,﻿Newtown,﻿Newtown,﻿WI,,43.993742700000006,-87.7263327,,﻿Attended from Manitowoc,,,,,,,,,,,,1869.0,Milwaukee
﻿mil.wi.0158,﻿church,﻿St. Matthews's,English,,,,﻿Milwaukee County,﻿Milwaukee County,﻿Oak Creek,﻿Oak Creek,﻿WI,,42.8746545,-87.86135999999999,,﻿Attended by Rev. S. Woefle,,﻿Woelfe typo?,,,,,,,,,,1869.0,Milwaukee
﻿mil.wi.0159,﻿church,﻿St. Jerome's,English,,,,﻿Waukesha County,﻿Waukesha County,﻿Oconomowoc,﻿Oconomowoc,﻿WI,,43.09730510000001,-88.49367740000001,,﻿Visited by Rev. J. W. Vahey,,﻿IW Vahey? Typo?,,,,,,,,,,1869.0,Milwaukee
﻿mil.wi.0160,﻿church,﻿St. Matthew's,English,,,,﻿Fond du Lac County,﻿Fond du Lac County,﻿Osceola,﻿Osceola,﻿WI,,43.681370799999996,-88.2266434,,﻿Attended by Rev. N. Stehle,,,,,,,,,,,,1869.0,Milwaukee
﻿mil.wi.0161,﻿church,﻿St. Mary's,English,,,,﻿Winnebago County,﻿Winnebago County,﻿Omro,﻿Omro,﻿WI,,44.0336503,-88.7421848,,﻿Visited by Rev. M. Marco,,,,,,,,,,,,1869.0,Milwaukee
﻿mil.wi.0162,﻿church,﻿St. Vincent de Paul's,English,,,,﻿— County,﻿Winnebago County,﻿Oshkosh (South),﻿Oshkosh,﻿WI,,44.048403,-88.543971,,,,,﻿m_marco_002,﻿Rev.,﻿M. Marco,,,,,,,1869.0,Milwaukee
﻿mil.wi.0163,﻿church,﻿St. Patrick's,English,,,,﻿Columbia County,﻿Columbia County,﻿Ostego,﻿Otsego,﻿WI,,43.4022098,-89.16622480000001,,﻿Attended by Rev. J. C. Keefe,,﻿Is this J O'Keefe? typo?,,,,,,,,,,1869.0,Milwaukee
﻿mil.wi.0164,﻿church,﻿St. Bruno's,English,,,,﻿Waukesha County,﻿Waukesha County,﻿Ottawa,﻿Ottawa,﻿WI,,43.0111051,-88.4777095,,,,,﻿s_spath_001,﻿Rev.,﻿S. Spath,,,,,,,1869.0,Milwaukee
﻿mil.wi.0165,﻿church,﻿St. John Baptist's,English,,,,﻿Kenosha County,﻿Kenosha County,﻿Paris,﻿Paris,﻿WI,,42.633629799999994,-88.0514727,,﻿Attended by Rev. H. Reinhart,,,,,,,,,,,,1869.0,Milwaukee
﻿mil.wi.0166,﻿church,﻿St. John's,English,,,,﻿Grant County,﻿Grant County,﻿Patchgrove,﻿Patch Grove,﻿WI,,42.9402892,-90.9744634,,﻿Visited by Rev. T. P. Hodnett,,,,,,,,,,,,1869.0,Milwaukee
﻿mil.wi.0167,﻿church,﻿St. Salvador's,English,,,,﻿Dane County,﻿Dane County,﻿Perry,﻿Perry,﻿WI,,42.9169551,-89.385547,,﻿Visited by J. Hamm,,,,,,,,,,,,1869.0,Milwaukee
﻿mil.wi.0168,﻿church,﻿SS. Peter and Paul's,English,,,,﻿Waukesha County,﻿Waukesha County,﻿Pewaukee,﻿Pewaukee,﻿WI,,43.0654628,-88.2058043,,﻿Attended by Rev. P. Deberge,,﻿Church for F. Deberge. Typo?,,,,,,,,,,1869.0,Milwaukee
﻿mil.wi.0169,﻿church,﻿St. Bernard's,English,,,,﻿Dane County,﻿Dane County,﻿Piola,﻿Paoli,﻿WI,,42.9294441,-89.5237324,,﻿Attended by Rev. M. Obermueller,,,,,,,,,,,,1869.0,Milwaukee
﻿mil.wi.0170,﻿church,﻿St. Mary's,English,,,,﻿Grant County,﻿Grant County,﻿Platteville,﻿Platteville,﻿WI,,42.737178,-90.47859,,,,,﻿ph_albrecht_001,﻿Rev.,﻿Ph. Albrecht,,,,,,,1869.0,Milwaukee
﻿mil.wi.0171,﻿church,﻿St. John's,English,,,,﻿Sheboygan County,﻿Sheboygan County,﻿Plymouth,﻿Plymouth,﻿WI,,43.7494262,-87.9777558,,﻿Visited by Rev. M. Haider,,,,,,,,,,,,1869.0,Milwaukee
﻿mil.wi.0172,﻿church,﻿St. Mary's,English,,,,﻿Ozaukee County,﻿Ozaukee County,﻿Port Washington,﻿Port Washington,﻿WI,,43.391873,-87.86899059999999,,,,,﻿a_durst_001,﻿Rev.,﻿A. Durst,,,,,,,1869.0,Milwaukee
﻿mil.wi.0173,﻿church,﻿St. Thomas's,English,,,,﻿Grant County,﻿Grant County,﻿Potosi,﻿Potosi,﻿WI,,42.686561499999996,-90.7144469,,,,,﻿t_hodnett_001,﻿Rev.,﻿T. Hodnett,,,,,,,1869.0,Milwaukee
﻿mil.wi.0174,﻿church,﻿St. Andrew's,﻿German,,,,﻿Grant County,﻿Grant County,﻿Potosi,﻿Potosi,﻿WI,,42.6894392,-90.7120713,,,,,﻿m_de-becke_001,﻿Rev.,﻿M. De Becke,,,,,,,1869.0,Milwaukee
﻿mil.wi.0175,﻿church,﻿St. Michael's,English,,,,﻿Rock County,,﻿Pottertown,,﻿WI,,42.6251506,-89.0179332,,,,,﻿chs_farrelly_001,﻿Rev.,﻿Chs. Farrelly,,,,,,,1869.0,Milwaukee
﻿mil.wi.0176,﻿church,﻿St. Patrick's,English,,,,﻿Racine County,﻿Racine County,﻿Racine,﻿Racine,﻿WI,,42.7343856,-87.7874661,,,,,﻿g_w_matthews_001,﻿Rev.,﻿G. W. Matthews,,,,,,,1869.0,Milwaukee
﻿mil.wi.0177,﻿church,﻿St. Mary's,﻿German,,,,﻿Racine County,﻿Racine County,﻿Racine,﻿Racine,﻿WI,,42.7261309,-87.78285229999999,,,,,﻿f_etschmann_001,﻿Rev.,﻿F. Etschmann,,,,,,,1869.0,Milwaukee
﻿mil.wi.0178,﻿church,﻿St. Hubert's,English,,,,﻿Washington County,﻿Washington County,﻿Richfield,﻿Richfield,﻿WI,,43.2324982,-88.2157651,,﻿Attended by Rev. Gamber,,,,,,,,,,,,1869.0,Milwaukee
﻿mil.wi.0179,﻿church,﻿Holy Maternity,English,,,,﻿Washington County,﻿Washington County,﻿Richfield,﻿Richfield,﻿WI,,43.2562201,-88.1943651,,﻿Attended by Rev. Gamber,,,,,,,,,,,,1869.0,Milwaukee
﻿mil.wi.0180,﻿church,﻿St. Augustine's,English,,,,﻿Washington County,﻿Washington County,﻿Richfield,﻿Richfield,﻿WI,,43.2191057,-88.2266434,,﻿Attended by Rev. Gamber,,,,,,,,,,,,1869.0,Milwaukee
﻿mil.wi.0181,﻿church,﻿St. Joseph's,English,,,,﻿Jefferson County,﻿Dodge County,﻿Richwood,﻿Richwood,﻿WI,,43.241389,-88.783056,,,,,﻿h_roche_001,﻿Rev.,﻿H. Roche,,,,,,,1869.0,Milwaukee
﻿mil.wi.0182,﻿church,﻿St. Bridget's,English,,,,﻿Iowa County,﻿Iowa County,﻿Ridgeway,﻿Ridgeway,﻿WI,,42.997718,-89.995869,,﻿Attended by F. McGann,,,,,,,,,,,,1869.0,Milwaukee
﻿mil.wi.0183,﻿church,﻿St. Patrick's,English,,,,﻿Fond du Lac County,﻿Fond du Lac County,﻿Ripon,﻿Ripon,﻿WI,,43.784720799999995,-88.44675500000001,,,,,﻿e_gray_001,﻿Rev.,﻿E. Gray,,,,,,,1869.0,Milwaukee
﻿mil.wi.0184,﻿church,﻿St. Norbert's,English,,,,﻿Dane County,﻿Dane County,﻿Roxbury,﻿Roxbury,﻿WI,,43.250644,-89.67728100000001,,,,,﻿a_inama_001,﻿Rev.,﻿A. Inama,﻿O.P.,,,,,,1869.0,Milwaukee
﻿mil.wi.0185,﻿church,﻿St. Andrew's,English,,,,﻿Sheboygan County,﻿Sheboygan County,﻿Rhine,﻿Rhine,﻿WI,,43.8162539,-88.0072532,,﻿Attended by Rev. M. Haider,,,,,,,,,,,,1869.0,Milwaukee
﻿mil.wi.0186,﻿church,not recorded,English,,,,﻿Milwaukee County,,﻿St. Francis Station,,﻿WI,,42.9716437,-87.87589390000001,,,,,﻿jos_rainer_001,﻿Rev.,﻿Joseph Rainer,,,,,,,1869.0,Milwaukee
﻿mil.wi.0187,﻿church,﻿St. Martin's,English,,,,﻿Dane County,﻿Dane County,﻿Springfield,﻿Springfield,﻿WI,,43.1806778,-89.5896887,,,,,﻿a_zitterl_001,﻿Rev.,﻿A. Zitterl,,,,,,,1869.0,Milwaukee
﻿mil.wi.0188,﻿church,﻿St. Peter's,English,,,,﻿Dane County,﻿Dane County,﻿Springfield,﻿Springfield,﻿WI,,43.1395024,-89.5409553,,,,,﻿f_sailer_001,﻿Rev.,﻿F. Sailer,,,,,,,1869.0,Milwaukee
﻿mil.wi.0189,﻿church,﻿St. Mary's Immaculate Conception,English,,,,﻿Ozaukee County,﻿Ozaukee County,﻿Saukville,﻿Saukville,﻿WI,,43.3768781,-87.94382929999999,,,,,﻿f_vaissem_001,﻿Rev.,﻿F. Vaissem,,,,,,,1869.0,Milwaukee
﻿mil.wi.0190,﻿church,﻿St. Finbar's,English,,,,﻿Ozaukee County,﻿Ozaukee County,﻿Saukville,﻿Saukville,﻿WI,,43.441187,-88.0006754,,﻿Attended by Rev. M. Wenker,,,,,,,,,,,,1869.0,Milwaukee
﻿mil.wi.0191,﻿church,﻿St. Peter's,English,,,,﻿Washington County,﻿Washington County,﻿Schleisingerville,﻿Slinger,﻿WI,,43.333613,-88.28620649999999,,﻿Attended by Rev. M. Weis,,,,,,,,,,,,1869.0,Milwaukee
﻿mil.wi.0191,﻿church,﻿St. Peter's,English,,,,﻿Manitowoc County,﻿Manitowoc County,﻿Schleswig,﻿Slinger,﻿WI,,43.333613,-88.28620649999999,,﻿Attended by Rev. J. Stehle,,,,,,,,,,,,1869.0,Milwaukee
﻿mil.wi.0192,﻿church,﻿Our Lady of Hope,English,,,,﻿Lafayette County,﻿Lafayette County,﻿Seymour,﻿Seymour,﻿WI,,42.652415399999995,-90.2494686,,﻿Attended by Rev. E. McGinnity,,,,,,,,,,,,1869.0,Milwaukee
﻿mil.wi.0193,﻿church,﻿St. Magdalene's,English,,,,﻿Sheboygan County,﻿Sheboygan County,﻿Sheboygan,﻿Sheboygan,﻿WI,,43.750828399999996,-87.71453000000001,,,,,﻿m_haider_001,﻿Rev.,﻿M. Haider,,,,,,,1869.0,Milwaukee
﻿mil.wi.0194,﻿church,﻿St. Mary's,English,,,,﻿Sheboygan County,﻿Sheboygan County,﻿Silver Creek,﻿Sherman,﻿WI,,43.600762100000004,-87.9922684,,﻿Attended by Rev. T. Tiernan,,,,,,,,,,,,1869.0,Milwaukee
﻿mil.wi.0195,﻿church,﻿St. Dominic's,English,,,,﻿Grant County,﻿Grant County,﻿Sinsinawa,﻿Sinsinawa,﻿WI,,42.5208114,-90.53855959999999,,,,,﻿l_power_001,﻿Rev.,﻿L. Power,﻿O.P.,,,,,,1869.0,Milwaukee
﻿mil.wi.0196,﻿church,﻿St. Matthew's,English,,,,﻿Lafayette County,﻿Lafayette County,﻿Shullsburgh,﻿Shullsburg,﻿WI,,42.574394700000006,-90.230549,,,,,﻿j_j_kinsella_001,﻿Rev.,﻿J. J. Kinsella,,,,,,,1869.0,Milwaukee
﻿mil.wi.0197,﻿church,﻿Holy Mary of Help,English,,,,﻿Fond du Lac County,﻿Fond du Lac County,﻿Springvale,﻿Springvale,﻿WI,,43.764244299999994,-88.6916315,,﻿Visited by Rev. E. Gray,,,,,,,,,,,,1869.0,Milwaukee
﻿mil.wi.0198,﻿church,﻿St. Joseph's,English,,,,﻿Dane County,﻿Dane County,﻿Sun Prairie,﻿Sun Prairie,﻿WI,,43.180914,-89.2158955,,,,,﻿a_faeckler_001,﻿Rev.,﻿A. Faeckler,,,,,,,1869.0,Milwaukee
﻿mil.wi.0199,﻿church,﻿Sacred Hearts of Jesus and Mary,English,,,,﻿Dane County,﻿Dane County,﻿Sun Prairie,﻿Sun Prairie,﻿WI,,43.1862155,-89.2101664,,,,,﻿h_wilmes_001,﻿Rev.,﻿H. Wilmes,,,,,,,1869.0,Milwaukee
﻿mil.wi.0200,﻿church,﻿St. John the Baptist's,English,,,,﻿Fond du Lac County,﻿Fond du Lac County,﻿Taycheda,﻿Taycheeda,﻿WI,,43.8088785,-88.3951057,,,,,﻿a_kieser_001,﻿Rev.,﻿A. Kieser,,,,,,,1869.0,Milwaukee
﻿mil.wi.0201,﻿church,﻿St. Peter's,English,,,,﻿Fond du Lac County,﻿Fond du Lac County,﻿Taycheda,﻿Taycheeda,﻿WI,,43.8088785,-88.3951057,,﻿Attended from Calvary,,,,,,,,,,,,1869.0,Milwaukee
﻿mil.wi.0202,﻿church,﻿St. Theresa's,English,,,,﻿Dodge County,﻿Dodge County,﻿Teresa,﻿Theresa,﻿WI,,43.5180817,-88.4530572,,,,,﻿g_strickner_001,﻿Rev.,﻿G. Strickner,,,,,,,1869.0,Milwaukee
﻿mil.wi.0203,﻿church,﻿St. Simon's,English,,,,﻿Dane County,﻿Dane County,﻿Vermont,﻿Vermont,﻿WI,,43.07757120000001,-89.7942892,,﻿Attended by Rev. M. Morris,,,,,,,,,,,,1869.0,Milwaukee
﻿mil.wi.0204,﻿church,﻿St. Margaret's,English,,,,﻿Dane County,﻿Dane County,﻿Vienna,﻿Vienna,﻿WI,,43.0186073,-89.5497632,,﻿Attended from Madison,,,,,,,,,,,,1869.0,Milwaukee
﻿mil.wi.0205,﻿church,﻿St. Philomena's,English,,,,﻿Lafayette County,﻿Lafayette County,﻿Viota,﻿Viota,﻿WI,,4.4373225,-74.5218152,,﻿Attended from Darlington,,,,,,,,,,,,1869.0,Milwaukee
﻿mil.wi.0206,﻿church,﻿St. Thomas Aquinas',English,,,,﻿Racine County,﻿Racine County,﻿Waterford,﻿Waterford,﻿WI,,42.7607764,-88.2120408,,,,,﻿m_j_joerger_001,﻿Rev.,﻿M. J. Joerger,,,,,,,1869.0,Milwaukee
﻿mil.wi.0207,﻿church,﻿St. Winceslaus',English,,,,﻿Jefferson County,﻿Jefferson County,﻿Waterloo,﻿Waterloo,﻿WI,,43.1610848,-88.9212665,,﻿Attended by Rev. F. Friedl,,,,,,,,,,,,1869.0,Milwaukee
﻿mil.wi.0208,﻿church,﻿St. Bernard's,English,,,,﻿Jefferson County,﻿Jefferson County,﻿Watertown,﻿Watertown,﻿WI,,43.194601899999995,-88.7291134,,,,,﻿p_f_petit_001,﻿Rev.,﻿P. F. Petit,,,,,,,1869.0,Milwaukee
﻿mil.wi.0209,﻿church,﻿St. Henry's,﻿German,,,,﻿Jefferson County,﻿Jefferson County,﻿Watertown,﻿Watertown,﻿WI,,43.196569399999994,-88.7209278,,,,,﻿m_minderer_001,﻿Rev.,﻿M. Minderer,,,,,,,1869.0,Milwaukee
﻿mil.wi.0210,﻿church,﻿St. Joseph's,English,,,,﻿Dodge County,﻿Dodge County,﻿Waupun,﻿Waupun,﻿WI,,43.6334815,-88.73772240000001,,,,,﻿g_l_willard_001,﻿Rev.,﻿G. L. Willard,,,,,,,1869.0,Milwaukee
﻿mil.wi.0211,﻿church,﻿St. Joseph's,English,,,,﻿Waukesha County,﻿Waukesha County,﻿Waukesha,﻿Waukesha,﻿WI,,43.0118544,-88.22675600000001,,,,,﻿f_deberge_001,﻿Rev.,﻿F. Deberge,,,,,,,1869.0,Milwaukee
﻿mil.wi.0212,﻿church,﻿Holy Angels',English,,,,﻿Washington County,﻿Washington County,﻿West Bend,﻿West Bend,﻿WI,,43.423964899999994,-88.1866863,,,,,﻿j_reindl_001,﻿Rev.,﻿J. Reindl,,,,,,,1869.0,Milwaukee
﻿mil.wi.0213,﻿church,﻿St. Matthias',English,,,,﻿Washington County,﻿Washington County,﻿West Bend,﻿West Bend,﻿WI,,43.4252776,-88.1834277,,﻿Visited by Rev. C. Rehrl,,,,,,,,,,,,1869.0,Milwaukee
﻿mil.wi.0214,﻿church,﻿St. Mary's ad Lacum,English,,,,﻿Dane County,﻿Dane County,﻿Westport,﻿Westport,﻿WI,,43.0186073,-89.5497632,,,,,﻿m_hobbs_001,﻿Rev.,﻿M. Hobbs,,,,,,,1869.0,Milwaukee
﻿mil.wi.0215,﻿church,﻿Holy Trinity,English,,,,﻿— County,﻿Calumet County,﻿West Brotherton,﻿Brothertown,﻿WI,,43.78443970000001,-88.7878678,,﻿Attended from Marytown,,,,,,,,,,,,1869.0,Milwaukee
﻿mil.wi.0216,﻿church,﻿St. Patrick's,English,,,,﻿Iowa County,﻿Iowa County,﻿Walwick,﻿Waldwick,﻿WI,,42.8255553,-90.039847,,﻿Attended by Rev. F. McGann,,,,,,,,,,,,1869.0,Milwaukee
﻿mil.wi.0217,﻿church,﻿St. Alphonsus',English,,,,﻿Kenosha County,﻿Kenosha County,﻿Wheatland,﻿Wheatland,﻿WI,,42.5804755,-88.2267186,,,,,﻿j_h_korphage_001,﻿Rev.,﻿J. H. Korphage,,,,,,,1869.0,Milwaukee
﻿mil.wi.0218,﻿church,﻿St. Patrick's,English,,,,﻿Walworth County,﻿Walworth County,﻿Whitewater,﻿Whitewater,﻿WI,,42.833958100000004,-88.75349709999999,,,,,﻿d_t_kirwan_001,﻿Rev.,﻿D. T. Kirwan,,,,,,,1869.0,Milwaukee
﻿mil.wi.0219,﻿church,﻿Holy Assumption,English,,,,﻿Lafayette County,﻿Lafayette County,﻿Willow Springs,﻿Willow Springs,﻿WI,,42.7482415,-90.1317987,,﻿Attended by Rev. E. McGinnity,,,,,,,,,,,,1869.0,Milwaukee
﻿mil.wi.0220,﻿church,﻿Holy Name of Jesus,English,,,,﻿Kenosha County,﻿Kenosha County,﻿Wilmot,﻿Wilmont,﻿WI,,42.513042600000006,-88.1825133,,,,,﻿w_fitzhenry_001,﻿Rev.,﻿W. Fitzhenry,,,,,,,1869.0,Milwaukee
﻿mil.wi.0221,﻿church,﻿St. George's,English,,,,﻿Sheboygan County,﻿Sheboygan County,﻿Wilson,﻿Wilson,﻿WI,,43.6698651,-87.7999433,,,,,﻿j_a_mueller_001,﻿Rev.,﻿J. A. Mueller,,,,,,,1869.0,Milwaukee
﻿mil.wi.0222,﻿church,﻿St. Mary's Annunciation,English,,,,﻿Dodge County,﻿Dodge County,﻿Woodland,﻿Woodland,﻿WI,,43.377519,-88.5211882,,﻿Attended from Neosha,,,,,,,,,,,,1869.0,Milwaukee
﻿mil.wi.0223,﻿church,﻿St. Augustine's,English,,,,﻿Columbia County,﻿Columbia County,﻿Wyocena,﻿Wyocena,﻿WI,,43.495816999999995,-89.3084506,,﻿Attended by Rev. J. O'Keefe,,,,,,,,,,,,1869.0,Milwaukee
﻿mil.wi.0224,﻿station,not recorded,English,,,,﻿Columbia County,﻿Columbia County,﻿Marcello,﻿Marcellon,﻿WI,,43.568593799999995,-89.2656724,,,,,,,,,,,,,,1869.0,Milwaukee
﻿mil.wi.0225,﻿station,not recorded,English,,,,﻿Columbia County,﻿Columbia County,﻿Caledonia,﻿Caledonia,﻿WI,,43.4635213,-89.5308903,,,,,,,,,,,,,,1869.0,Milwaukee
﻿mil.wi.0226,﻿station,not recorded,English,,,,﻿Columbia County,﻿Columbia County,﻿Prairie,﻿Prairie,﻿WI,,43.4046632,-89.3226954,,,,,,,,,,,,,,1869.0,Milwaukee
﻿mil.wi.0227,﻿station,not recorded,English,,,,﻿Dane County,﻿Dane County,﻿Cottage Grove,﻿Cottage Grove,﻿WI,,43.07610820000001,-89.1995593,,,,,,,,,,,,,,1869.0,Milwaukee
﻿mil.wi.0228,﻿station,not recorded,English,,,,﻿Dane County,﻿Dane County,﻿Dane,﻿Dane,﻿WI,,43.2505472,-89.5015088,,,,,,,,,,,,,,1869.0,Milwaukee
﻿mil.wi.0229,﻿station,not recorded,English,,,,﻿Dodge County,﻿Dodge County,﻿Lebanon,﻿Lebanon,﻿WI,,43.255277299999996,-88.62676809999999,,,,,,,,,,,,,,1869.0,Milwaukee
﻿mil.wi.0230,﻿station,not recorded,English,,,,﻿Dodge County,﻿Dodge County,﻿Lamira,﻿Lamira,﻿WI,,43.591382,-88.443713,,,,,,,,,,,,,,1869.0,Milwaukee
﻿mil.wi.0231,﻿station,not recorded,English,,,,﻿Dodge County,﻿Dodge County,﻿Iron Ridge,﻿Iron Ridge,﻿WI,,43.3997196,-88.5326008,,,,,,,,,,,,,,1869.0,Milwaukee
﻿mil.wi.0232,﻿station,not recorded,English,,,,﻿Dodge County,﻿Dodge County,﻿Lowell,﻿Lowell,﻿WI,,43.3402719,-88.8170497,,,,,,,,,,,,,,1869.0,Milwaukee
﻿mil.wi.0233,﻿station,not recorded,English,,,,﻿Fond du Lac County,﻿Fond du Lac County,﻿Rosendale,﻿Rosendale,﻿WI,,43.80776289999999,-88.674832,,,,,,,,,,,,,,1869.0,Milwaukee
﻿mil.wi.0234,﻿station,not recorded,English,,,,﻿Fond du Lac County,﻿Fond du Lac County,﻿Brandon,﻿Brandon,﻿WI,,43.7352624,-88.7812212,,,,,,,,,,,,,,1869.0,Milwaukee
﻿mil.wi.0235,﻿station,not recorded,English,,,,﻿Fond du Lac County,﻿Fond du Lac County,﻿Oakfield,﻿Oakfield,﻿WI,,43.686100700000004,-88.54649509999999,,,,,,,,,,,,,,1869.0,Milwaukee
﻿mil.wi.0236,﻿station,not recorded,English,,,,﻿Grant County,﻿Grant County,﻿Beetown,﻿Beetown,﻿WI,,42.794991100000004,-90.8854047,,,,,,,,,,,,,,1869.0,Milwaukee
﻿mil.wi.0237,﻿station,not recorded,English,,,,﻿Grant County,﻿Grant County,﻿Boscobel,﻿Boscobel,﻿WI,,43.134428899999996,-90.7054045,,,,,,,,,,,,,,1869.0,Milwaukee
﻿mil.wi.0238,﻿station,not recorded,English,,,,﻿Grant County,﻿Grant County,﻿Liberty,﻿Liberty,﻿WI,,42.8816013,-90.6204165,,,,,,,,,,,,,,1869.0,Milwaukee
﻿mil.wi.0239,﻿station,not recorded,English,,,,﻿Grant County,﻿Grant County,﻿Waterloo,﻿Waterloo,﻿WI,,42.7240274,-90.84845240000001,,,,,,,,,,,,,,1869.0,Milwaukee
﻿mil.wi.0240,﻿station,not recorded,English,,,,﻿Green Lake County,﻿Green Lake County,﻿Princeton,﻿Princeton,﻿WI,,43.85081339999999,-89.12178279999999,,,,,,,,,,,,,,1869.0,Milwaukee
﻿mil.wi.0241,﻿station,not recorded,English,,,,﻿Iowa County,﻿Iowa County,﻿Arina,﻿Arena,﻿WI,,43.165548,-89.91290129999999,,,,,,,,,,,,,,1869.0,Milwaukee
﻿mil.wi.0242,﻿station,not recorded,English,,,,﻿Iowa County,﻿Iowa County,﻿Avoca,﻿Avoca,﻿WI,,43.181933,-90.3245687,,,,,,,,,,,,,,1869.0,Milwaukee
﻿mil.wi.0243,﻿station,not recorded,English,,,,﻿Jefferson County,﻿Jefferson County,﻿Fort Atkinson,﻿Fort Atkinson,﻿WI,,42.9288944,-88.83705090000001,,,,,,,,,,,,,,1869.0,Milwaukee
﻿mil.wi.0244,﻿station,not recorded,English,,,,﻿Jefferson County,,﻿Pearlunawee,,﻿WI,,43.089927,-88.71089640000001,,,,,,,,,,,,,,1869.0,Milwaukee
﻿mil.wi.0245,﻿station,not recorded,English,,,,﻿Jefferson County,﻿Jefferson County,﻿Waterloo,﻿Waterloo,﻿WI,,43.1502808,-88.9222277,,,,,,,,,,,,,,1869.0,Milwaukee
﻿mil.wi.0246,﻿station,not recorded,English,,,,﻿Lafayette County,﻿Lafayette County,﻿Gratiot,﻿Gratiot,﻿WI,,42.5788935,-90.02262440000001,,,,,,,,,,,,,,1869.0,Milwaukee
﻿mil.wi.0247,﻿station,not recorded,English,,,,﻿Lafayette County,﻿Lafayette County,﻿Yellowstone,﻿Yellowstone,﻿WI,,42.79833,-89.97028,,,,,,,,,,,,,,1869.0,Milwaukee
﻿mil.wi.0248,﻿station,not recorded,English,,,,﻿Racine County,﻿Racine County,﻿Rochester,﻿Rochester,﻿WI,,42.741405799999995,-88.2242565,,,,,,,,,,,,,,1869.0,Milwaukee
﻿mil.wi.0249,﻿station,not recorded,English,,,,﻿Racine County,﻿Racine County,﻿Yorkville,﻿Yorkville,﻿WI,,42.7419627,-88.0267506,,,,,,,,,,,,,,1869.0,Milwaukee
﻿mil.wi.0250,﻿station,not recorded,English,,,,﻿Rock County,﻿Rock County,﻿Fulton,﻿Fulton,﻿WI,,42.8080616,-89.12761379999999,,,,,,,,,,,,,,1869.0,Milwaukee
﻿mil.wi.0251,﻿station,not recorded,English,,,,﻿Rock County,﻿Rock County,﻿Milton,﻿Milton,﻿WI,,42.7755645,-88.943999,,,,,,,,,,,,,,1869.0,Milwaukee
﻿mil.wi.0252,﻿station,not recorded,English,,,,﻿Rock County,﻿Rock County,﻿Spring Valley,﻿Spring Valley,﻿WI,,42.6583417,-89.3084495,,,,,,,,,,,,,,1869.0,Milwaukee
﻿mil.wi.0253,﻿station,not recorded,English,,,,﻿Rock County,,﻿Sugar River,﻿Brodhead,﻿WI,,42.636196999999996,-89.386535,,,,,,,,,,,,,,1869.0,Milwaukee
﻿mil.wi.0254,﻿station,not recorded,English,,,,﻿Waukesha County,﻿Waukesha County,﻿Delafield,﻿Delafield,﻿WI,,43.0599734,-88.40417590000001,,,,,,,,,,,,,,1869.0,Milwaukee
﻿mil.wi.0255,﻿station,not recorded,English,,,,﻿Waukesha County,﻿Waukesha County,﻿Muchwanago,﻿Mukwonago,﻿WI,,42.8631124,-88.332347,,,,,,,,,,,,,,1869.0,Milwaukee
﻿mil.wi.0256,﻿station,not recorded,English,,,,﻿Waukesha County,﻿Waukesha County,﻿Pewaukee,﻿Pewaukee,﻿WI,,43.0654628,-88.2058043,,,,,,,,,,,,,,1869.0,Milwaukee
﻿mil.wi.0257,﻿convent,﻿Capuchin Convent of Calvary,English,"﻿There are also a number of clerics, novices, and lay brothers.",﻿P.O. Calvary,,﻿Fond du Lac County,﻿Fond du Lac County,,﻿Calvary,﻿WI,,43.700837899999996,-88.24611829999999,,,,,﻿fra_haas_001,﻿Very Rev.,﻿Francis Haas,﻿O.M.Cp.,﻿Comm. General and Guardian,,,,,1869.0,Milwaukee
﻿mil.wi.0257,﻿convent,﻿Capuchin Convent of Calvary,English,﻿Stations visited every Sunday from the Convent: St. Joseph's and St. Peter's,﻿P.O. Calvary,,﻿Fond du Lac County,﻿Fond du Lac County,,﻿Calvary,﻿WI,,43.700837899999996,-88.24611829999999,,,,,﻿sol_feddermann_001,﻿Rev.,﻿Solanus Feddermann,﻿O.M.Cp.,,,,,,1869.0,Milwaukee
﻿mil.wi.0257,﻿convent,﻿Capuchin Convent of Calvary,English,"﻿Rev. Cajetanus Krauthahn, O.M.Cp., residing in St. Mary's, Marystown, Calumet County",﻿P.O. Calvary,,﻿Fond du Lac County,﻿Fond du Lac County,,﻿Calvary,﻿WI,,43.700837899999996,-88.24611829999999,,,,,﻿ant_rottensteiner_001,﻿Rev.,﻿Antonius Rottensteiner,﻿O.M.Cp.,﻿Lector,,,,,1869.0,Milwaukee
﻿mil.wi.0257,﻿convent,﻿Capuchin Convent of Calvary,English,"﻿Rev. Cajetanus Krauthahn, O.M.Cp., residing in St. Mary's, Marystown, Calumet County",﻿P.O. Calvary,,﻿Fond du Lac County,﻿Fond du Lac County,,﻿Calvary,﻿WI,,43.700837899999996,-88.24611829999999,,,,,﻿lau_vorwerk_001,﻿Rev.,﻿Laurentius Vorwerk,﻿O.M.Cp.,﻿Master of Novices,,,,,1869.0,Milwaukee
﻿mil.wi.0257,﻿convent,﻿Capuchin Convent of Calvary,English,"﻿Rev. Cajetanus Krauthahn, O.M.Cp., residing in St. Mary's, Marystown, Calumet County",﻿P.O. Calvary,,﻿Fond du Lac County,﻿Fond du Lac County,,﻿Calvary,﻿WI,,43.700837899999996,-88.24611829999999,,,,,﻿pas_straub_001,﻿Rev.,﻿Paschalis Straub,﻿O.M.Cp.,,,,,,1869.0,Milwaukee
﻿mil.wi.0257,﻿convent,﻿Capuchin Convent of Calvary,English,"﻿Rev. Cajetanus Krauthahn, O.M.Cp., residing in St. Mary's, Marystown, Calumet County",﻿P.O. Calvary,,﻿Fond du Lac County,﻿Fond du Lac County,,﻿Calvary,﻿WI,,43.700837899999996,-88.24611829999999,,,,,﻿did_wendel_001,﻿Rev.,﻿Didacus Wendel,﻿O.M.Cp.,,,,,,1869.0,Milwaukee
﻿mil.wi.0257,﻿convent,﻿Capuchin Convent of Calvary,English,"﻿Rev. Cajetanus Krauthahn, O.M.Cp., residing in St. Mary's, Marystown, Calumet County",﻿P.O. Calvary,,﻿Fond du Lac County,﻿Fond du Lac County,,﻿Calvary,﻿WI,,43.700837899999996,-88.24611829999999,,,,,﻿dom_mersmann_001,﻿Rev.,﻿Dominicus Mersmann,﻿O.M.Cp.,,,,,,1869.0,Milwaukee
﻿mil.wi.0257,﻿convent,﻿Capuchin Convent of Calvary,English,"﻿Rev. Cajetanus Krauthahn, O.M.Cp., residing in St. Mary's, Marystown, Calumet County",﻿P.O. Calvary,,﻿Fond du Lac County,﻿Fond du Lac County,,﻿Calvary,﻿WI,,43.700837899999996,-88.24611829999999,,,,,﻿car_brandstetter_001,﻿Rev.,﻿Carolus Brandstetter,﻿O.M.Cp.,,,,,,1869.0,Milwaukee
﻿mil.wi.0258,﻿college,﻿Ecclesiastical College of St. Lawrence of Brundusium,English,﻿All the classic and modern branches are taught.,﻿P. O. Calvary,,﻿Fond du Lac County,,,,﻿WI,,43.78443970000001,-88.7878678,,,,,﻿did_wendel_001,﻿Rev.,﻿Didacus Wendel,﻿O.M.Cp.,﻿Rector,,,,﻿Conducted by the Capuchin Fathers of Calvary Convent (P.O. Calvary),1869.0,Milwaukee
﻿mil.wi.0258,﻿college,﻿Ecclesiastical College of St. Lawrence of Brundusium,English,﻿Accomodation for 25 boarders. Letters should be addressed to the Rev. Rector.,﻿P. O. Calvary,,﻿,,,,﻿WI,,43.78443970000001,-88.7878678,,,,,,,,,,,,,﻿Conducted by the Capuchin Fathers of Calvary Convent (P.O. Calvary),1869.0,Milwaukee
﻿mil.wi.0259,"﻿convent, house, novitiate",﻿Convent of the School Sisters of Notre Dame,English,"﻿74 mission houses.  With 610 Sisters having under their charge throughout the United States 23,600 parish school children, over 1262 orphans, and 600 boarders.","﻿Mother House and Novitiate, Corner of Milwaukee and Knapp streets",,,,,,﻿WI,,43.0389025,-87.9064736,,,,,,﻿Sister,﻿Mary Caroline,,﻿Superior,,﻿religious,﻿62 religious,﻿Under the charge of the School Sisters of Notre Dame,1869.0,Milwaukee
﻿mil.wi.0259,"﻿convent, house, novitiate",﻿Convent of the School Sisters of Notre Dame,English,"﻿74 mission houses.  With 610 Sisters having under their charge throughout the United States 23,600 parish school children, over 1262 orphans, and 600 boarders.","﻿Mother House and Novitiate, Corner of Milwaukee and Knapp streets",,﻿,,,,﻿WI,,43.0389025,-87.9064736,,,,,,,,,,,﻿novice,﻿78 novices,﻿Under the charge of the School Sisters of Notre Dame,1869.0,Milwaukee
﻿mil.wi.0259,"﻿convent, house, novitiate",﻿Convent of the School Sisters of Notre Dame,English,"﻿74 mission houses.  With 610 Sisters having under their charge throughout the United States 23,600 parish school children, over 1262 orphans, and 600 boarders.","﻿Mother House and Novitiate, Corner of Milwaukee and Knapp streets",,﻿,,,,﻿WI,,43.0389025,-87.9064736,,,,,,,,,,,﻿postulant,﻿77 postulants,﻿Under the charge of the School Sisters of Notre Dame,1869.0,Milwaukee
﻿mil.wi.0260,﻿school,﻿St. Mary's Institute,English,﻿This is a boarding school for young ladies.,﻿Corner of Milwaukee and Knapp streets,,,﻿Milwaukee County,﻿Milwaukee,﻿Milwaukee,﻿WI,,43.0389025,-87.9064736,,,,,,﻿Sister,﻿Mary Seraphica,,﻿Directress,,﻿pupil,﻿100 pupils,﻿Under the charge of the School Sisters of Notre Dame,1869.0,Milwaukee
﻿mil.wi.0261,﻿school,﻿St. Rosa's Select School,English,,"﻿On Van Buren, between Biddle and Oneida streets",,,﻿Milwaukee County,﻿Milwaukee,﻿Milwaukee,﻿WI,,43.0408219,-87.9113203,,,,,,﻿Sister,﻿Camilla,,﻿Sister-Servant,,﻿pupil,﻿69 pupils,﻿Conducted by the Daughters of Charity,1869.0,Milwaukee
﻿mil.wi.0262,﻿school,﻿St. Rosa's Free School,English,,"﻿On Van Buren, between Biddle and Oneida streets",,﻿,﻿Milwaukee County,﻿Milwaukee,﻿Milwaukee,﻿WI,,43.0408219,-87.9113203,,,,,,,,,,,﻿pupil,﻿84 pupils,﻿Conducted by the Daughters of Charity,1869.0,Milwaukee
﻿mil.wi.0263,﻿school,﻿Day School of St. Mary's of the Holy Angels,English,,﻿Corner of Milwaukee and Ogden streets,,,﻿Milwaukee County,﻿Milwaukee,﻿Milwaukee,﻿WI,,43.0389025,-87.9064736,,,,,,﻿Sister,﻿Mary Ernesta,,﻿Directress,,﻿sister,﻿12 Sisters employed in teaching,﻿Conducted by the School Sisters of Notre Dame,1869.0,Milwaukee
﻿mil.wi.0263,﻿school,﻿Day School of St. Mary's of the Holy Angels,English,,﻿Corner of Milwaukee and Ogden streets,,,﻿Milwaukee County,﻿Milwaukee,﻿Milwaukee,﻿WI,,43.0389025,-87.9064736,,,,,,,,,,,﻿pupil,﻿460 pupils,﻿Conducted by the School Sisters of Notre Dame,1869.0,Milwaukee
﻿mil.wi.0264,﻿school,﻿St. Mary's Parish School,"﻿German, English",,,,,﻿Milwaukee County,﻿Milwaukee,﻿Milwaukee,﻿WI,,42.9486575,-88.0330292,,,,,,﻿Sister,﻿Mary Philippa,,﻿Directress,,﻿sister,﻿5 Sisters,﻿Conducted by the School Sisters of Notre Dame,1869.0,Milwaukee
﻿mil.wi.0264,﻿school,﻿St. Mary's Parish School,"﻿German, English",,,,,﻿Milwaukee County,﻿Milwaukee,﻿Milwaukee,﻿WI,,42.9486575,-88.0330292,,,,,,,,,,,﻿pupil,﻿560 pupils,﻿Conducted by the School Sisters of Notre Dame,1869.0,Milwaukee
﻿mil.wi.0265,﻿school,﻿Holy Trinity Parish School,English,,,,﻿,﻿Milwaukee County,﻿Milwaukee,﻿Milwaukee,﻿WI,,43.025051899999994,-87.915821,,,,,,﻿Sister,﻿Mary Adelberta,,﻿Directress,,﻿sister,﻿3 Sisters,﻿Conducted by the School Sisters of Notre Dame,1869.0,Milwaukee
﻿mil.wi.0265,﻿school,﻿Holy Trinity Parish School,English,,,,﻿,﻿Milwaukee County,﻿Milwaukee,﻿Milwaukee,﻿WI,,43.025051899999994,-87.915821,,,,,,,,,,,﻿pupil,﻿350 pupils,﻿Conducted by the School Sisters of Notre Dame,1869.0,Milwaukee
﻿mil.wi.0266,﻿school,﻿St. Joseph's Parish School,English,,,,﻿,﻿Milwaukee County,﻿Milwaukee,﻿Milwaukee,﻿WI,,43.0716239,-87.9774161,,,,,,﻿Sister,﻿Mary Francis Xavier,,﻿Directress,,﻿sister,﻿5 Sisters,﻿Conducted by the School Sisters of Notre Dame,1869.0,Milwaukee
﻿mil.wi.0266,﻿school,﻿St. Joseph's Parish School,English,,,,﻿,﻿Milwaukee County,﻿Milwaukee,﻿Milwaukee,﻿WI,,43.0716239,-87.9774161,,,,,,,,,,,﻿pupil,﻿600 pupils,﻿Conducted by the School Sisters of Notre Dame,1869.0,Milwaukee
﻿mil.wi.0267,﻿school,﻿St. Stanislaus' Parish School,﻿Polish,,,,,﻿Milwaukee County,﻿Milwaukee,﻿Milwaukee,﻿WI,,43.0125286,-87.9169658,,,,,,﻿Sister,﻿Mary Tita,,﻿Directress,,﻿pupil,﻿50 pupils,﻿Conducted by the School Sisters of Notre Dame,1869.0,Milwaukee
﻿mil.wi.0268,﻿school,﻿St. Mary's Parish School,English,,,,﻿Waukesha County,,﻿Elm Grove,﻿Elm Grove,﻿WI,,43.1807936,-88.1112142,,,,,,﻿Sister,﻿Mary Romualda,,﻿Directress,,﻿pupil,﻿60 pupils,﻿Conducted by the School Sisters of Notre Dame,1869.0,Milwaukee
﻿mil.wi.0269,﻿school,﻿St. Cecilia's Parish School,English,,,,﻿,,﻿Mount Carmel,,﻿WI,,43.78443970000001,-88.7878678,,,,,,﻿Sister,﻿Mary Petra Fouria,,﻿Directress,,﻿sister,﻿5 Sisters,﻿Conducted by the School Sisters of Notre Dame,1869.0,Milwaukee
﻿mil.wi.0269,﻿school,﻿St. Cecilia's Parish School,English,,,,﻿,,﻿Mount Carmel,,﻿WI,,43.78443970000001,-88.7878678,,,,,,,,,,,﻿pupil,﻿210 pupils,﻿Conducted by the School Sisters of Notre Dame,1869.0,Milwaukee
﻿mil.wi.0269,﻿school,﻿St. Cecilia's Parish School,English,,,,﻿,,﻿Mount Carmel,,﻿WI,,43.78443970000001,-88.7878678,,,,,,,,,,,﻿boarder,﻿12 boarders,﻿Conducted by the School Sisters of Notre Dame,1869.0,Milwaukee
﻿mil.wi.0270,﻿school,﻿St. Bernard's Parish School,English,,,,﻿,﻿Dodge County,﻿Watertown,﻿Watertown,﻿WI,,43.194601899999995,-88.7291134,,,,,,﻿Sister,﻿Mary Patritia,,﻿Directress,,﻿sister,﻿3 Sisters,﻿Conducted by the School Sisters of Notre Dame,1869.0,Milwaukee
﻿mil.wi.0270,﻿school,﻿St. Bernard's Parish School,English,,,,﻿,﻿Dodge County,﻿Watertown,﻿Watertown,﻿WI,,43.194601899999995,-88.7291134,,,,,,,,,,,﻿pupil,﻿260 pupils,﻿Conducted by the School Sisters of Notre Dame,1869.0,Milwaukee
﻿mil.wi.0271,﻿school,﻿Holy Trinity Parish School,English,,,,﻿,﻿Kenosha County,﻿Kenosha,﻿Kenosha,﻿WI,,42.5708839,-87.89424509999999,,,,,,﻿Sister,﻿Mary Verena,,﻿Directress,,﻿sister,﻿3 Sisters,﻿Conducted by the School Sisters of Notre Dame,1869.0,Milwaukee
﻿mil.wi.0271,﻿school,﻿Holy Trinity Parish School,English,,,,﻿,﻿Kenosha County,﻿Kenosha,﻿Kenosha,﻿WI,,42.5708839,-87.89424509999999,,,,,,,,,,,﻿pupil,﻿250 pupils,﻿Conducted by the School Sisters of Notre Dame,1869.0,Milwaukee
﻿mil.wi.0272,﻿school,﻿St. Mary's Parish School,English,,,,﻿,﻿Sheboygan County,﻿Sheboygan,﻿Sheboygan,﻿WI,,43.750828399999996,-87.71453000000001,,,,,,﻿Sister,﻿Mary Gerhardine,,﻿Directress,,﻿sister,﻿3 Sisters,﻿Conducted by the School Sisters of Notre Dame,1869.0,Milwaukee
﻿mil.wi.0272,﻿school,﻿St. Mary's Parish School,English,,,,﻿,﻿Sheboygan County,﻿Sheboygan,﻿Sheboygan,﻿WI,,43.750828399999996,-87.71453000000001,,,,,,,,,,,﻿pupil,﻿200 pupils,﻿Conducted by the School Sisters of Notre Dame,1869.0,Milwaukee
﻿mil.wi.0273,﻿school,﻿St. Mary's Parish School,English,,,,﻿,﻿Racine County,﻿Burlington,﻿Burlington,﻿WI,,42.6729476,-88.2844623,,,,,,﻿Sister,﻿Mary Calasanctia,,﻿Directress,,﻿sister,﻿4 Sisters,﻿Conducted by the School Sisters of Notre Dame,1869.0,Milwaukee
﻿mil.wi.0273,﻿school,﻿St. Mary's Parish School,English,,,,﻿,﻿Racine County,﻿Burlington,﻿Burlington,﻿WI,,42.6729476,-88.2844623,,,,,,,,,,,﻿pupil,﻿300 pupils,﻿Conducted by the School Sisters of Notre Dame,1869.0,Milwaukee
﻿mil.wi.0274,﻿school,﻿St. Mary's School,English,,,,﻿,﻿Dodge County,﻿Beaver Dam,﻿Beaver Dam,﻿WI,,43.4577692,-88.837329,,,,,,﻿Sister,﻿Mary Leopoldina,,﻿Directress,,﻿sister,﻿3 Sisters,﻿Conducted by the School Sisters of Notre Dame,1869.0,Milwaukee
﻿mil.wi.0274,﻿school,﻿St. Mary's School,English,,,,﻿,﻿Dodge County,﻿Beaver Dam,﻿Beaver Dam,﻿WI,,43.4577692,-88.837329,,,,,,,,,,,﻿pupil,﻿250 pupils,﻿Conducted by the School Sisters of Notre Dame,1869.0,Milwaukee
﻿mil.wi.0275,﻿school,﻿Holy Redeemer's Parish School,English,,,,﻿,﻿Dane County,﻿Madison,﻿Madison,﻿WI,,43.0755302,-89.3893408,,,,,,﻿Sister,﻿Mary Joachima,,﻿Directress,,﻿sister,﻿3 Sisters,﻿Conducted by the School Sisters of Notre Dame,1869.0,Milwaukee
﻿mil.wi.0275,﻿school,﻿Holy Redeemer's Parish School,English,,,,﻿,﻿Dane County,﻿Madison,﻿Madison,﻿WI,,43.0755302,-89.3893408,,,,,,,,,,,﻿pupil,﻿250 pupils,﻿Conducted by the School Sisters of Notre Dame,1869.0,Milwaukee
﻿mil.wi.0276,﻿school,﻿St. Raphael's Parish School,English,,,,﻿,﻿Dane County,﻿Madison,﻿Madison,﻿WI,,43.076931200000004,-89.3791922,,,,,,﻿Sister,﻿Mary Venantia,,﻿Directress,,﻿sister,﻿3 Sisters,﻿Conducted by the School Sisters of Notre Dame,1869.0,Milwaukee
﻿mil.wi.0276,﻿school,﻿St. Raphael's Parish School,English,,,,﻿,﻿Dane County,﻿Madison,﻿Madison,﻿WI,,43.076931200000004,-89.3791922,,,,,,,,,,,﻿pupil,﻿230 pupils,﻿Conducted by the School Sisters of Notre Dame,1869.0,Milwaukee
﻿mil.wi.0277,﻿school,﻿St. Boniface's Parish School,English,,,,﻿,,﻿Brighton,,﻿WI,,43.78443970000001,-88.7878678,,,,,,﻿Sister,﻿Mary Chrysantha,,﻿Directress,,﻿sister,﻿2 Sisters,﻿Conducted by the School Sisters of Notre Dame,1869.0,Milwaukee
﻿mil.wi.0277,﻿school,﻿St. Boniface's Parish School,English,,,,﻿,,﻿Brighton,,﻿WI,,43.78443970000001,-88.7878678,,,,,,,,,,,﻿pupil,﻿120 pupils,﻿Conducted by the School Sisters of Notre Dame,1869.0,Milwaukee
﻿mil.wi.0278,﻿school,﻿St. Thomas of Aquin's Parish School,English,,,,﻿,﻿Racine County,﻿Waterford,﻿Waterford,﻿WI,,42.7630722,-88.2142563,,,,,,﻿Sister,﻿Mary Ægidia,,﻿Directress,,﻿sister,﻿2 Sisters,﻿Conducted by the School Sisters of Notre Dame,1869.0,Milwaukee
﻿mil.wi.0278,﻿school,﻿St. Thomas of Aquin's Parish School,English,,,,﻿,﻿Racine County,﻿Waterford,﻿Waterford,﻿WI,,42.7630722,-88.2142563,,,,,,,,,,,﻿pupil,﻿130 pupils,﻿Conducted by the School Sisters of Notre Dame,1869.0,Milwaukee
﻿mil.wi.0279,﻿school,﻿St. Francis Xavier's Parish School,English,,,,﻿,﻿Dane County,﻿Cross Plains,﻿Cross Plains,﻿WI,,43.1198241,-89.6346315,,,,,,﻿Sister,﻿Mary Andrea,,﻿Directress,,﻿sister,﻿2 Sisters,﻿Conducted by the School Sisters of Notre Dame,1869.0,Milwaukee
﻿mil.wi.0279,﻿school,﻿St. Francis Xavier's Parish School,English,,,,﻿,﻿Dane County,﻿Cross Plains,﻿Cross Plains,﻿WI,,43.1198241,-89.6346315,,,,,,,,,,,﻿pupil,﻿160 pupils,﻿Conducted by the School Sisters of Notre Dame,1869.0,Milwaukee
﻿mil.wi.0280,﻿school,﻿St. Kilian's Parish School,English,,,,﻿,,﻿Teresaville,,﻿WI,,43.78443970000001,-88.7878678,,,,,,﻿Sister,﻿Mary Laurentia,,﻿Directress,,﻿sister,﻿2 Sisters,﻿Conducted by the School Sisters of Notre Dame,1869.0,Milwaukee
﻿mil.wi.0280,﻿school,﻿St. Kilian's Parish School,English,,,,﻿,,﻿Teresaville,,﻿WI,,43.78443970000001,-88.7878678,,,,,,,,,,,﻿pupil,﻿180 pupils,﻿Conducted by the School Sisters of Notre Dame,1869.0,Milwaukee
﻿mil.wi.0281,﻿school,﻿St. Thomas's Parish School,English,,,,﻿,﻿Rock County,﻿Beloit,﻿Beloit,﻿WI,,42.5222889,-89.02271259999999,,,,,,﻿Sister,﻿Mary Lydia,,﻿Directress,,﻿sister,﻿2 Sisters,﻿Conducted by the School Sisters of Notre Dame,1869.0,Milwaukee
﻿mil.wi.0281,﻿school,﻿St. Thomas's Parish School,English,,,,﻿,﻿Rock County,﻿Beloit,﻿Beloit,﻿WI,,42.5222889,-89.02271259999999,,,,,,,,,,,﻿pupil,﻿150 pupils,﻿Conducted by the School Sisters of Notre Dame,1869.0,Milwaukee
﻿mil.wi.0282,"﻿house, novitiate",﻿Sisters of the Third Order of St. Francis Seraph,English,"﻿Mother House & Novitiate, Dedicated to Blessed Caleta.  Sisters of the same Community continue at St. Francis, near Milwaukee","﻿Near Jefferson, Jefferson Co.",,﻿,﻿Jefferson County,﻿Jefferson,﻿Jefferson,﻿WI,,42.5222889,-89.02271259999999,,,,,,﻿Mother,﻿Antonia,,﻿Superior,,﻿professed sister,﻿52 Professed Sisters,,1869.0,Milwaukee
﻿mil.wi.0282,"﻿house, novitiate",﻿Sisters of the Third Order of St. Francis Seraph,English,"﻿Mother House & Novitiate, Dedicated to Blessed Caleta.  Sisters of the same Community continue at St. Francis, near Milwaukee","﻿Near Jefferson, Jefferson Co.",,﻿,﻿Jefferson County,﻿Jefferson,﻿Jefferson,﻿WI,,42.5222889,-89.02271259999999,,,,,,﻿Sister,﻿Rosa,,﻿Superior,,﻿novice,﻿37 novices,,1869.0,Milwaukee
﻿mil.wi.0282,"﻿house, novitiate",﻿Sisters of the Third Order of St. Francis Seraph,English,"﻿Mother House & Novitiate, Dedicated to Blessed Caleta.  Sisters of the same Community continue at St. Francis, near Milwaukee","﻿Near Jefferson, Jefferson Co.",,﻿,﻿Jefferson County,﻿Jefferson,﻿Jefferson,﻿WI,,42.5222889,-89.02271259999999,,,,,,,,,,,﻿postulant,﻿16 postulants,,1869.0,Milwaukee
﻿mil.wi.0283,﻿school,﻿St. Lawrence's,English,,﻿Near Jefferson,,﻿,,,,﻿WI,,43.005559399999996,-88.8073273,,,,,,﻿Sister,﻿Agnes,,﻿Directress,,﻿sister,﻿2 Sisters,﻿Conducted by the Sisters of the Third Order of St. Francis Seraph,1869.0,Milwaukee
﻿mil.wi.0283,﻿school,﻿St. Lawrence's,English,,﻿Near Jefferson,,﻿,,,,﻿WI,,43.005559399999996,-88.8073273,,,,,,,,,,,﻿child,﻿About 130 children,﻿Conducted by the Sisters of the Third Order of St. Francis Seraph,1869.0,Milwaukee
﻿mil.wi.0284,﻿school,﻿St. Patrick's,English,,,,﻿,﻿Rock County,﻿Janesville,﻿Janesville,﻿WI,,42.6763644,-89.025287,,,,,,﻿Sister,﻿Anastasia,,﻿Directress,,﻿sister,﻿5 Sisters,﻿Conducted by the Sisters of the Third Order of St. Francis Seraph,1869.0,Milwaukee
﻿mil.wi.0284,﻿school,﻿St. Patrick's,English,,,,﻿,﻿Rock County,﻿Janesville,﻿Janesville,﻿WI,,42.6763644,-89.025287,,,,,,,,,,,﻿child,﻿About 300 children,﻿Conducted by the Sisters of the Third Order of St. Francis Seraph,1869.0,Milwaukee
﻿mil.wi.0285,﻿school,﻿St. Anthony's,English,,,,﻿,﻿Waukesha County,﻿Fussville,﻿Menomonee Falls,﻿WI,,43.1527231,-88.0790123,,,,,,﻿Sister,﻿Lucia,,﻿Directress,,﻿sister,﻿3 Sisters,﻿Conducted by the Sisters of the Third Order of St. Francis Seraph,1869.0,Milwaukee
﻿mil.wi.0285,﻿school,﻿St. Anthony's,English,,,,﻿,﻿Waukesha County,﻿Fussville,﻿Menomonee Falls,﻿WI,,43.1527231,-88.0790123,,,,,,,,,,,﻿child,﻿About 160 children,﻿Conducted by the Sisters of the Third Order of St. Francis Seraph,1869.0,Milwaukee
﻿mil.wi.0286,﻿school,﻿St. Mary's,English,,,,﻿,,﻿Franklin,,﻿WI,,42.888627,-88.03841949999999,,,,,,﻿Sister,﻿Hyacintha,,﻿Directress,,﻿sister,﻿3 Sisters,﻿Conducted by the Sisters of the Third Order of St. Francis Seraph,1869.0,Milwaukee
﻿mil.wi.0286,﻿school,﻿St. Mary's,English,,,,﻿,,﻿Franklin,,﻿WI,,42.888627,-88.03841949999999,,,,,,,,,,,﻿child,﻿About 150 children,﻿Conducted by the Sisters of the Third Order of St. Francis Seraph,1869.0,Milwaukee
﻿mil.wi.0287,﻿school,﻿St. Henry's,English,,,,﻿,﻿Dodge County,﻿Watertown,﻿Watertown,﻿WI,,43.196569399999994,-88.7209278,,,,,,﻿Sister,﻿Kiliana,,﻿Directress,,﻿sister,﻿4 Sisters,﻿Conducted by the Sisters of the Third Order of St. Francis Seraph,1869.0,Milwaukee
﻿mil.wi.0287,﻿school,﻿St. Henry's,English,,,,﻿,﻿Dodge County,﻿Watertown,﻿Watertown,﻿WI,,43.196569399999994,-88.7209278,,,,,,,,,,,﻿child,﻿About 180 children,﻿Conducted by the Sisters of the Third Order of St. Francis Seraph,1869.0,Milwaukee
﻿mil.wi.0288,﻿school,﻿St. Bruno's,English,,,,﻿,﻿Waukesha County,﻿Ottawa,﻿Ottawa,﻿WI,,43.0111051,-88.4777095,,,,,,﻿Sister,﻿Xaveria,,﻿Directress,,﻿sister,﻿2 Sisters,﻿Conducted by the Sisters of the Third Order of St. Francis Seraph,1869.0,Milwaukee
﻿mil.wi.0288,﻿school,﻿St. Bruno's,English,,,,﻿,﻿Waukesha County,﻿Ottawa,﻿Ottawa,﻿WI,,43.0111051,-88.4777095,,,,,,,,,,,﻿child,﻿About 60 children,﻿Conducted by the Sisters of the Third Order of St. Francis Seraph,1869.0,Milwaukee
﻿mil.wi.0289,﻿school,﻿St. Mary's,English,,,,﻿,,﻿Goldenlake,﻿Golden Lake,﻿WI,,43.034676,-88.53638199999999,,,,,,﻿Sister,﻿Ludwina,,﻿Directress,,﻿sister,﻿2 Sisters,﻿Conducted by the Sisters of the Third Order of St. Francis Seraph,1869.0,Milwaukee
﻿mil.wi.0289,﻿school,﻿St. Mary's,English,,,,﻿,,﻿Goldenlake,﻿Golden Lake,﻿WI,,43.034676,-88.53638199999999,,,,,,,,,,,﻿child,﻿About 70 children,﻿Conducted by the Sisters of the Third Order of St. Francis Seraph,1869.0,Milwaukee
﻿mil.wi.0290,﻿school,﻿St. Mary's Immaculate,English,,,,,﻿Ozaukee County,﻿Saukville,﻿Saukville,﻿WI,,43.3768781,-87.94382929999999,,,,,,﻿Sister,﻿Carolina,,﻿Directress,,﻿sister,﻿3 Sisters,﻿Conducted by the Sisters of the Third Order of St. Francis Seraph,1869.0,Milwaukee
﻿mil.wi.0290,﻿school,﻿St. Mary's Immaculate,English,,,,﻿,﻿Ozaukee County,﻿Saukville,﻿Saukville,﻿WI,,43.3768781,-87.94382929999999,,,,,,,,,,,﻿child,﻿About 130 children,﻿Conducted by the Sisters of the Third Order of St. Francis Seraph,1869.0,Milwaukee
﻿mil.wi.0291,"﻿school, asylum",﻿St. Emilian's Male Orphan Asylum,English,,﻿Near Milwaukee,,﻿,,﻿St. Francis Station,,﻿WI,,43.0389025,-87.9064736,,,,,,﻿Sister,﻿Mary,,﻿Superior,,﻿orphan,﻿About 60 orphans,﻿Conducted by the Sisters of the Third Order of St. Francis Seraph,1869.0,Milwaukee
﻿mil.wi.0292,﻿convent,﻿Convent of the Dominican Sisters,English,"﻿Mother House and Novitiate, connected immediately with this is a parochial school.",,,,﻿Lafayette County,﻿Benton,﻿Benton,﻿WI,,42.56972329999999,-90.3806832,,,,,,﻿Sister,﻿M. Emily,,﻿Superior,,﻿pupil,﻿125 pupils,,1869.0,Milwaukee
﻿mil.wi.0292,﻿convent,﻿Convent of the Dominican Sisters,English,"﻿Mother House and Novitiate, connected immediately with this is a parochial school.",,,﻿,﻿Lafayette County,﻿Benton,﻿Benton,﻿WI,,42.56972329999999,-90.3806832,,,,,,,,,,,﻿sister,﻿55 Sisters,,1869.0,Milwaukee
﻿mil.wi.0292,﻿convent,﻿Convent of the Dominican Sisters,English,"﻿Mother House and Novitiate, connected immediately with this is a parochial school.",,,﻿,﻿Lafayette County,﻿Benton,﻿Benton,﻿WI,,42.56972329999999,-90.3806832,,,,,,,,,,,﻿novice,﻿12 novices,,1869.0,Milwaukee
﻿mil.wi.0293,﻿academy,﻿St. Clara's Academy,English,﻿Apart from this is a day school.,﻿Twelve miles from the Mother House in Benton,,,﻿Grant County,﻿Sinsinawa Mound,﻿Sinsinawa,﻿WI,,42.5229821,-90.5411621,,,,,,,,,,,﻿sister,﻿30 Sisters,﻿Conducted by the Dominican Sisters,1869.0,Milwaukee
﻿mil.wi.0293,﻿academy,﻿St. Clara's Academy,English,﻿Apart from this is a day school.,﻿Twelve miles from the Mother House in Benton,,﻿,﻿Grant County,﻿Sinsinawa Mound,﻿Sinsinawa,﻿WI,,42.5229821,-90.5411621,,,,,,,,,,,﻿boarder,﻿130 boarders,﻿Conducted by the Dominican Sisters,1869.0,Milwaukee
﻿mil.wi.0293,﻿academy,﻿St. Clara's Academy,English,﻿Apart from this is a day school.,﻿Twelve miles from the Mother House in Benton,,﻿,﻿Grant County,﻿Sinsinawa Mound,﻿Sinsinawa,﻿WI,,42.5229821,-90.5411621,,,,,,,,,,,﻿pupil,﻿100 pupils,﻿Conducted by the Dominican Sisters,1869.0,Milwaukee
﻿mil.wi.0294,﻿school,﻿St. Mary's,English,,,,﻿,﻿Lafayette County,﻿New Diggings,﻿New Diggings,﻿WI,,42.5352802,-90.3354051,,,,,,,,,,,﻿sister,﻿2 Sisters,﻿Conducted by the Dominican Sisters,1869.0,Milwaukee
﻿mil.wi.0294,﻿school,﻿St. Mary's,English,,,,﻿,﻿Lafayette County,﻿New Diggings,﻿New Diggings,﻿WI,,42.5352802,-90.3354051,,,,,,,,,,,﻿pupil,﻿160 pupils,﻿Conducted by the Dominican Sisters,1869.0,Milwaukee
﻿mil.wi.0295,﻿school,﻿St. Rose of Lima,English,,,,﻿,﻿Lafayette County,﻿Shullsburgh,﻿Shullsburg,﻿WI,,42.5733354,-90.23096,,,,,,,,,,,﻿sister,﻿3 Sisters,﻿Conducted by the Dominican Sisters,1869.0,Milwaukee
﻿mil.wi.0295,﻿school,﻿St. Rose of Lima,English,,,,﻿,﻿Lafayette County,﻿Shullsburgh,﻿Shullsburg,﻿WI,,42.5733354,-90.23096,,,,,,,,,,,﻿pupil,﻿75 pupils,﻿Conducted by the Dominican Sisters,1869.0,Milwaukee
﻿mil.wi.0296,﻿school,﻿St. Joseph's,English,,,,﻿,﻿Iowa County,﻿Mineral Point,﻿Mineral Point,﻿WI,,42.859997,-90.1798473,,,,,,,,,,,﻿sister,﻿3 Sisters,﻿Conducted by the Dominican Sisters,1869.0,Milwaukee
﻿mil.wi.0296,﻿school,﻿St. Joseph's,English,,,,﻿,﻿Iowa County,﻿Mineral Point,﻿Mineral Point,﻿WI,,42.859997,-90.1798473,,,,,,,,,,,﻿pupil,﻿130 pupils,﻿Conducted by the Dominican Sisters,1869.0,Milwaukee
﻿mil.wi.0297,﻿school,﻿St. Agnes',English,,,,﻿,﻿Winnebago County,﻿Oshkosh,﻿Oshkosh,﻿WI,,44.024706200000004,-88.5426136,,,,,,,,,,,﻿sister,﻿3 Sisters,﻿Conducted by the Dominican Sisters,1869.0,Milwaukee
﻿mil.wi.0297,﻿school,﻿St. Agnes',English,,,,﻿,﻿Winnebago County,﻿Oshkosh,﻿Oshkosh,﻿WI,,44.024706200000004,-88.5426136,,,,,,,,,,,﻿pupil,﻿230 pupils,﻿Conducted by the Dominican Sisters,1869.0,Milwaukee
﻿mil.wi.0298,﻿school,﻿St. Mary's of the Lake,English,,,,﻿,﻿Kenosha County,﻿Kenosha,﻿Kenosha,﻿WI,,42.5461297,-88.165643,,,,,,,,,,,﻿sister,﻿3 Sisters,﻿Conducted by the Dominican Sisters,1869.0,Milwaukee
﻿mil.wi.0298,﻿school,﻿St. Mary's of the Lake,English,,,,﻿,﻿Kenosha County,﻿Kenosha,﻿Kenosha,﻿WI,,42.5461297,-88.165643,,,,,,,,,,,﻿pupil,﻿250 pupils,﻿Conducted by the Dominican Sisters,1869.0,Milwaukee
﻿mil.wi.0299,"﻿convent, house, novitiate",﻿Convent of the Dominican Sisters,English,﻿Mother House and Novitiate,﻿Corner of Twelfth and Peal streets,,,﻿Racine County,﻿Racine,﻿Racine,﻿WI,,42.7946157,-87.77963390000001,,,,,,﻿Mother,﻿Mary Hyacintha,,﻿Superior,,﻿professed sister,﻿19 Professed Sisters,,1869.0,Milwaukee
﻿mil.wi.0299,"﻿convent, house, novitiate",﻿Convent of the Dominican Sisters,English,﻿Mother House and Novitiate,﻿Corner of Twelfth and Peal streets,,﻿,﻿Racine County,﻿Racine,﻿Racine,﻿WI,,42.7946157,-87.77963390000001,,,,,﻿j_a_bichaensler_001,﻿Rev.,﻿J. A. Bichaensler,,﻿Chaplain,,﻿novice,﻿3 novices,,1869.0,Milwaukee
﻿mil.wi.0299,"﻿convent, house, novitiate",﻿Convent of the Dominican Sisters,English,﻿Mother House and Novitiate,﻿Corner of Twelfth and Peal streets,,﻿,﻿Racine County,﻿Racine,﻿Racine,﻿WI,,42.7946157,-87.77963390000001,,,,,,,,,,,﻿postulant,﻿5 postulants,,1869.0,Milwaukee
﻿mil.wi.0300,﻿academy,﻿Academy of St. Catharine de Sienna,English,,﻿Connected with the Convent,,﻿,﻿Racine County,,﻿Racine,﻿WI,,42.7183232,-87.78678199999999,,,,,,﻿Sister,﻿Mary Rosa,,﻿Directress,,﻿pupil,﻿35 pupils,﻿Conducted by the Dominican Sisters,1869.0,Milwaukee
﻿mil.wi.0301,﻿school,﻿St. Mary's Parish School,English,,,,﻿,﻿Racine County,﻿Racine,﻿Racine,﻿WI,,42.7261309,-87.78285229999999,,,,,,﻿Sister,﻿Mary Augustina,,﻿Directress,,﻿sister,﻿3 Sisters,﻿Conducted by the Dominican Sisters,1869.0,Milwaukee
﻿mil.wi.0301,﻿school,﻿St. Mary's Parish School,English,,,,﻿Iowa County,﻿Racine County,﻿Racine,﻿Racine,﻿WI,,42.7261309,-87.78285229999999,,,,,,,,,,,﻿pupil,﻿150 pupils,﻿Conducted by the Dominican Sisters,1869.0,Milwaukee
﻿mil.wi.0302,﻿school,﻿St. Norbert's Parish School,English,,,,﻿,﻿Dane County,﻿Roxbury,﻿Roxbury,﻿WI,,43.250644,-89.67728100000001,,,,,,﻿Sister,﻿Mary Sybillina,,﻿Directress,,﻿sister,﻿3 Sisters,﻿Conducted by the Dominican Sisters,1869.0,Milwaukee
﻿mil.wi.0302,﻿school,﻿St. Norbert's Parish School,English,,,,﻿Dodge County,﻿Dane County,﻿Roxbury,﻿Roxbury,﻿WI,,43.250644,-89.67728100000001,,,,,,,,,,,﻿pupil,﻿130 pupils,﻿Conducted by the Dominican Sisters,1869.0,Milwaukee
﻿mil.wi.0303,﻿school,﻿St. John Nepomucene's Parish School,English,,,,﻿Iowa County,﻿Iowa County,﻿Highland,﻿Highland,﻿WI,,43.056872399999996,-90.4988013,,,,,,﻿Sister,﻿Mary Seraphina,,﻿Directress,,﻿sister,﻿3 Sisters,﻿Conducted by the Dominican Sisters,1869.0,Milwaukee
﻿mil.wi.0303,﻿school,﻿St. John Nepomucene's Parish School,English,,,,﻿,﻿Iowa County,﻿Highland,﻿Highland,﻿WI,,43.056872399999996,-90.4988013,,,,,,,,,,,﻿pupil,﻿150 pupils,﻿Conducted by the Dominican Sisters,1869.0,Milwaukee
﻿mil.wi.0304,﻿school,﻿St. Andrew's Parish School,English,,,,﻿Dodge County,﻿Dodge County,﻿Loomara,﻿Lomira,﻿WI,,43.591382,-88.443713,,,,,,﻿Sister,﻿Mary Dominica,,﻿Directress,,﻿sister,﻿3 Sisters,﻿Conducted by the Dominican Sisters,1869.0,Milwaukee
﻿mil.wi.0305,"﻿house, convent",﻿St. Agnes Community,English,,,,﻿Washington County,﻿Washington County,﻿Barton,﻿Barton,﻿WI,,43.4605559,-88.2363819,,,,,,﻿Sister,﻿Mary Agnes,,﻿Superior-General,,﻿sister,﻿33 Sisters,,1869.0,Milwaukee
﻿mil.wi.0305,"﻿house, convent",﻿St. Agnes Community,English,,,,﻿Washington County,﻿Washington County,﻿Barton,﻿Barton,﻿WI,,43.4605559,-88.2363819,,,,,,﻿Sister,﻿Mary Catharine de Sienna,,﻿Prefecta of the Mother House,,﻿novice,﻿7 novices,,1869.0,Milwaukee
﻿mil.wi.0305,"﻿house, convent",﻿St. Agnes Community,English,,,,﻿Washington County,﻿Washington County,﻿Barton,﻿Barton,﻿WI,,43.4605559,-88.2363819,,,,,,,,,,,﻿postulant,﻿17 postulants,,1869.0,Milwaukee
﻿mil.wi.0306,﻿school,﻿St. Agnes' Academy and Boarding School,English,,,,﻿Washington County,﻿Washington County,﻿Barton,﻿Barton,﻿WI,,43.4605559,-88.2363819,,,,,,,,,,,,,﻿Conducted by the Sisters of St. Agnes Community,1869.0,Milwaukee
﻿mil.wi.0307,﻿school,not recorded,English,﻿Catholic School,,,﻿Washington County,﻿Washington County,﻿Hartford,﻿Hartford,﻿WI,,43.3177794,-88.37898620000001,,,,,,,,,,,,,﻿Conducted by the Sisters of St. Agnes Community,1869.0,Milwaukee
﻿mil.wi.0308,﻿school,not recorded,English,﻿Catholic School,,,﻿Washington County,﻿Washington County,﻿Schleisingerville,﻿Slinger,﻿WI,,43.333613,-88.28620649999999,,,,,,,,,,,,,﻿Conducted by the Sisters of St. Agnes Community,1869.0,Milwaukee
﻿mil.wi.0309,﻿school,﻿St. Anthony's,English,﻿The Sisters teach the public and Catholic schools.,,,,﻿Washington County,,,﻿WI,,43.4425,-88.3416699,,,,,,,,,,,,,﻿Conducted by the Sisters of St. Agnes Community,1869.0,Milwaukee
﻿mil.wi.0310,﻿school,﻿SS. Peter and Paul's,English,﻿A Catholic School,,,,﻿Washington County,,,﻿WI,,43.3932586,-88.24611829999999,,,,,,,,,,,,,﻿Conducted by the Sisters of St. Agnes Community,1869.0,Milwaukee
﻿mil.wi.0311,﻿school,﻿St. John's of God,English,﻿Two large school-houses in one. Sisters teach public in the other Catholic school.,,,,﻿Ozaukee County,,,﻿WI,,43.3932586,-88.24611829999999,,,,,,,,,,,,,﻿Conducted by the Sisters of St. Agnes Community,1869.0,Milwaukee
﻿mil.wi.0312,﻿school,﻿St. Augustin's,English,﻿Public and Catholic school.,,,,﻿Ozaukee County,,,﻿WI,,43.3932586,-88.24611829999999,,,,,,,,,,,,,﻿Conducted by the Sisters of St. Agnes Community,1869.0,Milwaukee
﻿mil.wi.0313,﻿school,﻿St. Mathias's,English,﻿Public and Catholic school.,,,,﻿Fond du Lac County,,,﻿WI,,43.3932586,-88.24611829999999,,,,,,,,,,,,,﻿Conducted by the Sisters of St. Agnes Community,1869.0,Milwaukee
﻿mil.wi.0314,﻿school,﻿St. Francis Xavier's,English,﻿Public and Catholic school.,,,﻿Ozaukee County,,,,﻿WI,,43.381949600000006,-87.61863790000001,,,,,,,,,,,,,﻿Conducted by the Sisters of St. Agnes Community,1869.0,Milwaukee
﻿mil.wi.0315,﻿school,﻿St. Joseph's,English,﻿Catholic School,,,,﻿Milwaukee County,,,﻿WI,,43.381949600000006,-87.61863790000001,,,,,,,,,,,,,﻿Conducted by the Sisters of St. Agnes Community,1869.0,Milwaukee
﻿mil.wi.0316,﻿school,not recorded,English,﻿Public and Catholic school.,﻿School,,﻿Fond du Lac County,,﻿Marytown,﻿Marytown,﻿WI,,43.9164891,-88.20350570000001,,,,,,,,,,,,,﻿Conducted by the Sisters of St. Agnes Community,1869.0,Milwaukee
﻿mil.wi.0317,﻿school,﻿St. Joseph's,English,"﻿A very large school-house, in which Sisters teach public and Catholic school.",,,﻿Dane County,,,,﻿WI,,43.0186073,-89.5497632,,,,,,,,,,,,,﻿Conducted by the Sisters of St. Agnes Community,1869.0,Milwaukee
﻿mil.wi.0318,﻿seminary,﻿Ecclesiastical Seminary of St. Francis 'de' Sales (Salesianum),English,,﻿P.O. St. Francis,,﻿Milwaukee County,,,,﻿WI,,42.9716437,-87.87589390000001,,,,,﻿jos_salzmann_001,﻿Rev.,﻿Jos. Salzmann,﻿D.D.,"﻿Rector and Professor of Church History, Canon Law, and Scripture",,﻿student,"﻿202 students; of whom 18 are philosophers, 72 theologians, and the rest in the classical course",,1869.0,Milwaukee
﻿mil.wi.0318,﻿seminary,﻿Ecclesiastical Seminary of St. Francis 'de' Sales (Salesianum),English,,﻿P.O. St. Francis,,﻿,,,,﻿WI,,42.9716437,-87.87589390000001,,,,,﻿m_gernbauer_001,﻿Rev.,﻿M. Gernbauer,,﻿Professor of Classics,,﻿student,"﻿202 students; of whom 18 are philosophers, 72 theologians, and the rest in the classical course",,1869.0,Milwaukee
﻿mil.wi.0318,﻿seminary,﻿Ecclesiastical Seminary of St. Francis 'de' Sales (Salesianum),English,,﻿P.O. St. Francis,,﻿,,,,﻿WI,,42.9716437,-87.87589390000001,,,,,﻿ch_wapelhorst_001,﻿Rev.,﻿Ch. Wapelhorst,,﻿Procurator and Professor of Moral Theology and Liturgy,,﻿student,"﻿202 students; of whom 18 are philosophers, 72 theologians, and the rest in the classical course",,1869.0,Milwaukee
﻿mil.wi.0318,﻿seminary,﻿Ecclesiastical Seminary of St. Francis 'de' Sales (Salesianum),English,,﻿P.O. St. Francis,,﻿,,,,﻿WI,,42.9716437,-87.87589390000001,,,,,﻿alo_sigg_001,﻿Rev.,﻿Aloise Sigg,,﻿Professor of Latin,,﻿student,"﻿202 students; of whom 18 are philosophers, 72 theologians, and the rest in the classical course",,1869.0,Milwaukee
﻿mil.wi.0318,﻿seminary,﻿Ecclesiastical Seminary of St. Francis 'de' Sales (Salesianum),English,,﻿P.O. St. Francis,,﻿,,,,﻿WI,,42.9716437,-87.87589390000001,,,,,﻿fre_katzer_001,﻿Rev.,﻿Fred. Katzer,,"﻿Professor of Dogma and Philosophy, and Prefect of Studies",,﻿student,"﻿202 students; of whom 18 are philosophers, 72 theologians, and the rest in the classical course",,1869.0,Milwaukee
﻿mil.wi.0318,﻿seminary,﻿Ecclesiastical Seminary of St. Francis 'de' Sales (Salesianum),English,,﻿P.O. St. Francis,,﻿,,,,﻿WI,,42.9716437,-87.87589390000001,,,,,﻿jos_rainer_001,﻿Rev.,﻿Jos. Rainer,,"﻿Professor of Latin and Greek, and Disciplinarian",,﻿student,"﻿202 students; of whom 18 are philosophers, 72 theologians, and the rest in the classical course",,1869.0,Milwaukee
﻿mil.wi.0318,﻿seminary,﻿Ecclesiastical Seminary of St. Francis 'de' Sales (Salesianum),English,,﻿P.O. St. Francis,,﻿,,,,﻿WI,,42.9716437,-87.87589390000001,,,,,﻿joh_wiegers_001,﻿Rev.,﻿John Wiegers,,"﻿Professor of Christian Doctrine, German, and History",,﻿student,"﻿202 students; of whom 18 are philosophers, 72 theologians, and the rest in the classical course",,1869.0,Milwaukee
﻿mil.wi.0318,﻿seminary,﻿Ecclesiastical Seminary of St. Francis 'de' Sales (Salesianum),English,,﻿P.O. St. Francis,,﻿,,,,﻿WI,,42.9716437,-87.87589390000001,,,,,﻿tho_fagan_001,﻿Rev.,﻿Thomas Fagan,,﻿Professor of English,,﻿student,"﻿202 students; of whom 18 are philosophers, 72 theologians, and the rest in the classical course",,1869.0,Milwaukee
﻿mil.wi.0318,﻿seminary,﻿Ecclesiastical Seminary of St. Francis 'de' Sales (Salesianum),English,,﻿P.O. St. Francis,,﻿,,,,﻿WI,,42.9716437,-87.87589390000001,,,,,﻿aug_zeininger_001,﻿Rev.,﻿Aug. Zeininger,,﻿Professor of Mathematics and Natural Philosophy,,﻿student,"﻿202 students; of whom 18 are philosophers, 72 theologians, and the rest in the classical course",,1869.0,Milwaukee
﻿mil.wi.0318,﻿seminary,﻿Ecclesiastical Seminary of St. Francis 'de' Sales (Salesianum),English,,﻿P.O. St. Francis,,﻿,,,,﻿WI,,42.9716437,-87.87589390000001,,,,,﻿joh_gmeiner_001,﻿Rev.,﻿John Gmeiner,,"﻿Professor of Latin, History, Geography, and of German for the English",,﻿student,"﻿202 students; of whom 18 are philosophers, 72 theologians, and the rest in the classical course",,1869.0,Milwaukee
﻿mil.wi.0319,﻿school,﻿St. Gall's School,English,,﻿P.O. St. Francis,,﻿,﻿Milwaukee County,﻿Milwaukee,﻿Milwaukee,﻿WI,,43.06612379999999,-87.91397420000001,,,,,﻿wm_schmidt_001,﻿Rev.,﻿Wm. Schmidt,﻿S.J.,﻿Director,,,,,1869.0,Milwaukee
﻿mil.wi.0319,﻿school,﻿St. Gall's School,English,,﻿P.O. St. Francis,,﻿,﻿Milwaukee County,﻿Milwaukee,﻿Milwaukee,﻿WI,,43.06612379999999,-87.91397420000001,,,,,﻿p_a_nogues_001,﻿Rev.,﻿P. A. Nogues,﻿S.J.,﻿Teacher,,,,,1869.0,Milwaukee
﻿mil.wi.0319,﻿school,﻿St. Gall's School,English,,﻿P.O. St. Francis,,﻿,﻿Milwaukee County,﻿Milwaukee,﻿Milwaukee,﻿WI,,43.06612379999999,-87.91397420000001,,,,,﻿jam_g_walsh_001,﻿Mr.,﻿James G. Walsh,﻿S.J.,﻿Teacher,,,,,1869.0,Milwaukee
﻿mil.wi.0319,﻿school,﻿St. Gall's School,English,,﻿P.O. St. Francis,,﻿,﻿Milwaukee County,﻿Milwaukee,﻿Milwaukee,﻿WI,,43.06612379999999,-87.91397420000001,,,,,﻿mic_connely_001,﻿Mr.,﻿Michael Connely,﻿S.J.,﻿Teacher,,,,,1869.0,Milwaukee
﻿mil.wi.0319,﻿school,﻿St. Gall's School,English,,﻿P.O. St. Francis,,﻿,﻿Milwaukee County,﻿Milwaukee,﻿Milwaukee,﻿WI,,43.06612379999999,-87.91397420000001,,,,,﻿j_c_callan_001,﻿Mr.,﻿J. C. Callan,,﻿Teacher,,,,,1869.0,Milwaukee
﻿mil.wi.0319,﻿school,﻿St. Gall's School,English,,﻿P.O. St. Francis,,﻿,﻿Milwaukee County,﻿Milwaukee,﻿Milwaukee,﻿WI,,43.06612379999999,-87.91397420000001,,,,,﻿d_b_corcoran_001,﻿Mr.,﻿D. B. Corcoran,,﻿Teacher,,,,,1869.0,Milwaukee
﻿mil.wi.0319,﻿school,﻿St. Gall's School,English,,﻿P.O. St. Francis,,﻿,﻿Milwaukee County,﻿Milwaukee,﻿Milwaukee,﻿WI,,43.06612379999999,-87.91397420000001,,,,,﻿j_h_mctighe_001,﻿Mr.,﻿J. H. McTighe,,﻿Teacher,,,,,1869.0,Milwaukee
﻿mil.wi.0319,﻿school,﻿St. Gall's School,English,,﻿P.O. St. Francis,,﻿,﻿Milwaukee County,﻿Milwaukee,﻿Milwaukee,﻿WI,,43.06612379999999,-87.91397420000001,,,,,﻿geo_blackwell_001,﻿Mr.,﻿George Blackwell,,﻿Teacher,,,,,1869.0,Milwaukee
﻿mil.wi.0320,﻿hospital,﻿St. Mary's Hospital,English,,﻿On North Point avenue,,﻿,﻿Milwaukee County,﻿Milwaukee,﻿Milwaukee,﻿WI,,43.0611277,-87.8799834,,,,,,﻿Sister,﻿Mary Vincent,,﻿Sister-Servant,,,,﻿Under the charge of the Daughters of Charity,1869.0,Milwaukee
﻿mil.wi.0321,﻿asylum,﻿St. Emilian's Male Orphan Asylum,English,,﻿Near Milwaukee,,﻿,,﻿St. Francis' Station,,﻿WI,,43.0389025,-87.9064736,,,,,,﻿Sister,﻿Mary,,﻿Superior,,﻿orphan,﻿57 orphans,﻿Under the care of the Sisters of the Third Order of St. Francis Seraph,1869.0,Milwaukee
﻿mil.wi.0322,﻿asylum,﻿St. Rosa's Female Orphan Asylum,English,,"﻿On Jackson, near Biddle street",,﻿Waukesha,﻿Milwaukee County,﻿Milwaukee,﻿Milwaukee,﻿WI,,43.0389025,-87.9064736,,,,,,﻿Sister,﻿Camilla,,﻿Sister-Servant,,﻿orphan,﻿84 orphans,﻿Conducted by eight Daughters of Charity,1869.0,Milwaukee
﻿mil.wi.0323,﻿asylum,﻿St. Joseph's Orphan Asylum,English,﻿For small female children,﻿On North Point avenue,,,﻿Milwaukee County,﻿Milwaukee,﻿Milwaukee,﻿WI,,43.0389025,-87.9064736,,,,,,,,,,,﻿orphan,﻿52 orphans,﻿In charge of the Daughters of Charity,1869.0,Milwaukee
﻿mil.wi.0324,﻿asylum,﻿St. Mary's Orphan Asylum,English,,"﻿On Jackson, near Biddle street",,﻿Waukesha County,﻿Waukesha County,﻿Elm Grove,﻿Elm Grove,﻿WI,,43.0389025,-87.9064736,,,,,,﻿Sister,﻿Mary Romualda,,﻿Directress,,﻿orphan,﻿40 orphans,﻿Under the direction of the School Sisters of Notre Dame,1869.0,Milwaukee
﻿mil.wi.0324,﻿orphan association,﻿St. John's Orphan Association,English,"﻿Consisting of members of St. John's Cathedral, in behalf of female orphans.","﻿On Jackson, near Biddle street",,﻿Waukesha County,﻿Waukesha County,﻿Elm Grove,﻿Elm Grove,﻿WI,,43.0389025,-87.9064736,,,,,,,,,,,﻿orphan,﻿40 orphans,﻿Under the direction of the School Sisters of Notre Dame,1869.0,Milwaukee
﻿mil.wi.0324,﻿orphan association,﻿St. Emilian's Orphan Association,English,"﻿Formed by members of the German churches in the city of Milwaukee, in behalf of male orphans.","﻿On Jackson, near Biddle street",,﻿Waukesha County,﻿Waukesha County,﻿Elm Grove,﻿Elm Grove,﻿WI,,43.0389025,-87.9064736,,,,,,,,,,,﻿orphan,﻿40 orphans,﻿Under the direction of the School Sisters of Notre Dame,1869.0,Milwaukee
﻿mil.wi.0324,﻿association,﻿St. Vincent of Paul's Association,English,"﻿For the relief of the poor, with two conferences.","﻿On Jackson, near Biddle street",,﻿Waukesha County,﻿Waukesha County,﻿Elm Grove,﻿Elm Grove,﻿WI,,43.0389025,-87.9064736,,,,,,,,,,,﻿orphan,﻿40 orphans,﻿Under the direction of the School Sisters of Notre Dame,1869.0,Milwaukee
﻿mil.wi.0324,﻿benevolent society,﻿Hibernian Benevolent Society,English,﻿For the benefit of the members and widows of deceased members of St. Gall's,"﻿On Jackson, near Biddle street",,﻿Waukesha County,﻿Waukesha County,﻿Elm Grove,﻿Elm Grove,﻿WI,,43.0389025,-87.9064736,,,,,,,,,,,﻿orphan,﻿40 orphans,﻿Under the direction of the School Sisters of Notre Dame,1869.0,Milwaukee
﻿mil.wi.0324,﻿benevolent society,﻿Benevolent Society,English,﻿For the poor. Each of the German Catholic churches has its benevolent society.,"﻿On Jackson, near Biddle street",,﻿Waukesha County,﻿Waukesha County,﻿Elm Grove,﻿Elm Grove,﻿WI,,43.0389025,-87.9064736,,,,,,,,,,,﻿orphan,﻿40 orphans,﻿Under the direction of the School Sisters of Notre Dame,1869.0,Milwaukee
﻿mil.wi.0324,﻿society,﻿St. Mary and Martha's Society,English,"﻿Held monthly by the ladies of the Cathedral congregation, and also of St.Gall's, for the benefit of the poor.","﻿On Jackson, near Biddle street",,﻿Waukesha County,﻿Waukesha County,﻿Elm Grove,﻿Elm Grove,﻿WI,,43.0389025,-87.9064736,,,,,,,,,,,﻿orphan,﻿40 orphans,﻿Under the direction of the School Sisters of Notre Dame,1869.0,Milwaukee
﻿mil.wi.0324,﻿society,﻿Altar Society,English,﻿Consisting of ladies of the Cathedral congregation.,"﻿On Jackson, near Biddle street",,﻿Waukesha County,﻿Waukesha County,﻿Elm Grove,﻿Elm Grove,﻿WI,,43.0389025,-87.9064736,,,,,,,,,,,﻿orphan,﻿40 orphans,﻿Under the direction of the School Sisters of Notre Dame,1869.0,Milwaukee
