instID,church_type,instName,language,instNote,placeName,region,county_orig,county_reg,city_orig,city_reg,state_orig,state_reg,latitude,longitude,attendingInstID,attendingChurch,attendingChurchFrequency,attendingChurchNote,persID,persTitle,persName,persSuffix,persRole,persNote,memberType,member,affiliated,year,diocese
﻿new.nj.0001,﻿cathedral,﻿St. Patrick's Cathedral,English,,,,,﻿Essex County,﻿Newark,﻿Newark,﻿NJ,,40.7420973,-74.172314,,,,,﻿jam_r_bayley_001,,﻿James Roosevelt Bayley,﻿D.D.,,,,,,1870.0,Newark
﻿new.nj.0001,﻿cathedral,﻿St. Patrick's Cathedral,English,,,,,﻿Essex County,﻿Newark,﻿Newark,﻿NJ,,40.7420973,-74.172314,,,,,﻿geo_h_doane_001,,﻿George H. Doane,,,,,,,1870.0,Newark
﻿new.nj.0001,﻿cathedral,﻿St. Patrick's Cathedral,English,,,,,﻿Essex County,﻿Newark,﻿Newark,﻿NJ,,40.7420973,-74.172314,,,,,﻿cha_a_reilly_001,,﻿Charles A. Reilly,,,,,,,1870.0,Newark
﻿new.nj.0001,﻿cathedral,﻿St. Patrick's Cathedral,English,,,,,﻿Essex County,﻿Newark,﻿Newark,﻿NJ,,40.7420973,-74.172314,,,,,﻿p_j_garvey_001,,﻿P. J. Garvey,﻿D.D.,,,,,,1870.0,Newark
﻿new.nj.0002,﻿chapel,﻿New Cathedral Chapel of Our Lady and St. Patrick,English,,﻿St. Patrick's Cathedral,,,﻿Essex County,﻿Newark,﻿Newark,﻿NJ,,40.735657,-74.1723667,,,,,,,,,,,,,,1870.0,Newark
﻿new.nj.0003,﻿church,﻿St. John's,English,,,,,﻿Essex County,﻿Newark,﻿Newark,﻿NJ,,40.738052200000006,-74.16590699999999,,,,,﻿tho_m_killeen_001,,﻿Thomas M. Killeen,,,,,,,1870.0,Newark
﻿new.nj.0003,﻿church,﻿St. John's,English,,,,,﻿Essex County,﻿Newark,﻿Newark,﻿NJ,,40.738052200000006,-74.16590699999999,,,,,﻿p_f_kivelitz_001,,﻿P. F. H. Kivelitz,,,,,,,1870.0,Newark
﻿new.nj.0004,﻿church,﻿St. Mary's,﻿German,,,,,﻿Essex County,﻿Newark,﻿Newark,﻿NJ,,40.7470654,-74.2329737,,,,,﻿rom_hill_001,,﻿Romanus Hill,﻿O.S.B.,,,,,,1870.0,Newark
﻿new.nj.0004,﻿church,﻿St. Mary's,﻿German,,,,,﻿Essex County,﻿Newark,﻿Newark,﻿NJ,,40.7470654,-74.2329737,,,,,﻿val_lobmeyer_001,,﻿Valentine Lobmeyer,﻿O.S.B.,,,,,,1870.0,Newark
﻿new.nj.0004,﻿church,﻿St. Mary's,﻿German,,,,,﻿Essex County,﻿Newark,﻿Newark,﻿NJ,,40.7470654,-74.2329737,,,,,﻿wil_walter_001,,﻿William Walter,﻿O.S.B.,,,,,,1870.0,Newark
﻿new.nj.0004,﻿church,﻿St. Mary's,﻿German,,,,,﻿Essex County,﻿Newark,﻿Newark,﻿NJ,,40.7470654,-74.2329737,,,,,﻿ber_dolweck_001,,﻿Bernardine Dolweck,﻿O.S.B.,,,,,,1870.0,Newark
﻿new.nj.0005,﻿church,﻿St. James',English,,,,,﻿Essex County,﻿Newark,﻿Newark,﻿NJ,,40.7285209,-74.1621778,,,,,﻿j_m_gervais_001,,﻿J. M. Gervais,,,,,,,1870.0,Newark
﻿new.nj.0006,﻿church,﻿St. Peter's,﻿German,,,,,﻿Essex County,﻿Newark,﻿Newark,﻿NJ,,40.739736900000004,-74.2017412,,,,,﻿god_preith_001,,﻿Godfried Preith,,,,,,,1870.0,Newark
﻿new.nj.0007,﻿church,﻿St. Joseph's,English,,,,,﻿Essex County,﻿Newark,﻿Newark,﻿NJ,,40.735657,-74.1723667,,,,,﻿jam_f_dalton_001,,﻿James F. Dalton,,,,,,,1870.0,Newark
﻿new.nj.0008,﻿church,﻿St. Benedict's,﻿German,,,,,﻿Essex County,﻿Newark,﻿Newark,﻿NJ,,40.7355148,-74.1789385,﻿new.nj.0004,﻿Served by the Benedictines from St. Mary's,,,,,,,,,,,,1870.0,Newark
﻿new.nj.0009,﻿school,﻿St. Pius' School-house,English,,﻿East Newark,,,﻿Essex County,﻿Newark,﻿Newark,﻿NJ,,40.7497019,-74.16363129999999,,,,,,,,,,,,,,1870.0,Newark
﻿new.nj.0010,﻿church,﻿St. Nicholas of Tolentino,English,,,,﻿Atlantic County,,﻿Absecom,﻿Absecom,﻿NJ,,39.428450299999994,-74.49570759999999,﻿phi.pa.0007,﻿Attended by the Augustinians from Philadelphia,,"﻿no church id found for St. Peters, Philadelphia aa",,,,,,,,,,1870.0,Newark
﻿new.nj.0011,﻿church,not recorded,English,,,,﻿Sussex County,,﻿Andover,﻿Andover,﻿NJ,,40.9859311,-74.7421089,﻿new.nj.0070,﻿Attended from Newton,,,,,,,,,,,,1870.0,Newark
﻿new.nj.0012,﻿church,﻿St. James',English,,,,﻿Somerset County,,﻿Baskingridge,﻿Basking Ridge,﻿NJ,,40.7066174,-74.54932840000001,﻿new.nj.0063,﻿Attended from Morristown,,,,,,,,,,,,1870.0,Newark
﻿new.nj.0013,﻿church,﻿St. Peter's,English,,,,﻿Essex County,,﻿Belleville,﻿Belleville,﻿NJ,,40.7936744,-74.1500469,,,,,﻿hub_de-burgh_001,,﻿Hubert De Burgh,,,,,,,1870.0,Newark
﻿new.nj.0014,﻿church,not recorded,English,,,,﻿Warren County,,﻿Belvidere,﻿Belvidere,﻿NJ,,40.82982,-75.0776747,﻿new.nj.0080,﻿Attended from Phillipsburgh,,,,,,,,,,,,1870.0,Newark
﻿new.nj.0015,﻿church,﻿St. Mary's (Stella Maris),English,,,,﻿Bergen County,,﻿Bergen Point,﻿Bayonne,﻿NJ,,40.6687141,-74.11430909999999,,,,,﻿f_niederhauser_001,,﻿F. Niederhauser,,,,,,,1870.0,Newark
﻿new.nj.0016,﻿church,﻿St. Joseph's,English,,,,﻿Burlington County,,﻿Beverly,﻿Beverly,﻿NJ,,40.0648332,-74.92322259999999,﻿new.nj.0021,﻿Attended from Burlington,,,,,,,,,,,,1870.0,Newark
﻿new.nj.0017,﻿church,﻿Our Lady of Mount Carmel,English,,,,﻿Morris County,,﻿Boonton,﻿Boonton,﻿NJ,,40.9076908,-74.4139624,,,,,﻿l_gambosville_001,,﻿L. Gambosville,,,,,,,1870.0,Newark
﻿new.nj.0018,﻿church,﻿St. Mary's,English,,,,﻿Burlington County,,﻿Bordentown,﻿Bordentown,﻿NJ,,40.141508,-74.69798359999999,,,,,﻿p_leonard_001,,﻿P. Leonard,,,,,,,1870.0,Newark
﻿new.nj.0019,﻿church,﻿St. Joseph's,English,,,,﻿Somerset County,,﻿Bound Brook,﻿Bound Brook,﻿NJ,,40.568436299999995,-74.5384889,﻿new.nj.0088,﻿Attended from Raritan,,,,,,,,,,,,1870.0,Newark
﻿new.nj.0020,﻿church,﻿Immaculate Conception,English,,,,﻿Cumberland County,,﻿Bridgeton,﻿Bridgeton,﻿NJ,,39.427337,-75.2340768,﻿new.nj.0064,﻿Attended from Millville,,,,,,,,,,,,1870.0,Newark
﻿new.nj.0021,﻿church,﻿St. Paul's,English,,,,﻿Burlington County,,﻿Burlington,﻿Burlington,﻿NJ,,40.080134,-74.8539065,,,,,﻿mic_j_kirwan_001,,﻿Michael J. Kirwan,,,,,,,1870.0,Newark
﻿new.nj.0022,﻿church,﻿Church of the Immaculate Conception,English,,,,﻿Camden County,,﻿Camden,﻿Camden,﻿NJ,,39.944882,-75.1185572,,,,,﻿pat_byrnes_001,,﻿Patrick Byrnes,,﻿Rural Dean,,,,,1870.0,Newark
﻿new.nj.0022,﻿church,﻿Church of the Immaculate Conception,English,,,,﻿Camden County,,﻿Camden,﻿Camden,﻿NJ,,39.944882,-75.1185572,,,,,﻿pl_connolly_001,,﻿P.L. Connolly,,,,,,,1870.0,Newark
﻿new.nj.0023,﻿church,﻿SS. Peter and Paul,﻿German,,,,﻿Camden County,,﻿Camden,﻿Camden,﻿NJ,,39.9259463,-75.1196199,,,,,﻿j_thurnes_001,,﻿J. Thurnes,,,,,,,1870.0,Newark
﻿new.nj.0023,﻿church,﻿SS. Peter and Paul,﻿German,,,,﻿Camden County,,﻿Camden,﻿Camden,﻿NJ,,39.9259463,-75.1196199,,,,,﻿a_heckinger_001,,﻿A. Heckinger,,,,,,,1870.0,Newark
﻿new.nj.0024,﻿church,﻿St. Mary's Star of the Sea,English,,,,﻿Cape May County,,﻿Cape Island,﻿Cape May,﻿NJ,,38.933344299999995,-74.9219285,﻿new.nj.0064,﻿Attended from Millville,,,,,,,,,,,,1870.0,Newark
﻿new.nj.0025,﻿church,﻿St. Mary's,English,,,,﻿Hunterdon County,,﻿Clinton,﻿Clinton,﻿NJ,,40.636768200000006,-74.90989,﻿new.nj.0069,﻿Attended from New-Hampton,,,,,,,,,,,,1870.0,Newark
﻿new.nj.0026,﻿church,not recorded,English,,,,﻿Cape May County,,﻿Dennis Creek,﻿Dennis,﻿NJ,,39.195862299999995,-74.8156199,﻿new.nj.0064,﻿Attended from Millville,,,,,,,,,,,,1870.0,Newark
﻿new.nj.0027,﻿church,﻿St. Mary's,English,,,,﻿Morris County,,﻿Dover,﻿Dover,﻿NJ,,40.94795870000001,-74.55218690000001,,,,,﻿b_a_quinn_001,,﻿B. A. Quinn,,,,,,,1870.0,Newark
﻿new.nj.0028,﻿church,﻿St. Cecilia,English,,,,﻿Hudson County,,﻿Englewood,﻿Englewood,﻿NJ,,40.8928771,-73.9726381,﻿new.nj.0033,﻿Attended from Fort Lee,,,,,,,,,,,,1870.0,Newark
﻿new.nj.0029,﻿church,﻿St. Nicholas',English,,,,﻿Atlantic County,,﻿Egg Harbor City,﻿Egg Harbor City,﻿NJ,,39.5287282,-74.6479364,﻿new.nj.0022,"﻿Attended from German church, Camden",,,,,,,,,,,,1870.0,Newark
﻿new.nj.0030,﻿church,﻿St. Mary's,English,,,,﻿Union County,,﻿Elizabeth,﻿Elizabeth,﻿NJ,,40.6639916,-74.2107006,,,,,﻿mic_e_kane_001,,﻿Michael E. Kane,,,,,,,1870.0,Newark
﻿new.nj.0031,﻿church,﻿St. Michael's,﻿German,,,,﻿Union County,,﻿Elizabeth,﻿Elizabeth,﻿NJ,,40.661206400000005,-74.2032193,,,,,﻿h_lempke_001,,﻿H. Lempke,﻿O.S.B.,,,,,,1870.0,Newark
﻿new.nj.0031,﻿church,﻿St. Michael's,﻿German,,,,﻿Union County,,﻿Elizabeth,﻿Elizabeth,﻿NJ,,40.661206400000005,-74.2032193,,,,,﻿erh_vanino_001,,﻿Erhard Vanino,﻿O.S.B.,,,,,,1870.0,Newark
﻿new.nj.0032,﻿church,﻿St. Patrick's,English,,,,﻿Union County,,﻿Elizabeth,﻿Elizabeth,﻿NJ,,40.6523154,-74.1867094,,,,,﻿p_hennessey_001,,﻿P. Hennessey,,,,,,,1870.0,Newark
﻿new.nj.0032,﻿church,﻿St. Patrick's,English,,,,﻿Union County,,﻿Elizabeth,﻿Elizabeth,﻿NJ,,40.6523154,-74.1867094,,,,,﻿j_p_morris_001,,﻿J. P. Morris,,,,,,,1870.0,Newark
﻿new.nj.0033,﻿church,﻿Church of the Madonna,English,,,,﻿Bergen County,,﻿Fort Lee,﻿Fort Lee,﻿NJ,,40.8508461,-73.97500809999998,,,,,﻿a_j_smith_001,,﻿A. J. Smith,﻿O.C.C.,,,,,,1870.0,Newark
﻿new.nj.0033,﻿church,﻿Church of the Madonna,English,,,,﻿Bergen County,,﻿Fort Lee,﻿Fort Lee,﻿NJ,,40.8508461,-73.97500809999998,,,,,﻿ang_kempen_001,,﻿Angelus Kempen,﻿O.C.C.,,,,,,1870.0,Newark
﻿new.nj.0034,﻿church,﻿Immaculate Conception,English,,,,﻿Sussex County,,﻿Franklin Furnace,﻿Franklin,﻿NJ,,41.1220409,-74.5804378,﻿new.nj.0070,﻿Attended from Newton,,,,,,,,,,,,1870.0,Newark
﻿new.nj.0035,﻿church,﻿St. Mary Magdalen de Pazzi,English,,,,﻿Hunterdon County,,﻿Flemington,﻿Flemington,﻿NJ,,40.5123258,-74.85933179999999,﻿new.nj.0053,﻿Attended from Lambertville,,,,,,,,,,,,1870.0,Newark
﻿new.nj.0036,﻿church,﻿St. Rose of Lima,English,,,,﻿Monmouth County,,﻿Freehold,﻿Freehold,﻿NJ,,40.2580848,-74.2748157,﻿new.nj.0085,﻿Attended from Princeton,,,,,,,,,,,,1870.0,Newark
﻿new.nj.0037,﻿church,not recorded,English,,,,﻿Gloucester County,,﻿Glasboro,﻿Glasboro,﻿NJ,,39.702892299999995,-75.1118422,﻿new.nj.0038,﻿Attended from Gloucester,,,,,,,,,,,,1870.0,Newark
﻿new.nj.0038,﻿church,﻿St. Mary's,English,,,,﻿Camden County,,﻿Gloucester,﻿Gloucester,﻿NJ,,39.8917799,-75.1162863,,,,,﻿w_j_wiseman_001,,﻿W. J. Wiseman,﻿S.T.L.,,,,,,1870.0,Newark
﻿new.nj.0039,﻿church,﻿St. Paul's,English,,,,﻿Hudson County,,﻿Greenville,﻿Greenville,﻿NJ,,40.7017797,-74.0924601,﻿new.nj.0047,﻿Attended from Jersey City,,"﻿multiple possible churches from Jersey City, went with the first",,,,,,,,,,1870.0,Newark
﻿new.nj.0040,﻿church,﻿St. Joseph's,English,,,,﻿Hudson County,,﻿Guttenberg,﻿Guttenberg,﻿NJ,,40.7920454,-74.0037505,﻿new.nj.0113,"﻿Attended from the Passionist Monastery, West Hoboken",,,,,,,,,,,,1870.0,Newark
﻿new.nj.0041,﻿church,﻿Holy Trinity,English,,,,﻿Bergen County,,﻿Hackensack,﻿Hackensack,﻿NJ,,40.8859325,-74.0434736,,,,,﻿p_cody_001,,﻿P. Cody,,,,,,,1870.0,Newark
﻿new.nj.0042,﻿church,﻿Assumption B.V.M.,English,,,,﻿Warren County,,﻿Hackettstown,﻿Hackettstown,﻿NJ,,40.85398789999999,-74.82905550000001,﻿new.nj.0070,﻿Attended from Newton,,,,,,,,,,,,1870.0,Newark
﻿new.nj.0043,﻿church,﻿Our Lady of Grace,English,,,,﻿Hudson County,,﻿Hoboken,﻿Hoboken,﻿NJ,,40.7421804,-74.0334561,,,,,﻿ant_cauvin_001,,﻿Anthony Cauvin,,,,,,,1870.0,Newark
﻿new.nj.0043,﻿church,﻿Our Lady of Grace,English,,,,﻿Hudson County,,﻿Hoboken,﻿Hoboken,﻿NJ,,40.7421804,-74.0334561,,,,,﻿b_oreilly_001,,﻿B. O'Reilly,,,,,,,1870.0,Newark
﻿new.nj.0043,﻿church,﻿Our Lady of Grace,English,,,,﻿Hudson County,,﻿Hoboken,﻿Hoboken,﻿NJ,,40.7421804,-74.0334561,,,,,﻿c_blanc_001,,﻿C. Blanc,,,,,,,1870.0,Newark
﻿new.nj.0044,﻿church,﻿St. Luke's,English,,,,﻿Bergen County,,﻿Hohokus,﻿Ho-Ho-Kus,﻿NJ,,40.9964864,-74.101253,﻿new.nj.0075,﻿Attended from Paterson,,"﻿multiple possible churches from Paterson, went with the first",,,,,,,,,,1870.0,Newark
﻿new.nj.0045,﻿church,﻿St. Joseph's,English,,,,﻿Hudson County,,﻿Hudson City,﻿Jersey City,﻿NJ,,40.7311602,-74.05827420000001,,,,,﻿alo_venuta_001,,﻿Aloysius Venuta,,,,,,,1870.0,Newark
﻿new.nj.0045,﻿church,﻿St. Joseph's,English,,,,﻿Hudson County,,﻿Hudson City,﻿Jersey City,﻿NJ,,40.7311602,-74.05827420000001,,,,,﻿p_fitzsimmons_001,,﻿P. Fitzsimmons,,,,,,,1870.0,Newark
﻿new.nj.0046,﻿church,﻿St. Paul of the Cross,English,,,,﻿Hudson County,,﻿Hudson City,﻿Jersey City,﻿NJ,,40.747634999999995,-74.0456246,﻿new.nj.0113,"﻿Attended from the Passionist Monastery, West Hoboken",,,,,,,,,,,,1870.0,Newark
﻿new.nj.0047,﻿church,﻿St. Peter's,English,,,,﻿Hudson County,,﻿Jersey City,﻿Jersey City,﻿NJ,,40.7159628,-74.0439649,,,,,﻿pat_corrigan_001,,﻿Patrick Corrigan,,,,,,,1870.0,Newark
﻿new.nj.0047,﻿church,﻿St. Peter's,English,,,,﻿Hudson County,,﻿Jersey City,﻿Jersey City,﻿NJ,,40.7159628,-74.0439649,,,,,﻿jam_owens_001,,﻿James Owens,,,,,,,1870.0,Newark
﻿new.nj.0047,﻿church,﻿St. Peter's,English,,,,﻿Hudson County,,﻿Jersey City,﻿Jersey City,﻿NJ,,40.7159628,-74.0439649,,,,,﻿j_m_graham_001,,﻿J. M. J. Graham,,,,,,,1870.0,Newark
﻿new.nj.0048,﻿church,﻿St. Mary's (Immaculate Conception),English,,,,﻿Hudson County,,﻿Jersey City,﻿Jersey City,﻿NJ,,40.722586299999996,-74.0438757,,,,,﻿l_d_senez_001,,﻿L. D. Senez,,,,,,,1870.0,Newark
﻿new.nj.0048,﻿church,﻿St. Mary's (Immaculate Conception),English,,,,﻿Hudson County,,﻿Jersey City,﻿Jersey City,﻿NJ,,40.722586299999996,-74.0438757,,,,,﻿j_p_smyth_001,,﻿J. P. Smyth,,,,,,,1870.0,Newark
﻿new.nj.0048,﻿church,﻿St. Mary's (Immaculate Conception),English,,,,﻿Hudson County,,﻿Jersey City,﻿Jersey City,﻿NJ,,40.722586299999996,-74.0438757,,,,,﻿s_pattle_001,,﻿S. Pattle,,,,,,,1870.0,Newark
﻿new.nj.0048,﻿church,﻿St. Mary's (Immaculate Conception),English,,,,﻿Hudson County,,﻿Jersey City,﻿Jersey City,﻿NJ,,40.722586299999996,-74.0438757,,,,,﻿t_fox_001,,﻿T. Fox,,,,,,,1870.0,Newark
﻿new.nj.0049,﻿church,﻿St. Boniface's,﻿German,,,,﻿Hudson County,,﻿Jersey City,﻿Jersey City,﻿NJ,,40.7493464,-74.0470483,,,,,﻿d_kraus_001,,﻿D. Kraus,,,,,,,1870.0,Newark
﻿new.nj.0049,﻿church,﻿St. Boniface's,﻿German,,,,﻿Hudson County,,﻿Jersey City,﻿Jersey City,﻿NJ,,40.7493464,-74.0470483,,,,,﻿h_fehlings_001,,﻿H. Fehlings,,,,,,,1870.0,Newark
﻿new.nj.0050,﻿church,﻿St. Michael's,English,,,,﻿Hudson County,,﻿Jersey City,﻿Jersey City,﻿NJ,,40.7117059,-74.0773541,,,,,﻿j_da-concilio_001,,﻿J. Da Concilio,,,,,,,1870.0,Newark
﻿new.nj.0051,﻿church,﻿St Bridget's,English,,﻿(building),,﻿Hudson County,,﻿Jersey City,﻿Jersey City,﻿NJ,,40.7493464,-74.0470483,,,,,,,,,,,,,,1870.0,Newark
﻿new.nj.0052,﻿church,﻿St. Joseph's,English,,,,﻿Monmouth County,,﻿Keyport,﻿Keyport,﻿NJ,,40.429970700000005,-74.1984105,﻿new.nj.0095,﻿Attended from South-Amboy,,,,,,,,,,,,1870.0,Newark
﻿new.nj.0053,﻿church,﻿St. John Evangelist's,English,,,,﻿Hunterdon County,,﻿Lambertville,﻿Lambertville,﻿NJ,,40.3667156,-74.9434823,,,,,﻿hug_murphy_001,,﻿Hugh Murphy,,,,,,,1870.0,Newark
﻿new.nj.0054,﻿church,﻿St. Mary's,English,,,,﻿Monmouth County,,﻿Long Branch,﻿Long Branch,﻿NJ,,40.3042778,-73.99235959999999,﻿new.nj.0089,﻿Attended from Red Bank,,,,,,,,,,,,1870.0,Newark
﻿new.nj.0055,﻿church,﻿St. Francis of Sales,English,,,,﻿Bergen County,,﻿Lodi,﻿Lodi,﻿NJ,,40.8750765,-74.0803911,﻿new.nj.0041,﻿Attended from Hackensack,,,,,,,,,,,,1870.0,Newark
﻿new.nj.0056,﻿church,﻿St. Joseph's,English,,,,﻿Passaic County,,﻿Macopin,﻿Macopin,﻿NJ,,40.8577429,-74.1754661,﻿new.nj.0075,﻿Attended from Paterson,,"﻿multiple possible churches from Paterson, went with the first",,,,,,,,,,1870.0,Newark
﻿new.nj.0057,﻿church,﻿St. Vincent's,English,,,,﻿Morris County,,﻿Madison,﻿Madison,﻿NJ,,40.7598227,-74.417097,,,,,﻿w_m_wigger_001,,﻿W. M. Wigger,﻿D.D.,,,,,,1870.0,Newark
﻿new.nj.0058,﻿church,﻿St. Joseph's,English,,,,﻿Morris County,,﻿Mendham,﻿Mendham,﻿NJ,,40.774750700000006,-74.60242579999999,﻿new.nj.0063,﻿Attended from Morristown,,,,,,,,,,,,1870.0,Newark
﻿new.nj.0059,﻿church,not recorded,English,,,,﻿Middlesex County,,﻿Metuchen,﻿Metuchen,﻿NJ,,40.5431598,-74.36320490000001,﻿new.nj.0067,﻿Attended from New-Brunswick,,,,,,,,,,,,1870.0,Newark
﻿new.nj.0060,﻿church,﻿St. Joseph's,English,,,,﻿Somerset County,,﻿Millstone,﻿Millstone,﻿NJ,,40.5292099,-74.64004320000001,﻿new.nj.0088,﻿Attended from Raritan,,,,,,,,,,,,1870.0,Newark
﻿new.nj.0061,﻿church,﻿Immaculate Conception,English,,,,﻿Essex County,,﻿Montclair,﻿Montclair,﻿NJ,,40.8164893,-74.2166556,,,,,﻿tit_joslin_001,,﻿Titus Joslin,,,,,,,1870.0,Newark
﻿new.nj.0062,﻿church,﻿Church of Our Lady and St. Patrick's,English,,,,﻿Burlington County,,﻿Moorestown,﻿Moorestown,﻿NJ,,39.968881700000004,-74.948886,﻿new.nj.0022,﻿Attended from Camden,,,,,,,,,,,,1870.0,Newark
﻿new.nj.0063,﻿church,﻿Assumption B.V.M.,English,,,,﻿Morris County,,﻿Morristown,﻿Morristown,﻿NJ,,40.7967667,-74.4815438,,,,,﻿p_mcgovern_001,,﻿P. McGovern,,,,,,,1870.0,Newark
﻿new.nj.0064,﻿church,﻿St. Mary Magdalen's,English,,,,﻿Cumberland County,,﻿Millville,﻿Millville,﻿NJ,,39.403242,-75.04112909999999,,,,,﻿mar_gessner_001,,﻿Martin Gessner,,,,,,,1870.0,Newark
﻿new.nj.0065,﻿church,﻿St. Mary's,English,,,,﻿Burlington County,,﻿Mount Holly,﻿Mount Holly,﻿NJ,,39.9931438,-74.78793929999999,﻿new.nj.0021,﻿Attended from Burlington,,,,,,,,,,,,1870.0,Newark
﻿new.nj.0066,﻿church,not recorded,English,,,,﻿Morris County,,﻿Mount Hope,﻿Mount Hope,﻿NJ,,40.9262098,-74.5426577,﻿new.nj.0027,﻿Attended from Dover,,,,,,,,,,,,1870.0,Newark
﻿new.nj.0067,﻿church,﻿St. Peter's,English,,,,﻿Middlesex County,,﻿New-Brunswick,﻿New Brunswick,﻿NJ,,40.4862157,-74.4518188,,,,,﻿joh_rodgers_001,,﻿John Rodgers,,,,,,,1870.0,Newark
﻿new.nj.0067,﻿church,﻿St. Peter's,English,,,,﻿Middlesex County,,﻿New-Brunswick,﻿New Brunswick,﻿NJ,,40.4862157,-74.4518188,,,,,﻿m_c_duggan_001,,﻿M. C. Duggan,,,,,,,1870.0,Newark
﻿new.nj.0068,﻿church,﻿St. John the Baptist,﻿German,,,,﻿Middlesex County,,﻿New-Brunswick,﻿New Brunswick,﻿NJ,,40.4862157,-74.4518188,,,,,﻿gre_misdriol_001,,﻿Gregory Misdriol,,,,,,,1870.0,Newark
﻿new.nj.0069,﻿church,﻿St. Ann's,English,,,,﻿Hunterdon County,,﻿New Hampton Junction,﻿Hampton,﻿NJ,,40.707044599999996,-74.9560032,,,,,﻿f_oneil_001,,﻿F. O'Neil,,,,,,,1870.0,Newark
﻿new.nj.0070,﻿church,﻿St. Joseph's,English,,,,﻿Sussex County,,﻿Newton,﻿Newton,﻿NJ,,41.0581527,-74.7526651,,,,,﻿edw_j_mccosker_001,,﻿Edward J. McCosker,,,,,,,1870.0,Newark
﻿new.nj.0071,﻿church,﻿St. John's,English,,,,﻿Essex County,,﻿Orange,﻿Orange,﻿NJ,,40.7706187,-74.2326478,,,,,﻿e_m_hickey_001,,﻿E. M. Hickey,,,,,,,1870.0,Newark
﻿new.nj.0071,﻿church,﻿St. John's,English,,,,﻿Essex County,,﻿Orange,﻿Orange,﻿NJ,,40.7706187,-74.2326478,,,,,﻿j_vassallo_001,,﻿J. Vassallo,,,,,,,1870.0,Newark
﻿new.nj.0072,﻿church,﻿Our Lady of the Valley,English,,,,﻿Essex County,,﻿Orange Valley,﻿Orange,﻿NJ,,40.7646517,-74.2491755,﻿new.nj.0071,﻿Attended from Orange,,,,,,,,,,,,1870.0,Newark
﻿new.nj.0073,﻿church,not recorded,English,,,,﻿Warren County,,﻿Oxford Furnace,﻿Oxford,﻿NJ,,40.8132568,-74.999813,﻿new.nj.0069,﻿Attended from New-Hampton,,,,,,,,,,,,1870.0,Newark
﻿new.nj.0074,﻿church,not recorded,English,,,,﻿Passaic County,,﻿Passaic,﻿Passaic,﻿NJ,,40.8567662,-74.12847640000001,﻿new.nj.0076,"﻿Attended from St. Boniface, Paterson",,,,,,,,,,,,1870.0,Newark
﻿new.nj.0075,﻿church,﻿St. John Baptist,English,,,,﻿Passaic County,,﻿Paterson,﻿Paterson,﻿NJ,,40.9127737,-74.1724282,,,,,﻿wil_mcnulty_001,,﻿William McNulty,,,,,,,1870.0,Newark
﻿new.nj.0075,﻿church,﻿St. John Baptist,English,,,,﻿Passaic County,,﻿Paterson,﻿Paterson,﻿NJ,,40.9127737,-74.1724282,,,,,﻿leo_g_thebaud_001,,﻿Leo G. Thebaud,,,,,,,1870.0,Newark
﻿new.nj.0075,﻿church,﻿St. John Baptist,English,,,,﻿Passaic County,,﻿Paterson,﻿Paterson,﻿NJ,,40.9127737,-74.1724282,,,,,﻿p_f_cantwell_001,,﻿P. F. Cantwell,,,,,,,1870.0,Newark
﻿new.nj.0076,﻿church,﻿St. Boniface's,﻿German,,,,﻿Passaic County,,﻿Paterson,﻿Paterson,﻿NJ,,40.916765399999996,-74.171811,,,,,﻿j_j_schandel_001,,﻿J. J. Schandel,,,,,,,1870.0,Newark
﻿new.nj.0076,﻿church,﻿St. Boniface's,﻿German,,,,﻿Passaic County,,﻿Paterson,﻿Paterson,﻿NJ,,40.916765399999996,-74.171811,,,,,﻿n_n_paterson_001,,﻿N. N. H. Paterson,,,,,,,1870.0,Newark
﻿new.nj.0077,﻿chapel,﻿St. Joseph's Chapel,English,,﻿Broadway,,﻿Passaic County,,﻿Paterson,﻿Paterson,﻿NJ,,40.946846799999996,-74.18864429999999,﻿new.nj.0003,﻿Attended from St. John's,,"﻿multiple St. John's possible, went with the one from Newark; there's a St. John Baptist in this area (Paterson)",,,,,,,,,,1870.0,Newark
﻿new.nj.0078,﻿chapel,﻿St. Joseph's Chapel,English,,﻿Totawa,,﻿Passaic County,,﻿Paterson,﻿Paterson,﻿NJ,,40.946846799999996,-74.18864429999999,﻿new.nj.0003,﻿Attended from St. John's,,"﻿multiple St. John's possible, went with the one from Newark; there's a St. John Baptist in this area (Paterson)",,,,,,,,,,1870.0,Newark
﻿new.nj.0079,﻿church,﻿St. Mary's,English,,,,﻿Middlesex County,,﻿Perth Amboy,﻿Perth Amboy,﻿NJ,,40.5067723,-74.2654234,﻿new.nj.0087,﻿Attended from Rahway,,,,,,,,,,,,1870.0,Newark
﻿new.nj.0080,﻿church,﻿St. Philip's and St. James',English,,,,﻿Warren County,,﻿Phillipsburgh,﻿Phillipsburg,﻿NJ,,40.6937099,-75.19017609999999,,,,,﻿cor_oreilly_001,,﻿Cornelius O'Reilly,,,,,,,1870.0,Newark
﻿new.nj.0081,﻿church,﻿St. Mary's,English,,,,﻿Union County,,﻿Plainfield,﻿Plainfield,﻿NJ,,40.627708,-74.40942199999999,,,,,﻿j_j_connelly_001,,﻿J. J. Connelly,,,,,,,1870.0,Newark
﻿new.nj.0082,﻿church,not recorded,English,,,,﻿Passaic County,,﻿Pompton,﻿Pompton Lakes,﻿NJ,,41.0053753,-74.2907041,﻿new.nj.0075,"﻿Attended from St. John's, Paterson",,,,,,,,,,,,1870.0,Newark
﻿new.nj.0083,﻿church,﻿St. Elizabeth's,English,,,,﻿Cumberland County,,﻿Port Elizabeth,﻿Port Elizabeth,﻿NJ,,39.3112709,-74.9823243,﻿new.nj.0064,﻿Attended from Millville,,,,,,,,,,,,1870.0,Newark
﻿new.nj.0084,﻿church,﻿Assumption B.V.M.,English,,,,﻿Atlantic County,,﻿Pleasant Mills,﻿Hammonton,﻿NJ,,39.63650560000001,-74.8023853,﻿new.nj.0022,﻿Attended from Camden,,"﻿two possible churches from Camden, went with the first",,,,,,,,,,1870.0,Newark
﻿new.nj.0084,﻿church,﻿Assumption B.V.M.,English,,,,﻿Atlantic County,,﻿Pleasant Mills,﻿Hammonton,﻿NJ,,39.63650560000001,-74.8023853,﻿phi.pa.0015,"﻿Attended by a German priest from St. Peter's Church, Philadelphia",,,,,,,,,,,,1870.0,Newark
﻿new.nj.0085,﻿church,﻿St. Paul's,English,,,,﻿Mercer County,,﻿Princeton,﻿Princeton,﻿NJ,,40.3572976,-74.66722259999999,,,,,﻿tho_r_moran_001,,﻿Thomas R. Moran,,,,,,,1870.0,Newark
﻿new.nj.0086,﻿church,﻿St. Peter's,English,,,,﻿Burlington County,,﻿Progress,﻿Riverside,﻿NJ,,40.032333799999996,-74.9573908,﻿phi.pa.0015,"﻿Attended from St. Peter's, Philadelphia",,"﻿no church id found for St. Peters, Philadelphia aa",,,,,,,,,,1870.0,Newark
﻿new.nj.0087,﻿church,﻿St. Mary's,English,,,,﻿Union County,,﻿Rahway,﻿Rahway,﻿NJ,,40.6081591,-74.2776468,,,,,﻿tho_quinn_001,,﻿Thomas Quinn,,,,,,,1870.0,Newark
﻿new.nj.0088,﻿church,﻿St. Bernard's,English,,,,﻿Somerset County,,﻿Raritan,﻿Raritan,﻿NJ,,40.5292099,-74.64004320000001,,,,,﻿m_w_kaidor_001,,﻿M. W. Kaidor,,,,,,,1870.0,Newark
﻿new.nj.0089,﻿church,﻿St. James',English,,,,﻿Monmouth County,,﻿Red Bank,﻿Red Bank,﻿NJ,,40.347054299999996,-74.0643065,,,,,﻿j_j_salaun_001,,﻿J. J. Salaun,,,,,,,1870.0,Newark
﻿new.nj.0090,﻿church,not recorded,English,,,,﻿Passaic County,,﻿Ringwood,﻿Ringwood,﻿NJ,,41.1134289,-74.2454254,﻿new.nj.0075,﻿Attended from Paterson,,"﻿multiple possible churches from Paterson, went with the first",,,,,,,,,,1870.0,Newark
﻿new.nj.0091,﻿church,not recorded,English,,,,﻿Morris County,,﻿Rockaway,﻿Rockaway,﻿NJ,,40.9012101,-74.5143232,﻿new.nj.0027,﻿Attended from Dover,,,,,,,,,,,,1870.0,Newark
﻿new.nj.0092,﻿church,﻿St. Mary's,English,,,,﻿Salem County,,﻿Salem,﻿Salem,﻿NJ,,39.5704926,-75.4715644,,,,,﻿cor_cannon_001,,﻿Cornelius Cannon,,,,,,,1870.0,Newark
﻿new.nj.0093,﻿church,﻿St. Mary's,﻿German,,,,﻿Union County,,﻿Scotch Plains,﻿Scotch Plains,﻿NJ,,40.6400404,-74.36901800000001,﻿new.nj.0004,"﻿Attended from St. Mary's, Newark",,,,,,,,,,,,1870.0,Newark
﻿new.nj.0094,﻿church,﻿St. James',English,,,,﻿Monmouth County,,﻿Snow Hill,﻿Lawnside,﻿NJ,,40.2589455,-74.12399599999999,﻿new.nj.0022,﻿Attended from Camden,,"﻿two possible churches from Camden, went with the first",,,,,,,,,,1870.0,Newark
﻿new.nj.0095,﻿church,﻿St. Mary's,English,,,,﻿Middlesex County,,﻿South Amboy,﻿South Amboy,﻿NJ,,40.4778838,-74.290702,,,,,﻿joh_a_kelly_001,,﻿John A. Kelly,,,,,,,1870.0,Newark
﻿new.nj.0096,﻿church,﻿St. Patrick's,English,,,,﻿,﻿Hudson County,﻿South Bergen,﻿Jersey City,﻿NJ,,40.714179200000004,-74.072265,﻿new.nj.0047,﻿Attended from Hudson City,,"﻿multiple possible churches from Jersey City, went with the first",,,,,,,,,,1870.0,Newark
﻿new.nj.0097,﻿church,﻿St. Rose of Lima,English,,,,﻿Union County,,﻿Springfield,﻿Springfield,﻿NJ,,40.70169370000001,-74.3222146,﻿new.nj.0112,﻿Attended from Seton Hall College,,,,,,,,,,,,1870.0,Newark
﻿new.nj.0098,﻿church,﻿St. Mary's,English,,,,﻿Union County,,﻿Stony Hill,﻿Watchung,﻿NJ,,40.6595001,-74.2883536,﻿new.nj.0008,﻿Attended by the Benedictine Fathers from Newark,,,,,,,,,,,,1870.0,Newark
﻿new.nj.0099,﻿church,﻿St. Teresa's,English,,,,﻿Union County,,﻿Summit,﻿Summit,﻿NJ,,40.7156895,-74.362222,﻿new.nj.0057,﻿Attended from Madison,,,,,,,,,,,,1870.0,Newark
﻿new.nj.0100,﻿church,not recorded,English,,,,﻿Sussex County,,﻿Stanhope,﻿Stanhope,﻿NJ,,40.9028765,-74.7090517,﻿new.nj.0070,﻿Attended from Newton,,,,,,,,,,,,1870.0,Newark
﻿new.nj.0101,﻿church,﻿St. Joseph's,English,,,,﻿Gloucester County,,﻿Swedesborough,﻿Swedesboro,﻿NJ,,39.7476136,-75.31046540000001,﻿new.nj.0092,﻿Attended from Salem,,,,,,,,,,,,1870.0,Newark
﻿new.nj.0102,﻿church,﻿St. John Baptist,English,,,,﻿Mercer County,,﻿Trenton,﻿Trenton,﻿NJ,,40.2205824,-74.75971700000001,,,,,﻿ant_smith_001,,﻿Anthony Smith,,,,,,,1870.0,Newark
﻿new.nj.0102,﻿church,﻿St. John Baptist,English,,,,﻿Mercer County,,﻿Trenton,﻿Trenton,﻿NJ,,40.2205824,-74.75971700000001,,,,,﻿a_von-schilgin_001,,﻿A. Von Schilgin,,,,,,,1870.0,Newark
﻿new.nj.0103,﻿church,﻿St. Francis of Assisium,English,"﻿The Sisters teach the schools, and are about building a hospital",,,﻿Mercer County,,﻿Trenton,﻿Trenton,﻿NJ,,40.2205824,-74.75971700000001,,,,,﻿f_gerber_001,,﻿F. Gerber,﻿Ph.D.,,,,,,1870.0,Newark
﻿new.nj.0103,﻿church,﻿St. Francis of Assisium,English,"﻿The Sisters teach the schools, and are about building a hospital",,,﻿Mercer County,,﻿Trenton,﻿Trenton,﻿NJ,,40.2205824,-74.75971700000001,,,,,﻿f_peter_001,,﻿F. Peter,﻿O.S.F.,,,,,,1870.0,Newark
﻿new.nj.0103,﻿church,﻿St. Francis of Assisium,English,"﻿The Sisters teach the schools, and are about building a hospital",,,﻿Mercer County,,﻿Trenton,﻿Trenton,﻿NJ,,40.2205824,-74.75971700000001,,,,,﻿f_cesare_001,,﻿F. Cesare,﻿O.S.F.,,,,,,1870.0,Newark
﻿new.nj.0104,﻿church,﻿St. Boniface,English,,,,﻿Mercer County,,﻿Trenton,﻿Trenton,﻿NJ,,40.2205824,-74.75971700000001,,,,,﻿f_gerber_001,,﻿F. Gerber,﻿Ph.D.,,,,,,1870.0,Newark
﻿new.nj.0104,﻿church,﻿St. Boniface,English,,,,﻿Mercer County,,﻿Trenton,﻿Trenton,﻿NJ,,40.2205824,-74.75971700000001,,,,,﻿f_peter_001,,﻿F. Peter,﻿O.S.F.,,,,,,1870.0,Newark
﻿new.nj.0104,﻿church,﻿St. Boniface,English,,,,﻿Mercer County,,﻿Trenton,﻿Trenton,﻿NJ,,40.2205824,-74.75971700000001,,,,,﻿f_cesare_001,,﻿F. Cesare,﻿O.S.F.,,,,,,1870.0,Newark
﻿new.nj.0105,﻿church,﻿Holy Family,English,,,,﻿Hudson County,,﻿Union Hill,﻿Union City,﻿NJ,,40.779545500000005,-74.02375119999999,﻿new.nj.0113,"﻿Attended from the Passionist Monastery, West Hoboken",,,,,,,,,,,,1870.0,Newark
﻿new.nj.0106,﻿church,not recorded,English,,,,﻿Cumberland County,,﻿Vineland,﻿Vineland,﻿NJ,,39.4863773,-75.0259637,﻿new.nj.0064,﻿Attended from Millville,,,,,,,,,,,,1870.0,Newark
﻿new.nj.0107,﻿church,not recorded,English,,,,﻿Sussex County,,﻿Wawayanda,﻿Vernon,﻿NJ,,41.198578600000005,-74.48288659999999,﻿new.nj.0070,﻿Attended from Newton,,,,,,,,,,,,1870.0,Newark
﻿new.nj.0108,﻿church,﻿Our Lady of Mercy,English,,,,﻿Hudson County,,﻿West-Hoboken,﻿Union City,﻿NJ,,40.779545500000005,-74.02375119999999,﻿new.nj.0113,﻿Attended from the Monastery,,,,,,,,,,,,1870.0,Newark
﻿new.nj.0109,﻿church,﻿Our Lady of Mercy,English,,,,﻿Morris County,,﻿Whippany,﻿Whippany,﻿NJ,,40.8203687,-74.4167391,﻿new.nj.0057,﻿Attended from Madison,,,,,,,,,,,,1870.0,Newark
﻿new.nj.0110,﻿church,not recorded,English,,,,﻿Union County,,﻿Woodbridge,﻿Woodbridge,﻿NJ,,40.6595001,-74.2883536,﻿new.nj.0087,﻿Attended from Rahway,,,,,,,,,,,,1870.0,Newark
﻿new.nj.0111,﻿church,﻿St. Patrick's,English,,,,﻿Gloucester County,,﻿Woodbury,﻿Woodbury,﻿NJ,,39.8381691,-75.15267740000002,﻿new.nj.0038,﻿Attended from Gloucester,,,,,,,,,,,,1870.0,Newark
﻿new.nj.0112,﻿college,﻿Seton Hall College,English,﻿The Diocesan Seminary is attached to the College,,,,﻿Essex County,﻿South Orange,﻿South Orange,﻿NJ,,40.743084100000004,-74.246082,,,,,﻿m_a_corrigan_001,,﻿M. A. Corrigan,﻿D.D.,"﻿V.G., President",,,,,1870.0,Newark
﻿new.nj.0112,﻿college,﻿Seton Hall College,English,﻿The Diocesan Seminary is attached to the College,,,,﻿Essex County,﻿South Orange,﻿South Orange,﻿NJ,,40.743084100000004,-74.246082,,,,,﻿pie_mccarthy_001,,﻿Pierce McCarthy,,﻿Vice-President,,,,,1870.0,Newark
﻿new.nj.0112,﻿college,﻿Seton Hall College,English,﻿The Diocesan Seminary is attached to the College,,,,﻿Essex County,﻿South Orange,﻿South Orange,﻿NJ,,40.743084100000004,-74.246082,,,,,﻿l_a_schneider_001,,﻿L. A. Schneider,,,,,,,1870.0,Newark
﻿new.nj.0112,﻿college,﻿Seton Hall College,English,﻿The Diocesan Seminary is attached to the College,,,,﻿Essex County,﻿South Orange,﻿South Orange,﻿NJ,,40.743084100000004,-74.246082,,,,,﻿jam_corrigan_001,,﻿James Corrigan,,,,,,,1870.0,Newark
﻿new.nj.0112,﻿college,﻿Seton Hall College,English,﻿The Diocesan Seminary is attached to the College,,,,﻿Essex County,﻿South Orange,﻿South Orange,﻿NJ,,40.743084100000004,-74.246082,,,,,﻿seb_smith_001,,﻿Sebastian Smith,﻿D.D.,,,,,,1870.0,Newark
﻿new.nj.0112,﻿monastery,﻿Benedictine Priory,English,﻿St. Benedict's Grammar School is attached to the Priory,,,,﻿Essex County,﻿Newark,﻿Newark,﻿NJ,,40.743073100000004,-74.1861025,,,,,﻿rom_hill_001,,﻿Romanus Hill,﻿O.S.B.,﻿Prior,,﻿lay brother,﻿two lay brothers,,1870.0,Newark
﻿new.nj.0112,﻿monastery,﻿Benedictine Priory,English,﻿St. Benedict's Grammar School is attached to the Priory,,,,﻿Essex County,﻿Newark,﻿Newark,﻿NJ,,40.743073100000004,-74.1861025,,,,,﻿val_lobmeyer_001,,﻿Valentine Lobmeyer,﻿O.S.B.,,,﻿lay brother,﻿two lay brothers,,1870.0,Newark
﻿new.nj.0112,﻿monastery,﻿Benedictine Priory,English,﻿St. Benedict's Grammar School is attached to the Priory,,,,﻿Essex County,﻿Newark,﻿Newark,﻿NJ,,40.743073100000004,-74.1861025,,,,,﻿wil_walter_001,,﻿William Walter,﻿O.S.B.,,,﻿lay brother,﻿two lay brothers,,1870.0,Newark
﻿new.nj.0112,﻿monastery,﻿Benedictine Priory,English,﻿St. Benedict's Grammar School is attached to the Priory,,,,﻿Essex County,﻿Newark,﻿Newark,﻿NJ,,40.743073100000004,-74.1861025,,,,,﻿ber_dolweck_001,,﻿Bernardine Dolweck,﻿O.S.B.,,,﻿lay brother,﻿two lay brothers,,1870.0,Newark
﻿new.nj.0113,﻿monastery,﻿St. Michael's Retreat (Passionist Monastery),English,"﻿Applications for missions should be made to the Provincial of the Order during spring and summer, for the ensuing autumn and winter. The fathers attend 4 missionary stations and the Hudson County almshouse",,,,﻿Hudson,﻿West Hoboken,﻿West Hoboken,﻿NJ,,40.7439905,-74.0323626,,,,,﻿alb_magno_001,,﻿Albinus Magno,,﻿Provincial,,﻿student,﻿there are 12 students of theology,,1870.0,Newark
﻿new.nj.0113,﻿monastery,﻿St. Michael's Retreat (Passionist Monastery),English,"﻿Applications for missions should be made to the Provincial of the Order during spring and summer, for the ensuing autumn and winter. The fathers attend 4 missionary stations and the Hudson County almshouse",,,,﻿Hudson,﻿West Hoboken,﻿West Hoboken,﻿NJ,,40.7439905,-74.0323626,,,,,﻿gan_rossi_001,,﻿Gandentius Rossi,,﻿Prov. Consultor,,﻿lay brother,﻿6 lay brothers,,1870.0,Newark
﻿new.nj.0113,﻿monastery,﻿St. Michael's Retreat (Passionist Monastery),English,"﻿Applications for missions should be made to the Provincial of the Order during spring and summer, for the ensuing autumn and winter. The fathers attend 4 missionary stations and the Hudson County almshouse",,,,﻿Hudson,﻿West Hoboken,﻿West Hoboken,﻿NJ,,40.7439905,-74.0323626,,,,,﻿j_p_baudinelli_001,,﻿J. Philip Baudinelli,,﻿Rector,,﻿lay brother,﻿6 lay brothers,,1870.0,Newark
﻿new.nj.0113,﻿monastery,﻿St. Michael's Retreat (Passionist Monastery),English,"﻿Applications for missions should be made to the Provincial of the Order during spring and summer, for the ensuing autumn and winter. The fathers attend 4 missionary stations and the Hudson County almshouse",,,,﻿Hudson,﻿West Hoboken,﻿West Hoboken,﻿NJ,,40.7439905,-74.0323626,,,,,﻿vic_carunchio_001,,﻿Victor Carunchio,,﻿Vice-Rector,,﻿lay brother,﻿6 lay brothers,,1870.0,Newark
﻿new.nj.0113,﻿monastery,﻿St. Michael's Retreat (Passionist Monastery),English,"﻿Applications for missions should be made to the Provincial of the Order during spring and summer, for the ensuing autumn and winter. The fathers attend 4 missionary stations and the Hudson County almshouse",,,,﻿Hudson,﻿West Hoboken,﻿West Hoboken,﻿NJ,,40.7439905,-74.0323626,,,,,﻿sta_parizyk_001,,﻿Stanislaus Parizyk,,,,﻿lay brother,﻿6 lay brothers,,1870.0,Newark
﻿new.nj.0113,﻿monastery,﻿St. Michael's Retreat (Passionist Monastery),English,"﻿Applications for missions should be made to the Provincial of the Order during spring and summer, for the ensuing autumn and winter. The fathers attend 4 missionary stations and the Hudson County almshouse",,,,﻿Hudson,﻿West Hoboken,﻿West Hoboken,﻿NJ,,40.7439905,-74.0323626,,,,,﻿ang_lugero_001,,﻿Angelo Lugero,,﻿Professor of Theology,,﻿lay brother,﻿6 lay brothers,,1870.0,Newark
﻿new.nj.0113,﻿monastery,﻿St. Michael's Retreat (Passionist Monastery),English,"﻿Applications for missions should be made to the Provincial of the Order during spring and summer, for the ensuing autumn and winter. The fathers attend 4 missionary stations and the Hudson County almshouse",,,,﻿Hudson,﻿West Hoboken,﻿West Hoboken,﻿NJ,,40.7439905,-74.0323626,,,,,﻿lib_bonelli_002,,﻿Liberatus Bonelli,,,,﻿lay brother,﻿6 lay brothers,,1870.0,Newark
﻿new.nj.0113,﻿monastery,﻿St. Michael's Retreat (Passionist Monastery),English,"﻿Applications for missions should be made to the Provincial of the Order during spring and summer, for the ensuing autumn and winter. The fathers attend 4 missionary stations and the Hudson County almshouse",,,,﻿Hudson,﻿West Hoboken,﻿West Hoboken,﻿NJ,,40.7439905,-74.0323626,,,,,﻿joh_b_baudinelli_001,,﻿John B. Baudinelli,,,,﻿lay brother,﻿6 lay brothers,,1870.0,Newark
﻿new.nj.0113,﻿monastery,﻿St. Michael's Retreat (Passionist Monastery),English,"﻿Applications for missions should be made to the Provincial of the Order during spring and summer, for the ensuing autumn and winter. The fathers attend 4 missionary stations and the Hudson County almshouse",,,,﻿Hudson,﻿West Hoboken,﻿West Hoboken,﻿NJ,,40.7439905,-74.0323626,,,,,﻿eus_sotis_002,,﻿Eusebius Sotis,,,,﻿lay brother,﻿6 lay brothers,,1870.0,Newark
﻿new.nj.0113,﻿monastery,﻿St. Michael's Retreat (Passionist Monastery),English,"﻿Applications for missions should be made to the Provincial of the Order during spring and summer, for the ensuing autumn and winter. The fathers attend 4 missionary stations and the Hudson County almshouse",,,,﻿Hudson,﻿West Hoboken,﻿West Hoboken,﻿NJ,,40.7439905,-74.0323626,,,,,﻿vin_nayler_001,,﻿Vincent Nayler,,,,﻿lay brother,﻿6 lay brothers,,1870.0,Newark
﻿new.nj.0113,﻿monastery,﻿St. Michael's Retreat (Passionist Monastery),English,"﻿Applications for missions should be made to the Provincial of the Order during spring and summer, for the ensuing autumn and winter. The fathers attend 4 missionary stations and the Hudson County almshouse",,,,﻿Hudson,﻿West Hoboken,﻿West Hoboken,﻿NJ,,40.7439905,-74.0323626,,,,,﻿raf_d_michele_001,,﻿Raffael D. Michele,,,,﻿lay brother,﻿6 lay brothers,,1870.0,Newark
﻿new.nj.0114,﻿house,﻿House of Brothers of the Christian Schools,English,﻿they have charge of the boys' parochial schools,﻿attached to the Cathedral,,,﻿Essex County,﻿Newark,﻿Newark,﻿NJ,,40.735657,-74.1723667,,,,,,,﻿Basil,,﻿Director,,﻿brother,﻿four Brothers,,1870.0,Newark
﻿new.nj.0115,﻿house,﻿House of Brothers of the Christian Schools,English,"﻿they have charge of the boys' parochial school, and also of St. Peter's boys' parochial school",﻿attached to St. Mary's Church,,,﻿Hudson County,﻿Jersey City,﻿Jersey City,﻿NJ,,40.7177545,-74.0431435,,,,,,,﻿Bardomian,,﻿Director,,﻿brother,﻿five brothers,,1870.0,Newark
﻿new.nj.0116,﻿house,﻿Mother-House of the Sisters of Charity,English,,,,,﻿Morris County,﻿Madison,﻿Madison,﻿NJ,,40.7598227,-74.417097,,,,,,,﻿M. Xavier,,﻿Superioress,,﻿member,﻿The Community numbers about 150 members,,1870.0,Newark
﻿new.nj.0116,﻿house,﻿Mother-House of the Sisters of Charity,English,,,,,﻿Morris County,﻿Madison,﻿Madison,﻿NJ,,40.7598227,-74.417097,,,,,﻿seton_001,,﻿Seton,﻿D.D.,"﻿Chaplain, Protonotary Apostolic",,﻿member,﻿The Community numbers about 150 members,,1870.0,Newark
﻿new.nj.0117,﻿academy,﻿St. Elizabeth's Academy,English,,,,,﻿Morris County,﻿Madison,﻿Madison,﻿NJ,,40.7796362,-74.43963620000001,,,,,,,,,,,﻿pupil,﻿100 pupils,,1870.0,Newark
﻿new.nj.0118,﻿school,﻿St. Joseph's Preparatory Boarding-School for Boys,English,,,,,﻿Morris County,﻿Madison,﻿Madison,﻿NJ,,40.7598227,-74.417097,,,,,,,,,,,﻿pupil,﻿70 pupils,,1870.0,Newark
﻿new.nj.0119,﻿asylum,﻿St. Mary's Orphan Asylum,English,﻿for boys and girls,﻿South Orange road,,,﻿Essex County,,﻿Newark,﻿NJ,,40.7489277,-74.26099029999999,,,,,,,﻿M. Juliana,,﻿Sister-Servant,,﻿orphan,﻿200 orphans,﻿under the charge of the Sisters of Charity,1870.0,Newark
﻿new.nj.0120,﻿school,﻿St. Vincent's Industrial School,English,﻿The Sisters also teach the parochial schools of St. Joseph's Church,,,,﻿Essex County,﻿Newark,﻿Newark,﻿NJ,,40.735657,-74.1723667,,,,,,,﻿M. Loyola,,﻿Sister-Servant,,,,,1870.0,Newark
﻿new.nj.0121,﻿academy,﻿St. Mary's Academy,English,"﻿in charge of the Sisters of Charity, who also teach the parochial schools at the Cathedral and St. Pius'",,,,﻿Essex County,﻿Newark,﻿Newark,﻿NJ,,40.735657,-74.1723667,,,,,,,,,,,,,﻿Sisters of Charity,1870.0,Newark
﻿new.nj.0122,﻿asylum,﻿Orphan Asylum,English,﻿for girls,,,,﻿Passaic County,﻿Paterson,﻿Paterson,﻿NJ,,40.916765399999996,-74.171811,,,,,,,﻿M. Baptista,,﻿Sister-Servant,,,,﻿under the charge of the Sisters of Charity,1870.0,Newark
﻿new.nj.0123,﻿hospital,﻿St. Joseph's Hospital,English,,,,,﻿Passaic County,﻿Paterson,﻿Paterson,﻿NJ,,40.9027672,-74.1656275,,,,,,,﻿Ann Cecilia,,﻿Sister-Servant,,﻿patient,"﻿Number of patients admitted during the past year, 94",,1870.0,Newark
﻿new.nj.0124,﻿institute,﻿St. Agnes' Academic Institute,English,,,,,﻿Passaic County,﻿Paterson,﻿Paterson,﻿NJ,,40.9030734,-74.16718320000001,,,,,,,﻿Mary Catharine,,﻿Sister-Servant,,,,,1870.0,Newark
﻿new.nj.0125,﻿house,﻿House of the Sisters of Charity,English,﻿they direct a select school and the girls' parochial school,﻿attached to St. Peter's Church,,,﻿Hudson County,﻿Jersey City,﻿Jersey City,﻿NJ,,40.7159595,-74.0439655,,,,,,,﻿M. Genevieve,,﻿Sister-Servant,,,,,1870.0,Newark
﻿new.nj.0126,﻿house,﻿House of the Sisters of Charity,English,"﻿The Sisters have charge of the schools of the parish, and of the Orphan Asylum",﻿attached to St. Mary's Church,,,﻿Hudson County,﻿Jersey City,﻿Jersey City,﻿NJ,,40.722586299999996,-74.0438757,,,,,,,﻿Basilia,,﻿Sister-Servant,,,,,1870.0,Newark
﻿new.nj.0127,﻿house,﻿House of the Sisters of Charity,English,﻿The Sisters direct the school,﻿attached to St. Michael's Church,,,﻿Hudson County,﻿Jersey City,﻿Jersey City,﻿NJ,,40.7117059,-74.0773541,,,,,,,﻿M. Gertrude,,﻿Sister-Servant,,,,,1870.0,Newark
﻿new.nj.0128,﻿house,﻿House of the Sisters of Charity,English,﻿The Sisters have charge of the schools of the parish and Orphan Asylum,﻿attached to St. John's Church,,,﻿Mercer County,﻿Trenton,﻿Trenton,﻿NJ,,40.2205824,-74.75971700000001,,,,,,,﻿M. Monica,,﻿Sister-Servant,,,,,1870.0,Newark
﻿new.nj.0129,﻿house,﻿House of the Sisters of Charity,English,﻿The Sisters direct the school,﻿attached to the Church of Our Lady,,,﻿Hudson County,﻿Hoboken,﻿Hoboken,﻿NJ,,40.7439905,-74.0323626,,,,,,,﻿M. Liguori,,﻿Sister-Servant,,,,,1870.0,Newark
﻿new.nj.0130,﻿house,﻿House of the Sisters of Charity,English,﻿The Sisters have charge of the Schools of the Parish,﻿attached to St. Joseph's Church,,,﻿Hudson County,﻿Hudson City,﻿Jersey City,﻿NJ,,40.0583238,-74.40566120000001,,,,,,,﻿Mary Ann,,﻿Sister-Servant,,,,,1870.0,Newark
﻿new.nj.0131,﻿house,﻿House of the Sisters of Charity,English,"﻿The Sisters have charge of the schools of the parish, and of the Orphan Asylum",﻿attached to St. John's Church,,,﻿Essex County,﻿Orange,﻿Orange,﻿NJ,,40.776798600000006,-74.2326756,,,,,,,﻿M. Ursula,,﻿Sister-Servant,,,,,1870.0,Newark
﻿new.nj.0132,﻿house,﻿House of the Sisters of Charity,English,,﻿attached to St. Patrick's Church,,,﻿Union County,﻿Elizabethport,﻿Elizabethport,﻿NJ,,40.6639916,-74.2107006,,,,,,,﻿M. Louis,,﻿Sister-Servant,,,,,1870.0,Newark
﻿new.nj.0133,﻿house,﻿House of the Sisters of Charity,English,﻿The Sisters have charge of the Infirmary and the domestic arrangements of the College,﻿attached to Seton Hall College,,,﻿Essex County,﻿South Orange,﻿South Orange,﻿NJ,,40.743084100000004,-74.246082,,,,,,,﻿M. Thais,,﻿Sister-Servant,,,,,1870.0,Newark
﻿new.nj.0134,﻿school,﻿St. Vincent's School,English,,,,,﻿Morris County,﻿Madison,﻿Madison,﻿NJ,,40.7580902,-74.4182309,,,,,,,,,,,,,﻿under the direction of the Sisters of Charity,1870.0,Newark
﻿new.nj.0135,﻿convent,﻿St. Scholastica's Convent,English,"﻿Benedictine nuns. 15 religious, who direct a select school, and St. Mary's Parish school",,,,﻿Essex County,﻿Newark,﻿Newark,﻿NJ,,40.7202472,-74.16621479999999,,,,,,,﻿Philomena,,﻿Prioress,,﻿religious,﻿15 religious,,1870.0,Newark
﻿new.nj.0136,﻿convent,﻿St. Walburga's Convent,English,"﻿The Sisters teach the parish school, and have established a select academy and boarding-school",﻿attached to St. Michael's Church,,,﻿Union County,﻿Elizabeth,﻿Elizabeth,﻿NJ,,40.661206400000005,-74.2032193,,,,,,,﻿Walburga Hock,,﻿Superior,,﻿professed sister,"﻿Professed Sisters, 5",,1870.0,Newark
﻿new.nj.0136,﻿convent,﻿St. Walburga's Convent,English,"﻿The Sisters teach the parish school, and have established a select academy and boarding-school",﻿attached to St. Michael's Church,,,﻿Union County,﻿Elizabeth,﻿Elizabeth,﻿NJ,,40.661206400000005,-74.2032193,,,,,,,,,,,﻿novice,"﻿novices, 3",,1870.0,Newark
﻿new.nj.0136,﻿convent,﻿St. Walburga's Convent,English,"﻿The Sisters teach the parish school, and have established a select academy and boarding-school",﻿attached to St. Michael's Church,,,﻿Union County,﻿Elizabeth,﻿Elizabeth,﻿NJ,,40.661206400000005,-74.2032193,,,,,,,,,,,﻿candidate,"﻿candidates, 4",,1870.0,Newark
﻿new.nj.0136,﻿convent,﻿St. Walburga's Convent,English,"﻿The Sisters teach the parish school, and have established a select academy and boarding-school",﻿attached to St. Michael's Church,,,﻿Union County,﻿Elizabeth,﻿Elizabeth,﻿NJ,,40.661206400000005,-74.2032193,,,,,,,,,,,﻿lay sister,"﻿lay Sisters, 3",,1870.0,Newark
﻿new.nj.0137,﻿convent,﻿Convent of Sisters of Notre Dame,English,﻿The Sisters teach in the parochial school of St. Peter's Church,,,,﻿Essex County,﻿Newark,﻿Newark,﻿NJ,,40.735657,-74.1723667,,,,,,,﻿Severine,,﻿Superior,,,,,1870.0,Newark
﻿new.nj.0138,﻿hospital,﻿St. Mary's Hospital,English,﻿50 beds,,,,﻿Hudson County,﻿Hoboken,﻿Hoboken,﻿NJ,,40.740946,-74.033332,,,,,,,﻿Afra,,﻿Superior,,﻿religious,﻿14 religious,﻿under charge of the Sisters of the Poor of St. Francis.,1870.0,Newark
﻿new.nj.0139,﻿hospital,﻿Hospital of the Immaculate Heart of Mary,English,﻿17 beds,﻿St. Mary's Parish,,,﻿Hudson County,﻿Jersey City,﻿Jersey City,﻿NJ,,40.7177545,-74.0431435,,,,,,,﻿Columba,,﻿Superior,,﻿religious,﻿8 religious,﻿Sisters of the Poor of St. Francis.,1870.0,Newark
﻿new.nj.0140,﻿hospital,﻿Hospital of Our Lady and St. Michael the Archangel,English,﻿50 beds,,,,﻿Essex County,﻿Newark,﻿Newark,﻿NJ,,40.735657,-74.1723667,,,,,,,﻿Monica,,﻿Superior,,﻿religious,﻿9 religious,﻿Sisters of the Poor of St. Francis.,1870.0,Newark
﻿new.nj.0141,﻿institute,﻿Catholic Institute,English,"﻿Built for the use of the Young Man's Catholic Association. It comprises a library, a lecture-hall, a reading-room, a book-store, a ball-court, a gymnasium, a billiard-room, and a music-room",﻿New Street,,,﻿Essex County,﻿Newark,﻿Newark,﻿NJ,,40.7434083,-74.1805685,,,,,﻿geo_h_doane_001,,﻿G. H. Doane,,﻿President,,,,﻿Young Man's Catholic Association,1870.0,Newark
