instID,church_type,instName,language,instNote,placeName,region,county_orig,county_reg,city_orig,city_reg,state_orig,state_reg,latitude,longitude,attendingInstID,attendingChurch,attendingChurchFrequency,attendingChurchNote,persID,persTitle,persName,persSuffix,persRole,persNote,memberType,member,affiliated,year,diocese
﻿roc.ny.0001,﻿cathedral,﻿St. Patrick's,English,,,,﻿Monroe County,﻿Monroe County,﻿Rochester,﻿Rochester,﻿NY,,43.16128324,-77.62136044,,,,,﻿ber_j_mcquaid_001,﻿Rt. Rev.,﻿Bernard J. McQuaid,﻿D.D.,,,,,,1870.0,Rochester
﻿roc.ny.0001,﻿cathedral,﻿St. Patrick's,English,,,,﻿Monroe County,﻿Monroe County,﻿Rochester,﻿Rochester,﻿NY,,43.16128324,-77.62136044,,,,,﻿jam_m_early_001,﻿Very Rev.,﻿James M. Early,﻿V.G.,,,,,,1870.0,Rochester
﻿roc.ny.0001,﻿cathedral,﻿St. Patrick's,English,,,,﻿Monroe County,﻿Monroe County,﻿Rochester,﻿Rochester,﻿NY,,43.16128324,-77.62136044,,,,,﻿jam_f_ohare_001,﻿Rev.,﻿James F. O'Hare,,,,,,,1870.0,Rochester
﻿roc.ny.0001,﻿cathedral,﻿St. Patrick's,English,,,,﻿Monroe County,﻿Monroe County,﻿Rochester,﻿Rochester,﻿NY,,43.16128324,-77.62136044,,,,,﻿jos_mckenna_001,﻿Rev.,﻿Joseph McKenna,,,,,,,1870.0,Rochester
﻿roc.ny.0001,﻿cathedral,﻿St. Patrick's,English,,,,﻿Monroe County,﻿Monroe County,﻿Rochester,﻿Rochester,﻿NY,,43.16128324,-77.62136044,,,,,﻿h_de-regge_001,﻿Rev.,﻿H. De Regge,,﻿Chancellor,,,,,1870.0,Rochester
﻿roc.ny.0002,﻿church,﻿St. Joseph's,﻿German,,,,﻿Monroe County,﻿Monroe County,﻿Rochester,﻿Rochester,﻿NY,,43.1594407,-77.6064884,,,,,﻿geo_roland_001,﻿Rev.,﻿Geo Roland,﻿C.SS.R.,,,,,,1870.0,Rochester
﻿roc.ny.0003,﻿church,﻿St. Mary's,English,,,,﻿Monroe County,﻿Monroe County,﻿Rochester,﻿Rochester,﻿NY,,43.1484359,-77.637175,,,,,﻿pet_barker_001,﻿Rev.,﻿Peter Barker,﻿D.D.,,,,,,1870.0,Rochester
﻿roc.ny.0004,﻿church,﻿Immaculate Conception,English,,,,﻿Monroe County,﻿Monroe County,﻿Rochester,﻿Rochester,﻿NY,,43.1621325,-77.6230577,,,,,﻿pat_byrnes_002,﻿Rev.,﻿Patrick Byrnes,,,,,,,1870.0,Rochester
﻿roc.ny.0005,﻿church,﻿St. Bridget's,English,,,,﻿Monroe County,﻿Monroe County,﻿Rochester,﻿Rochester,﻿NY,,43.166207899999996,-77.6123066,,,,,﻿nic_byrne_001,﻿Rev.,﻿Nicholas Byrne,,,,,,,1870.0,Rochester
﻿roc.ny.0006,﻿church,﻿St. Peter's,﻿German,,,,﻿Monroe County,﻿Monroe County,﻿Rochester,﻿Rochester,﻿NY,,43.1521729,-77.6329615,,,,,﻿f_sinclair_001,﻿Rev.,﻿F. Sinclair,﻿D.D.,,,,,,1870.0,Rochester
﻿roc.ny.0007,﻿church,﻿St. Boniface's,﻿German,,,,﻿Monroe County,﻿Monroe County,﻿Rochester,﻿Rochester,﻿NY,,43.1427357,-77.60313740000001,,,,,﻿j_f_payer_001,﻿Rev.,﻿J. F. Payer,,,,,,,1870.0,Rochester
﻿roc.ny.0008,﻿church,﻿Our Lady of Victory,﻿French,,,,﻿Monroe County,﻿Monroe County,﻿Rochester,﻿Rochester,﻿NY,,43.159031299999995,-77.6089505,,,,,﻿jos_dolé_001,﻿Rev.,﻿Joseph Dolé,,,,,,,1870.0,Rochester
﻿roc.ny.0009,﻿church,﻿Holy Family,﻿German,,,,﻿Monroe County,﻿Monroe County,﻿Rochester,﻿Rochester,﻿NY,,43.156577899999995,-77.6088465,,,,,﻿leo_hoffschneider_001,﻿Rev.,﻿Leopold Hoffschneider,,,,,,,1870.0,Rochester
﻿roc.ny.0010,﻿church,﻿Most Holy Redeemer,﻿German,,,,﻿Monroe County,﻿Monroe County,﻿Rochester,﻿Rochester,﻿NY,,43.1951865,-77.6395931,,,,,﻿fid_oberholzer_001,﻿Rev.,﻿Fidelis Oberholzer,,,,,,,1870.0,Rochester
﻿roc.ny.0011,﻿church,﻿Nativity of the Blessed Virgin Mary,English,,,,﻿Monroe County,﻿Monroe County,﻿Brockport,﻿Brockport,﻿NY,,43.2136713,-77.9391797,,,,,﻿ric_j_storey_001,﻿Rev.,﻿Richard J. Storey,,,,,,,1870.0,Rochester
﻿roc.ny.0012,﻿church,﻿St. John Evangelist,English,,,,﻿Monroe County,﻿Monroe County,﻿Spencerport,﻿Spencerport,﻿NY,,43.1864501,-77.80389720000001,,,,,﻿ric_j_storey_001,﻿Rev.,﻿Richard J. Storey,,,,,,,1870.0,Rochester
﻿roc.ny.0013,﻿church,﻿Assumption of the Blessed Virgin Mary,English,,,,﻿Monroe County,﻿Monroe County,﻿Fairport,﻿Fairport,﻿NY,,43.098674200000005,-77.4419378,,,,,﻿l_j_miller_001,﻿Rev.,﻿L. J. Miller,,,,,,,1870.0,Rochester
﻿roc.ny.0014,﻿church,﻿Mother of Sorrows,English,,,,﻿Monroe County,﻿Monroe County,﻿Greece,﻿Greece,﻿NY,,43.2526336,-77.65886931,,,,,﻿joh_m_maurice_001,﻿Rev.,﻿John M. Maurice,,,,,,,1870.0,Rochester
﻿roc.ny.0015,﻿church,﻿Holy Cross,English,,,,﻿Monroe County,﻿Monroe County,﻿Charlotte,﻿Rochester,﻿NY,,43.2349747,-77.62210909999999,,,,,﻿joh_m_maurice_001,﻿Rev.,﻿John M. Maurice,,,,,,,1870.0,Rochester
﻿roc.ny.0016,﻿church,﻿St. John Evangelist's,English,,,,﻿Monroe County,﻿Monroe County,﻿Ridge,﻿Riga,﻿NY,,43.2994285,-74.21793259999998,,,,,﻿joh_m_maurice_001,﻿Rev.,﻿John M. Maurice,,,,,,,1870.0,Rochester
﻿roc.ny.0017,﻿church,﻿Assumption,English,,,,﻿Monroe County,﻿Monroe County,﻿Scottsville,﻿Scottsville,﻿NY,,43.02589570000001,-77.74528259999998,,,,,﻿tho_a_maher_001,﻿Rev.,﻿Thomas A. Maher,,,,,,,1870.0,Rochester
﻿roc.ny.0018,﻿church,﻿St. Patrick's,English,,,,﻿Monroe County,﻿Monroe County,﻿Mumfordville,﻿Mumford,﻿NY,,37.2722751,-85.8910819,,,,,﻿tho_a_maher_001,﻿Rev.,﻿Thomas A. Maher,,,,,,,1870.0,Rochester
﻿roc.ny.0019,﻿church,﻿St. Fechan,English,,,,﻿Monroe County,﻿Monroe County,﻿Chili,﻿Chili,﻿NY,,43.1138701,-77.755043,,,,,﻿mic_purcell_001,﻿Rev.,﻿Michael Purcell,,,,,,,1870.0,Rochester
﻿roc.ny.0020,﻿church,﻿St. Paul's,English,,,,﻿Monroe County,﻿Monroe County,﻿Honeoye Falls,﻿Honeoye Falls,﻿NY,,42.952285499999995,-77.59027590000001,﻿roc.ny.0024,﻿Attended from Lima,,,,,,,,,,,,1870.0,Rochester
﻿roc.ny.0021,﻿church,﻿Holy Trinity,﻿German,,,,﻿Monroe County,﻿Monroe County,﻿Webster,﻿Webster,﻿NY,,43.2122851,-77.4299939,,,,,,,,,,,,,,1870.0,Rochester
﻿roc.ny.0022,﻿church,﻿St. Agnes',English,,,,﻿Livingston County,﻿Livingston County,﻿Avon,﻿Avon,﻿NY,,42.9135097,-77.745194,,,,,﻿joh_l_okeefe_001,﻿Rev.,﻿John L. O'Keefe,,,,,,,1870.0,Rochester
﻿roc.ny.0023,﻿church,﻿St. Joseph's,English,,,,﻿Livingston County,﻿Monroe County,﻿Rush,﻿Rush,﻿NY,,42.1424234,-73.7779162,,,,,﻿joh_l_okeefe_001,﻿Rev.,﻿John L. O'Keefe,,,,,,,1870.0,Rochester
﻿roc.ny.0024,﻿church,﻿St. Rose's,English,,,,﻿Livingston County,﻿Livingston County,﻿Lima,﻿Lima,﻿NY,,42.904785700000005,-77.6113869,,,,,﻿wil_a_gregg_001,﻿Rev.,﻿William A. Gregg,,,,,,,1870.0,Rochester
﻿roc.ny.0025,﻿church,﻿St. Michael's,English,,,,﻿Livingston County,﻿Livingston County,﻿Livonia,﻿Livonia,﻿NY,,42.82173387,-77.63892126,,,,,﻿wil_a_gregg_001,﻿Rev.,﻿William A. Gregg,,,,,,,1870.0,Rochester
﻿roc.ny.0026,﻿church,﻿St. Mary's,﻿German,,,,﻿Livingston County,﻿Livingston County,﻿Dansville,﻿Dansville,﻿NY,,42.5603213,-77.6929416,,,,,﻿jos_albinger_001,﻿Rev.,﻿Jos. Albinger,,,,,,,1870.0,Rochester
﻿roc.ny.0027,﻿church,﻿St. Patrick's,English,,,,﻿Livingston County,﻿Livingston County,﻿Dansville,﻿Dansville,﻿NY,,42.5608999,-77.696106,,,,,﻿jos_albinger_001,﻿Rev.,﻿Jos. Albinger,,,,,,,1870.0,Rochester
﻿roc.ny.0028,﻿church,﻿St. Patrick's,English,,,,﻿Livingston County,﻿Livingston County,﻿Mount Morris,﻿Mount Morris,﻿NY,,42.7256184,-77.8741694,,,,,﻿dav_obrien_001,﻿Rev.,﻿David O'Brien,,,,,,,1870.0,Rochester
﻿roc.ny.0029,﻿church,﻿St. Mary's,English,,,,﻿Livingston County,﻿Livingston County,﻿Geneseo,﻿Geneseo,﻿NY,,42.795896,-77.816947,,,,,﻿dav_obrien_001,﻿Rev.,﻿David O'Brien,,,,,,,1870.0,Rochester
﻿roc.ny.0030,﻿church,﻿Holy Angels',English,,,,﻿Livingston County,﻿Livingston County,﻿Nunda,﻿Nunda,﻿NY,,42.5845935,-77.9396891,,,,,,,,,,,,,,1870.0,Rochester
﻿roc.ny.0031,﻿church,﻿St. Mary's,English,,,,﻿Ontario County,﻿Ontario County,﻿Canandaigua,﻿Canandaigua,﻿NY,,42.890999900000004,-77.28295920000001,,,,,﻿den_english_001,﻿Rev.,﻿Denis English,,,,,,,1870.0,Rochester
﻿roc.ny.0032,﻿church,﻿St. Francis de Sales',English,,,,﻿Ontario County,﻿Ontario County,﻿Geneva,﻿Geneva,﻿NY,,42.873696100000004,-76.97931379999999,,,,,﻿jam_mcmanus_002,﻿Rev.,﻿James McManus,,,,,,,1870.0,Rochester
﻿roc.ny.0033,﻿church,﻿St. Agnes',English,,,,﻿Ontario County,﻿Ontario County,﻿Clifton,﻿Clifton Springs,﻿NY,,43.2994285,-74.21793259999998,,,,,﻿p_lee_001,﻿Rev.,﻿P. Lee,,,,,,,1870.0,Rochester
﻿roc.ny.0034,﻿church,﻿St. Francis',English,,,,﻿Ontario County,﻿Ontario County,﻿Phelps,﻿Phelps,﻿NY,,42.8509838,-77.28648790000001,,,,,﻿p_lee_001,﻿Rev.,﻿P. Lee,,,,,,,1870.0,Rochester
﻿roc.ny.0035,﻿church,﻿St. Mary's,English,,,,﻿Ontario County,﻿Ontario County,﻿Rushville,﻿Rushville,﻿NY,,43.2209426,-77.2833793,,,,,﻿p_lee_001,﻿Rev.,﻿P. Lee,,,,,,,1870.0,Rochester
﻿roc.ny.0036,﻿church,﻿St. Bridget's,English,,,,﻿Ontario County,﻿Ontario County,﻿East Bloomfield,﻿Bloomfield,﻿NY,,42.888141299999994,-77.4472495,,,,,﻿wm_hughes_001,﻿Rev.,﻿Wm. Hughes,,,,,,,1870.0,Rochester
﻿roc.ny.0037,﻿church,﻿St. Patrick's,English,,,,﻿Ontario County,﻿Ontario County,﻿Victor,﻿Victor,﻿NY,,42.9791683,-77.40864479999999,,,,,﻿wm_hughes_001,﻿Rev.,﻿Wm. Hughes,,,,,,,1870.0,Rochester
﻿roc.ny.0038,﻿church,﻿St. Mary's,English,,,,﻿Ontario County,﻿Ontario County,﻿Honeoye Flats,﻿Honeoye,﻿NY,,42.789051799999996,-77.5315439,,,,,﻿wm_hughes_001,﻿Rev.,﻿Wm. Hughes,,,,,,,1870.0,Rochester
﻿roc.ny.0039,﻿church,﻿St. Joseph's,English,,,,﻿Ontario County,﻿Ontario County,﻿West Bloomfield,﻿West Bloomfield,﻿NY,,43.2994285,-74.21793259999998,,,,,﻿wm_hughes_001,﻿Rev.,﻿Wm. Hughes,,,,,,,1870.0,Rochester
﻿roc.ny.0040,﻿church,﻿St. Ann's,English,,,,﻿Wayne County,﻿Wayne County,﻿Palmyra,﻿Palmyra,﻿NY,,43.0639521,-77.23331540000001,,,,,﻿wm_casey_001,﻿Rev.,﻿Wm. Casey,,,,,,,1870.0,Rochester
﻿roc.ny.0041,﻿church,﻿St. Patrick's,English,,,,﻿Wayne County,﻿Wayne County,﻿Macedon,﻿Macedon,﻿NY,,43.0692299,-77.29887459999999,,,,,﻿wm_casey_001,﻿Rev.,﻿Wm. Casey,,,,,,,1870.0,Rochester
﻿roc.ny.0042,﻿church,﻿St. John's,English,,,,﻿Wayne County,﻿Wayne County,﻿Clyde,﻿Clyde,﻿NY,,43.0870943,-76.8704498,,,,,﻿joh_stewart_001,﻿Rev.,﻿John Stewart,,,,,,,1870.0,Rochester
﻿roc.ny.0043,﻿church,﻿St. Michael's,English,,,,﻿Wayne County,﻿Wayne County,﻿Lyons,﻿Lyons,﻿NY,,43.0642305,-76.9902456,,,,,﻿joh_stewart_001,﻿Rev.,﻿John Stewart,,,,,,,1870.0,Rochester
﻿roc.ny.0044,﻿church,﻿St. Michael's,English,,,,﻿Wayne County,﻿Wayne County,﻿Newark,﻿Newark,﻿NY,,43.04326,-77.0959674,﻿roc.ny.0033,﻿Attended from Clifton Springs,,,,,,,,,,,,1870.0,Rochester
﻿roc.ny.0045,﻿church,﻿St. Patricks's,English,,,,﻿Seneca County,﻿Seneca County,﻿Seneca Falls,﻿Seneca Falls,﻿NY,,42.9043282,-76.8329964,,,,,﻿t_keenan_001,﻿Rev.,﻿T. Keenan,,,,,,,1870.0,Rochester
﻿roc.ny.0046,﻿church,﻿St. Mary's,English,,,,﻿Seneca County,﻿Seneca County,﻿Waterloo,﻿Waterloo,﻿NY,,42.904788399999994,-76.86273670000001,,,,,﻿lou_a_lambert_001,﻿Rev.,﻿Louis A. Lambert,,,,,,,1870.0,Rochester
﻿roc.ny.0047,﻿church,﻿Holy Cross,English,,,,﻿Seneca County,﻿Seneca County,﻿Ovid,﻿Ovid,﻿NY,,42.6738286,-76.8230916,,,,,﻿jam_oconnor_002,﻿Rev.,﻿James O'Connor,,,,,,,1870.0,Rochester
﻿roc.ny.0048,﻿church,﻿Holy Family,English,,,,﻿Cayuga County,﻿Cayuga County,﻿Auburn,﻿Auburn,﻿NY,,42.9359167,-76.5668083,,,,,﻿mar_kavanagh_001,﻿Rev.,﻿Martin Kavanagh,,,,,,,1870.0,Rochester
﻿roc.ny.0049,﻿church,﻿Holy Family,English,,,,﻿Cayuga County,﻿Cayuga County,﻿Auburn,﻿Auburn,﻿NY,,42.9359167,-76.5668083,,,,,﻿mar_kavanagh_001,﻿Rev.,﻿Martin Kavanagh,,,,,,,1870.0,Rochester
﻿roc.ny.0050,﻿church,﻿St. Mary's,English,,,,﻿Cayuga County,﻿Cayuga County,﻿Auburn,﻿Auburn,﻿NY,,42.931762,-76.56965749999999,,,,,﻿m_j_laughlin_001,﻿Rev.,﻿M. J. Laughlin,﻿D.D.,,,,,,1870.0,Rochester
﻿roc.ny.0051,﻿church,﻿St. Alphonsus',﻿German,,,,﻿Cayuga County,﻿Cayuga County,﻿Auburn,﻿Auburn,﻿NY,,42.9338909,-76.5555762,,,,,﻿cha_vogl_001,﻿Rev.,﻿Charles Vogl,,,,,,,1870.0,Rochester
﻿roc.ny.0052,﻿church,﻿St. Michael's,English,,,,﻿Cayuga County,﻿Cayuga County,﻿Union Springs,﻿Union Springs,﻿NY,,42.8420443,-76.6916689,,,,,﻿b_mccool_001,﻿Rev.,﻿B. McCool,,,,,,,1870.0,Rochester
﻿roc.ny.0053,﻿church,﻿St. Patrick's,English,,,,﻿Cayuga County,﻿Cayuga County,﻿Aurora,﻿Aurora,﻿NY,,42.9189555,-76.7263397,,,,,﻿b_mccool_001,﻿Rev.,﻿B. McCool,,,,,,,1870.0,Rochester
﻿roc.ny.0054,﻿church,﻿St. Bernard's,English,,,,﻿Cayuga County,﻿Cayuga County,﻿Scipio,﻿Scipio,﻿NY,,42.9189555,-76.7263397,,,,,﻿b_mccool_001,﻿Rev.,﻿B. McCool,,,,,,,1870.0,Rochester
﻿roc.ny.0055,﻿church,﻿St. Mary's of the Lake,English,,,,﻿Cayuga County,﻿Cayuga County,﻿Northville,﻿King Ferry,﻿NY,,42.66515914,-76.62244067,,,,,﻿b_mccool_001,﻿Rev.,﻿B. McCool,,,,,,,1870.0,Rochester
﻿roc.ny.0056,﻿church,﻿St. Joseph's,English,,,,﻿Cayuga County,﻿Cayuga County,﻿Weedsport,﻿Weedsport,﻿NY,,43.044821899999995,-76.56433359999998,,,,,﻿ant_cassese_001,﻿Rev.,﻿Anthony Cassese,,,,,,,1870.0,Rochester
﻿roc.ny.0057,﻿church,﻿St. John's,English,,,,﻿Cayuga County,﻿Cayuga County,﻿Port Byron,﻿Port Byron,﻿NY,,43.034869799999996,-76.6262903,,,,,﻿ant_cassese_001,﻿Rev.,﻿Anthony Cassese,,,,,,,1870.0,Rochester
﻿roc.ny.0058,﻿church,﻿St. Michael's,English,,,,﻿Cayuga County,﻿Cayuga County,﻿Montezuma,﻿Montezuma,﻿NY,,42.9189555,-76.7263397,,,,,﻿ant_cassese_001,﻿Rev.,﻿Anthony Cassese,,,,,,,1870.0,Rochester
﻿roc.ny.0059,﻿church,﻿St. Michael's,English,,,,﻿Yates County,﻿Yates County,﻿Penn Yan,﻿Penn Yan,﻿NY,,42.6611614,-77.05717320000001,,,,,﻿edw_mcgowan_001,﻿Rev.,﻿Edward McGowan,,,,,,,1870.0,Rochester
﻿roc.ny.0060,﻿church,﻿Immaculate Conception,English,,,,﻿Tompkins County,﻿Tompkins County,﻿Ithaca,﻿Ithaca,﻿NY,,42.440140899999996,-76.5003217,,,,,﻿jam_tuohey_001,﻿Rev.,﻿James Tuohey,,,,,,,1870.0,Rochester
﻿roc.ny.0061,﻿church,﻿St. Patrick's,English,,,,﻿Tompkins County,﻿Tompkins County,﻿McLean,﻿McLean,﻿NY,,42.552015600000004,-76.2910436,,,,,﻿jam_tuohey_001,﻿Rev.,﻿James Tuohey,,,,,,,1870.0,Rochester
﻿roc.ny.0062,﻿church,﻿St. James',English,,,,﻿Tompkins County,﻿Tompkins County,﻿Trumansburgh,﻿Trumansburgh,﻿NY,,42.539990100000004,-76.6594687,,,,,﻿jam_tuohey_001,﻿Rev.,﻿James Tuohey,,,,,,,1870.0,Rochester
﻿roc.ny.0063,﻿house,﻿House of the Redemporists,English,,"﻿Adjoining St. Joseph's Church, Rochester",,﻿Monroe County,﻿Monroe County,﻿Rochester,﻿Rochester,﻿NY,,43.1594407,-77.6064884,,,,,﻿geo_ruland_001,﻿Rev.,﻿George Ruland,﻿C.SS.R.,﻿Rector,,,,,1870.0,Rochester
﻿roc.ny.0063,﻿house,﻿House of the Redemporists,English,,"﻿Adjoining St. Joseph's Church, Rochester",,﻿Monroe County,﻿Monroe County,﻿Rochester,﻿Rochester,﻿NY,,43.1594407,-77.6064884,,,,,﻿pet_cronenberg_001,﻿Rev.,﻿Peter Cronenberg,﻿C.SS.R.,,,,,,1870.0,Rochester
﻿roc.ny.0063,﻿house,﻿House of the Redemporists,English,,"﻿Adjoining St. Joseph's Church, Rochester",,﻿Monroe County,﻿Monroe County,﻿Rochester,﻿Rochester,﻿NY,,43.1594407,-77.6064884,,,,,﻿lou_dold_001,﻿Rev.,﻿Louis Dold,﻿C.SS.R.,,,,,,1870.0,Rochester
﻿roc.ny.0063,﻿house,﻿House of the Redemporists,English,,"﻿Adjoining St. Joseph's Church, Rochester",,﻿Monroe County,﻿Monroe County,﻿Rochester,﻿Rochester,﻿NY,,43.1594407,-77.6064884,,,,,﻿jos_clauss_001,﻿Rev.,﻿Joseph Clauss,﻿C.SS.R.,,,,,,1870.0,Rochester
﻿roc.ny.0063,﻿house,﻿House of the Redemporists,English,,"﻿Adjoining St. Joseph's Church, Rochester",,﻿Monroe County,﻿Monroe County,﻿Rochester,﻿Rochester,﻿NY,,43.1594407,-77.6064884,,,,,﻿fra_n_van-emstede_001,﻿Rev.,﻿Francis Nicholas Van Emstede,﻿C.SS.R.,,,,,,1870.0,Rochester
﻿roc.ny.0063,﻿house,﻿House of the Redemporists,English,,"﻿Adjoining St. Joseph's Church, Rochester",,﻿Monroe County,﻿Monroe County,﻿Rochester,﻿Rochester,﻿NY,,43.1594407,-77.6064884,,,,,﻿hen_kuper_001,﻿Rev.,﻿Henry Kuper,﻿C.SS.R.,,,,,,1870.0,Rochester
﻿roc.ny.0063,﻿house,﻿House of the Redemporists,English,,"﻿Adjoining St. Joseph's Church, Rochester",,﻿Monroe County,﻿Monroe County,﻿Rochester,﻿Rochester,﻿NY,,43.1594407,-77.6064884,,,,,﻿geo_roesch_001,﻿Rev.,﻿Geo. Roesch,﻿C.SS.R.,,,,,,1870.0,Rochester
﻿roc.ny.0064,﻿house,﻿Brothers of Mary,English,﻿Five Brothers have charge of St. Joseph's male school.,﻿No. 18 Franklin street,,﻿Monroe County,﻿Monroe County,﻿Rochester,﻿Rochester,﻿NY,,43.158148499999996,-77.604722,,,,,﻿a_heintz_001,﻿Br.,﻿A. Heintz,,﻿Director,,﻿brother,﻿Five brothers,,1870.0,Rochester
﻿roc.ny.0065,﻿convent,﻿School Sisters of Notre Dame,English,"﻿Five Sisters teach the girls' school of St. Joseph's.  They, with the assistance of some lay Sisters, also have charge of St. Joseph's Orphan Asylum.",﻿Andrews street,,﻿Monroe County,﻿Monroe County,﻿Rochester,﻿Rochester,﻿NY,,43.159828000000005,-77.60869090000001,,,,,,,,,,,﻿sister,﻿Five Sisters who teach the girls' school of St. Joseph's.,,1870.0,Rochester
﻿roc.ny.0066,"﻿convent, academy",﻿Convent and Academy of the Sacred Heart,English,,,,﻿Monroe County,﻿Monroe County,﻿Rochester,﻿Rochester,﻿NY,,43.1410708,-77.52951740000002,,,,,,﻿Madam,﻿Hanratty,,﻿Superior,,,,,1870.0,Rochester
﻿roc.ny.0067,"﻿convent, academy",﻿Convent and Academy of Our Lady of Mercy,English,,,,﻿Monroe County,﻿Monroe County,﻿Rochester,﻿Rochester,﻿NY,,43.147763299999994,-77.5365707,,,,,,﻿Mother,﻿M. Camillus Kelly,,﻿Superior,,,,,1870.0,Rochester
﻿roc.ny.0068,﻿hospital,﻿St. Mary's Hospital,English,,,,,﻿Monroe County,﻿Rochester,﻿Rochester,﻿NY,,42.954519299999994,-74.21631550000001,,,,,,﻿Sister,﻿Hieronymo O'Brien,,﻿Superior,,﻿sister,﻿15 Sisters of Charity,,1870.0,Rochester
﻿roc.ny.0068,﻿hospital,﻿St. Mary's Hospital,English,,,,,﻿Monroe County,﻿Rochester,﻿Rochester,﻿NY,,42.954519299999994,-74.21631550000001,,,,,,,,,,,﻿patient,﻿300 patients on average,,1870.0,Rochester
﻿roc.ny.0069,﻿asylum,﻿St. Mary's Boys' Orphan Asylum,English,,,,,﻿Monroe County,﻿Rochester,﻿Rochester,﻿NY,,43.14927278,-77.63696056,,,,,,﻿Sister,﻿Stanislas,,﻿Superior,,﻿sister,﻿7 Sisters of St. Joseph,,1870.0,Rochester
﻿roc.ny.0069,﻿asylum,﻿St. Mary's Boys' Orphan Asylum,English,,,,,﻿Monroe County,﻿Rochester,﻿Rochester,﻿NY,,43.14927278,-77.63696056,,,,,,,,,,,﻿boy,﻿130 boys,,1870.0,Rochester
﻿roc.ny.0070,﻿asylum,﻿St. Patrick's Boys' Orphan Asylum,English,,,,,﻿Monroe County,﻿Rochester,﻿Rochester,﻿NY,,43.14927278,-77.63696056,,,,,,﻿Sister,﻿Beatrice Duffy,,﻿Superior,,﻿sister,﻿9 Sisters of Charity,,1870.0,Rochester
﻿roc.ny.0070,﻿asylum,﻿St. Patrick's Boys' Orphan Asylum,English,,,,,﻿Monroe County,﻿Rochester,﻿Rochester,﻿NY,,43.14927278,-77.63696056,,,,,,,,,,,﻿girl,﻿80 girls,,1870.0,Rochester
﻿roc.ny.0071,﻿asylum,﻿St. Joseph's Orphan Asylum,﻿German,,,,,﻿Monroe County,﻿Rochester,﻿Rochester,﻿NY,,43.15878216,-77.60884713,,,,,,,,,,,,,﻿Under the charge of the Sisters of Notre Dame,1870.0,Rochester
﻿roc.ny.0072,﻿asylum,﻿St. Mary's Orphan Asylum,English,,,,﻿Ontario County,﻿Ontario County,﻿Canandaigua,﻿Canandaigua,﻿NY,,42.89085599,-77.28271747,,,,,,,,,,,﻿orphan,﻿14 orphans,﻿Under the care of the Sisters of St. Joseph,1870.0,Rochester
﻿roc.ny.0073,﻿school,﻿St. Patrick's Boys' School,English,,,,,﻿Monroe County,,﻿Rochester,﻿NY,,43.16128324,-77.62136044,,,,,,,,,,,﻿brother,﻿5 Christian Brothers,﻿Under the charge of the Christian Brothers,1870.0,Rochester
﻿roc.ny.0073,﻿school,﻿St. Patrick's Boys' School,English,,,,,﻿Monroe County,,﻿Rochester,﻿NY,,43.16128324,-77.62136044,,,,,,,,,,,﻿payScholar,﻿170 pay scholars,﻿Under the charge of the Christian Brothers,1870.0,Rochester
﻿roc.ny.0073,﻿school,﻿St. Patrick's Boys' School,English,,,,,﻿Monroe County,,﻿Rochester,﻿NY,,43.16128324,-77.62136044,,,,,,,,,,,﻿free,﻿60 free scholars,﻿Under the charge of the Christian Brothers,1870.0,Rochester
﻿roc.ny.0074,﻿school,﻿St. Patrick's Girls' School,English,,,,,﻿Monroe County,,﻿Rochester,﻿NY,,43.16128324,-77.62136044,,,,,,,,,,,﻿brother,﻿6 Sisters of Charity,﻿Under the charge of the Sisters of Charity,1870.0,Rochester
﻿roc.ny.0074,﻿school,﻿St. Patrick's Girls' School,English,,,,,﻿Monroe County,,﻿Rochester,﻿NY,,43.16128324,-77.62136044,,,,,,,,,,,﻿payScholar,﻿100 pay scholars,﻿Under the charge of the Sisters of Charity,1870.0,Rochester
﻿roc.ny.0074,﻿school,﻿St. Patrick's Girls' School,English,,,,,﻿Monroe County,,﻿Rochester,﻿NY,,43.16128324,-77.62136044,,,,,,,,,,,﻿free,﻿150 free scholars,﻿Under the charge of the Sisters of Charity,1870.0,Rochester
﻿roc.ny.0074,﻿school,﻿St. Patrick's Girls' School,English,,,,,﻿Monroe County,,﻿Rochester,﻿NY,,43.16128324,-77.62136044,,,,,,,,,,,﻿SundaySchool,﻿400 Sunday-school students,﻿Under the charge of the Sisters of Charity,1870.0,Rochester
﻿roc.ny.0075,﻿school,﻿St. Joseph's Male School,English,,,,,﻿Monroe County,,﻿Rochester,﻿NY,,43.15936104,-77.60674764,,,,,,,,,,,﻿scholar,﻿468 scholars,﻿Under the charge of the Brothers of Mary,1870.0,Rochester
﻿roc.ny.0076,﻿school,﻿St. Joseph's Female School,English,,,,,﻿Monroe County,,﻿Rochester,﻿NY,,43.15936104,-77.60674764,,,,,,,,,,,﻿scholar,﻿502 scholars,﻿Under the charge of the Sisters of Notre Dame,1870.0,Rochester
﻿roc.ny.0077,﻿school,﻿Most Holy Redeemer's Schools,English,,,,,﻿Monroe County,,﻿Rochester,﻿NY,,43.17551765,-77.59844257,,,,,,,,,,,﻿scholar,﻿250 scholars,﻿Under the charge of the Sisters of Notre Dame,1870.0,Rochester
﻿roc.ny.0078,﻿school,﻿St. Boniface's Schools,English,,,,,﻿Monroe County,,﻿Rochester,﻿NY,,43.1426739,-77.6032093,,,,,,,,,,,﻿sister,﻿2 Sisters of Notre Dame,﻿Under the charge of the Sisters of Notre Dame,1870.0,Rochester
﻿roc.ny.0078,﻿school,﻿St. Boniface's Schools,English,,,,,﻿Monroe County,,﻿Rochester,﻿NY,,43.1426739,-77.6032093,,,,,,,,,,,﻿boy,﻿110 boys,﻿Under the charge of the Sisters of Notre Dame,1870.0,Rochester
﻿roc.ny.0078,﻿school,﻿St. Boniface's Schools,English,,,,,﻿Monroe County,,﻿Rochester,﻿NY,,43.1426739,-77.6032093,,,,,,,,,,,﻿girl,﻿123 girls,﻿Under the charge of the Sisters of Notre Dame,1870.0,Rochester
﻿roc.ny.0079,﻿school,﻿St. Peter and Paul's Male School,English,,,,,﻿Monroe County,,﻿Rochester,﻿NY,,43.15140687,-77.63251491,,,,,,,,,,,﻿sister,﻿3 Brothers of Mary,﻿Under the charge of the Brothers of Mary,1870.0,Rochester
﻿roc.ny.0079,﻿school,﻿St. Peter and Paul's Male School,English,,,,,﻿Monroe County,,﻿Rochester,﻿NY,,43.15140687,-77.63251491,,,,,,,,,,,﻿boy,﻿248 boys,﻿Under the charge of the Brothers of Mary,1870.0,Rochester
﻿roc.ny.0080,﻿school,﻿St. Peter and Paul's Female School,English,,,,,﻿Monroe County,,﻿Rochester,﻿NY,,43.15140687,-77.63251491,,,,,,,,,,,﻿sister,﻿3 Sisters of Notre Dame,﻿Under the charge of the Sisters of Notre Dame,1870.0,Rochester
﻿roc.ny.0080,﻿school,﻿St. Peter and Paul's Female School,English,,,,,﻿Monroe County,,﻿Rochester,﻿NY,,43.15140687,-77.63251491,,,,,,,,,,,﻿girl,﻿245 girls,﻿Under the charge of the Sisters of Notre Dame,1870.0,Rochester
﻿roc.ny.0081,﻿school,﻿Holy Family Parochial Schools,English,,,,,﻿Monroe County,,﻿Rochester,﻿NY,,43.1588315,-77.64428144,,,,,,,,,,,﻿sister,﻿2 Sisters of Notre Dame,﻿Under the charge of the Sisters of Notre Dame,1870.0,Rochester
﻿roc.ny.0081,﻿school,﻿Holy Family Parochial Schools,English,,,,,﻿Monroe County,,﻿Rochester,﻿NY,,43.1588315,-77.64428144,,,,,,,,,,,﻿boy,﻿137 boys,﻿Under the charge of the Sisters of Notre Dame,1870.0,Rochester
﻿roc.ny.0081,﻿school,﻿Holy Family Parochial Schools,English,,,,,﻿Monroe County,,﻿Rochester,﻿NY,,43.1588315,-77.64428144,,,,,,,,,,,﻿girl,﻿138 girls,﻿Under the charge of the Sisters of Notre Dame,1870.0,Rochester
