instID,church_type,instName,language,instNote,placeName,region,county_orig,county_reg,city_orig,city_reg,state_orig,state_reg,latitude,longitude,attendingInstID,attendingChurch,attendingChurchFrequency,attendingChurchNote,persID,persTitle,persName,persSuffix,persRole,persNote,memberType,member,affiliated,year,diocese
﻿stp.mn.0001,﻿cathedral,﻿Cathedral of St. Paul,English,,,,﻿Ramsey County,﻿Ramsey County,﻿St. Paul,﻿St. Paul,﻿MN,,44.94695,-93.109143,,,,,﻿tho_l_grace_001,﻿Right Rev.,﻿Thomas L. Grace,,,,,,,1869.0,StPaul
﻿stp.mn.0001,﻿cathedral,﻿Cathedral of St. Paul,English,,,,﻿,﻿,﻿St. Paul,﻿St. Paul,﻿MN,,44.94695,-93.109143,,,,,﻿a_ravoux_001,﻿Very Rev.,﻿A. Ravoux,,,,,,,1869.0,StPaul
﻿stp.mn.0001,﻿cathedral,﻿Cathedral of St. Paul,English,,,,﻿,﻿,﻿St. Paul,﻿St. Paul,﻿MN,,44.94695,-93.109143,,,,,﻿joh_ireland_001,﻿Rev.,﻿John Ireland,,﻿Pastor of the Parish,,,,,1869.0,StPaul
﻿stp.mn.0002,﻿church,﻿Assumption Church,﻿German,,,,﻿Ramsey County,﻿Ramsey County,﻿St. Paul,﻿St. Paul,﻿MN,,44.947550299999996,-93.09947290000001,,,,,﻿cle_staub_001,﻿Rev.,﻿Clement Staub,﻿O.S.B.,,,,,,1869.0,StPaul
﻿stp.mn.0002,﻿church,﻿Assumption Church,﻿German,,,,﻿,﻿,﻿St. Paul,﻿St. Paul,﻿MN,,44.947550299999996,-93.09947290000001,,,,,﻿oth_wirz_001,﻿Rev.,﻿Othman Wirz,﻿O.S.B.,,,,,,1869.0,StPaul
﻿stp.mn.0003,﻿church,﻿St. Mary's Church,English,,,,﻿Ramsey County,﻿Ramsey County,﻿St. Paul,﻿St. Paul,﻿MN,,44.9523479,-93.0885005,,,,,﻿l_caillet_001,﻿Rev.,﻿L. Caillet,,,,,,,1869.0,StPaul
﻿stp.mn.0004,﻿church,﻿St. Louis' Church,﻿French,,,,﻿Ramsey County,﻿Ramsey County,﻿St. Paul,﻿St. Paul,﻿MN,,44.9678942,-93.0736898,,,,,﻿a_schmirer_001,﻿Rev.,﻿A. Schmirer,,,,,,,1869.0,StPaul
﻿stp.mn.0005,﻿chapel,﻿Chapel of St. Joseph,English,,,,﻿Ramsey County,﻿Ramsey County,﻿St. Paul,﻿St. Paul,﻿MN,,44.9469765,-93.09998890000001,,,,,﻿dem_marogna_001,﻿Rev.,﻿Demetrius Marogna,,,,,,,1869.0,StPaul
﻿stp.mn.0006,﻿church,﻿St. Michael's Church,English,,﻿West St. Paul,,﻿Ramsey County,﻿Ramsey County,﻿St. Paul,﻿St. Paul,﻿MN,,44.9183814,-93.0711189,﻿stp.mn.0001,﻿Attended from the Cathedral,,,,,,,,,,,,1869.0,StPaul
﻿stp.mn.0007,﻿church,﻿St. John's Church,English,,,,,﻿Ramsey County,﻿New-Canada,﻿Little Canada,﻿MN,,45.0274537,-93.08980179999999,,﻿,,,﻿j_goiffon_001,﻿Rev.,﻿J. Goiffon,,,,,,,1869.0,StPaul
﻿stp.mn.0070,﻿church,﻿Church of St. Anthony of Padua,﻿English,,,,﻿Hennepin County,﻿Hennepin County,﻿St. Anthony,﻿St. Anthony,﻿MN,,45.0208911,-93.5094574,,﻿,,,﻿f_tissot_001,﻿Rev.,﻿F. Tissot,,,,,,,1869.0,StPaul
﻿stp.mn.0071,﻿church,﻿St. Boniface,﻿German,,,,﻿Hennepin County,﻿Hennepin County,﻿St. Anthony,﻿St. Anthony,﻿MN,,45.0205565,-93.2179335,,﻿,,,﻿jos_hilmer_001,﻿Rev.,﻿Joseph Hilmer,,,,,,,1869.0,StPaul
﻿stp.mn.0072,﻿church,not recorded,English,,,,﻿Hennepin County,﻿Hennepin County,﻿Minneapolis,﻿Minneapolis,﻿MN,,44.977753,-93.2650108,,﻿,,,﻿jam_mcgolrick_001,﻿Rev.,﻿James McGolrick,,,,,,,1869.0,StPaul
﻿stp.mn.0073,﻿church,﻿Church of St. John the Baptist,English,,,,﻿Hennepin County,﻿Hennepin County,﻿Dayton,﻿Dayton,﻿MN,,45.24252,-93.5147942,,﻿,,,﻿pro_maurer_001,﻿Rev.,﻿Prosper Maurer,,,,,,,1869.0,StPaul
﻿stp.mn.0074,﻿church,﻿Church of St. Walburga,﻿German,,,,﻿Hennepin County,﻿Hennepin County,﻿Corcoran,﻿Corcoran,﻿MN,,45.0952417,-93.54745770000001,﻿stp.mn.0174,﻿Visited by Rev. J. Koering,,,,,,,,,,,,1869.0,StPaul
﻿stp.mn.0075,﻿church,﻿St. Mary,English,,,,﻿Hennepin County,﻿Hennepin County,﻿Corcoran,﻿Corcoran,﻿MN,,45.0952417,-93.54745770000001,﻿stp.mn.0073,﻿Visited by Rev. Prosper Maurer,,,,,,,,,,,,1869.0,StPaul
﻿stp.mn.0076,﻿church,﻿Church of St. Louis,English,,,,﻿Hennepin County,﻿Hennepin County,﻿Osseo,﻿Osseo,﻿MN,,45.1194091,-93.4024532,﻿stp.mn.0073,﻿Visited by Rev. Prosper Maurer,,,,,,,,,,,,1869.0,StPaul
﻿stp.mn.0077,﻿church,not recorded,English,,,,﻿Hennepin County,﻿Hennepin County,﻿Crystal Lake,﻿Robbinsdale,﻿MN,,45.032187,-93.3385614,﻿stp.mn.0073,﻿Visited by Rev. Prosper Maurer,,,,,,,,,,,,1869.0,StPaul
﻿stp.mn.0078,﻿church,﻿Church of Holy Name,English,,,,﻿Hennepin County,﻿Hennepin County,﻿Medina,﻿Medina,﻿MN,,44.936845500000004,-93.258395,﻿stp.mn.0070,﻿Visited from St. Anthony,,﻿Went with first one,,,,,,,,,,1869.0,StPaul
﻿stp.mn.0079,﻿church,﻿SS. Peter and Paul,English,,,,﻿Hennepin County,﻿Hennepin County,,﻿Loretto,﻿MN,,45.0538266,-93.6334983,﻿stp.mn.0070,﻿Visited from St. Anthony,,﻿Went with first one,,,,,,,,,,1869.0,StPaul
﻿stp.mn.0080,﻿church,not recorded,English,,,,﻿Hennepin County,﻿Hennepin County,﻿St. Boniface,﻿St. Bonifacius,﻿MN,,44.9050568,-93.7477773,﻿stp.mn.0019,"﻿Visited by Rev. F. Stern, of Waconia",,,,,,,,,,,,1869.0,StPaul
﻿stp.mn.0081,﻿station,not recorded,English,,,,﻿Hennepin County,﻿Hennepin County,﻿Maple Grove,﻿Maple Grove,﻿MN,,45.072464200000006,-93.4557877,﻿stp.mn.0073,﻿Visited by Rev. Prosper Maurer,,,,,,,,,,,,1869.0,StPaul
﻿stp.mn.0082,﻿station,not recorded,English,,,,﻿Hennepin County,﻿Hennepin County,﻿Cahiltown,﻿Edina,﻿MN,,44.91069257,-93.34975065,﻿stp.mn.0072,﻿Visited by Rev. Jas. McGolrick,,,,,,,,,,,,1869.0,StPaul
﻿stp.mn.0008,﻿church,﻿Church of St. Stephen,English,,,,﻿Anoka County,﻿Anoka County,﻿Anoka,﻿Anoka,﻿MN,,45.199199,-93.38274,﻿stp.mn.0073,"﻿Visited by Rev. Prosper Maurer, of Dayton",,,,,,,,,,,,1869.0,StPaul
﻿stp.mn.0009,﻿church,﻿Church of St. Genevieve,English,,,,﻿Anoka County,﻿Anoka County,﻿Centreville,﻿Centerville,﻿MN,,45.1635477,-93.0580282,﻿stp.mn.0007,"﻿Visited by Rev. Joseph Goiffon, of Little Canada",,,,,,,,,,,,1869.0,StPaul
﻿stp.mn.0010,﻿station,not recorded,English,,,,﻿Anoka County,﻿Anoka County,﻿St. Francis,﻿St. Francis,﻿MN,,45.3974847,-93.387922,﻿stp.mn.0073,﻿Visited by Rev. Prosper Maurer,,,,,,,,,,,,1869.0,StPaul
﻿stp.mn.0032,﻿church,﻿Church of Guardian Angels,English,,,,﻿Dakota County,﻿Dakota County,﻿Hastings,﻿Hastings,﻿MN,,44.7419815,-92.8505325,,﻿,,,﻿fra_hurth_001,﻿Rev.,﻿Francis Hurth,,,,,,,1869.0,StPaul
﻿stp.mn.0033,﻿church,﻿Church of St. Peter,English,,,,﻿Dakota County,﻿Dakota County,﻿Mendota,﻿Mendota,﻿MN,,44.8857158,-93.1683167,,﻿,,,﻿c_genis_001,﻿Rev.,﻿C. Genis,,,,,,,1869.0,StPaul
﻿stp.mn.0034,﻿church,﻿Church of St. John,English,,,,﻿Dakota County,﻿Dakota County,﻿Burnsville,﻿Burnsville,﻿MN,,44.7677424,-93.27772259999999,,﻿,,,﻿a_oster_001,﻿Rev.,﻿A. Oster,,,,,,,1869.0,StPaul
﻿stp.mn.0035,﻿church,﻿Church of the Blessed Virgin,English,,,,﻿Dakota County,﻿Dakota County,﻿New-Treves,﻿New Trier,﻿MN,,44.601356,-92.934097,,﻿,,,﻿p_bayer_001,﻿Rev.,﻿P. Bayer,,,,,,,1869.0,StPaul
﻿stp.mn.0036,﻿church,﻿Church of St. Patrick,English,,,,﻿Dakota County,﻿Dakota County,﻿Invergrove,﻿Inver Grove Heights,﻿MN,,44.8452429,-93.03382690000001,﻿stp.mn.0033,﻿Visited by Rev. C. Genis,,,,,,,,,,,,1869.0,StPaul
﻿stp.mn.0037,﻿church,not recorded,English,,,,﻿Dakota County,﻿Dakota County,﻿Bellwood,﻿Marshan Township,﻿MN,,44.6832366,-92.8776638,﻿stp.mn.0032,﻿Visited by Rev. F. Hurth,,,,,,,,,,,,1869.0,StPaul
﻿stp.mn.0038,﻿church,not recorded,English,,,,﻿Dakota County,﻿Dakota County,﻿Lakeville,﻿Lakeville,﻿MN,,44.6496868,-93.24271999999999,﻿stp.mn.0034,﻿Visited by Rev. A. Oster,,,,,,,,,,,,1869.0,StPaul
﻿stp.mn.0039,﻿station,not recorded,English,,,,﻿Dakota County,﻿Dakota County,﻿Lewiston,﻿Sciota Township,﻿MN,,44.4997016,-93.0676373,﻿stp.mn.0035,﻿Visited by Rev. P. Bayer,,,,,,,,,,,,1869.0,StPaul
﻿stp.mn.0040,﻿station,not recorded,English,,,,﻿Dakota County,﻿Dakota County,﻿Farmington,﻿Farmington,﻿MN,,44.6402434,-93.1435497,﻿stp.mn.0032,﻿Visited by Rev. F. Hurth,,,,,,,,,,,,1869.0,StPaul
﻿stp.mn.0203,﻿church,﻿Church of St. Michael,English,,,,﻿Washington County,﻿Washington County,﻿Stillwater,﻿Stillwater,﻿MN,,45.0511579,-92.8063007,,﻿,,,﻿tho_murray_001,﻿Rev.,﻿Thomas Murray,,,,,,,1869.0,StPaul
﻿stp.mn.0204,﻿church,﻿St. Mary,﻿German,,,,﻿Washington County,﻿Washington County,﻿Stillwater,﻿Stillwater,﻿MN,,45.05208029999999,-92.80972679999999,,﻿,,,﻿wil_lette_001,﻿Rev.,﻿William Lette,,,,,,,1869.0,StPaul
﻿stp.mn.0205,﻿station,not recorded,English,,,,﻿Washington County,﻿Washington County,﻿Oakdale,﻿Oakdale,﻿MN,,44.963021600000005,-92.96493609999999,﻿stp.mn.0204,﻿Visited by Rev. William Lette,,,,,,,,,,,,1869.0,StPaul
﻿stp.mn.0206,﻿station,not recorded,English,,,,﻿Washington County,﻿Washington County,﻿Malone,﻿Cottage Grove,﻿MN,,44.75691545,-92.82004521,﻿stp.mn.0203,﻿Visited by Rev. Thomas Murray,,,,,,,,,,,,1869.0,StPaul
﻿stp.mn.0112,﻿station,not recorded,English,,"﻿Chisago, Isanti, Pine, and Kennebec",,,﻿Mille Lacs and Sherburne Counties,﻿Princeton,﻿Princeton,﻿MN,,45.569965,-93.58162779999999,﻿stp.mn.0073,﻿Visited by Rev. Prosper Maurer,,,,,,,,,,,,1869.0,StPaul
﻿stp.mn.0027,﻿station,not recorded,English,,"﻿Chisago, Isanti, Pine, and Kennebec",,﻿Chisago County,﻿Chisago County,﻿Taylor's Falls,﻿Taylors Falls,﻿MN,,45.401906200000006,-92.6524292,﻿stp.mn.0203,﻿Visited by Rev. Thomas Murray,,,,,,,,,,,,1869.0,StPaul
﻿stp.mn.0028,﻿station,not recorded,English,,"﻿Chisago, Isanti, Pine, and Kennebec",,﻿Chisago County,﻿Chisago County,﻿Sunrise,﻿Sunrise,﻿MN,,45.5469049,-92.8549364,﻿stp.mn.0203,﻿Visited by Rev. Thomas Murray,,,,,,,,,,,,1869.0,StPaul
﻿stp.mn.0030,﻿station,not recorded,English,,"﻿Chisago, Isanti, Pine, and Kennebec",,﻿Chisago County,﻿Chisago County,﻿Rusheba,﻿Rushseba Township,﻿MN,,45.6961645,-92.9112093,﻿stp.mn.0203,﻿Visited by Rev. Thomas Murray,,,,,,,,,,,,1869.0,StPaul
﻿stp.mn.0149,﻿church,﻿Church of St. Mark,﻿German,,,,﻿Scott County,﻿Scott County,﻿Shakopee,﻿Shakopee,﻿MN,,44.7952994,-93.5290651,,﻿,,,﻿geo_sherer_001,﻿Rev.,﻿George Sherer,﻿O.S.B.,,,,,,1869.0,StPaul
﻿stp.mn.0150,﻿church,﻿St. Mary,English,,,,﻿Scott County,﻿Scott County,﻿Shakopee,﻿Shakopee,﻿MN,,44.7944074,-93.5230096,﻿stp.mn.0034,﻿Visited by Rev. A. Oster  of Burnsville,,,,,,,,,,,,1869.0,StPaul
﻿stp.mn.0151,﻿church,﻿Church of St. Martin,English,,,,﻿Scott County,﻿Scott County,﻿Belle Plaine,﻿Belle Plaine,﻿MN,,44.6230409,-93.7684042,,﻿,,,﻿ale_berghold_001,﻿Rev.,﻿Alex. Berghold,,,,,,,1869.0,StPaul
﻿stp.mn.0153,﻿church,﻿Church of St. Wenceslaus,English,,,,﻿Scott County,﻿Scott County,﻿New Prague,﻿New Prague,﻿MN,,44.5440304,-93.5742355,,﻿,,,﻿hon_povoling_001,﻿Rev.,﻿Honoratus Povoling,,,,,,,1869.0,StPaul
﻿stp.mn.0156,﻿church,﻿Church of Purification of B.V.M.,English,,,,﻿Scott County,﻿Scott County,﻿Marystown,﻿Marystown,﻿MN,,44.720796299999996,-93.5413429,﻿stp.mn.0149,﻿Visited by Rev. George Sherer,,,,,,,,,,,,1869.0,StPaul
﻿stp.mn.0154,﻿church,﻿Church of Saint Patrick,English,,,,﻿Scott County,﻿Scott County,﻿Cedar Lake,﻿Cedar Lake Township,﻿MN,,44.5952507,-93.50183009999999,,﻿,,,﻿aug_wirth_001,﻿Rev.,﻿Augustin Wirth,,,,,,,1869.0,StPaul
﻿stp.mn.0155,﻿church,not recorded,English,,,,﻿Scott County,﻿Scott County,﻿Jordan,﻿Jordan,﻿MN,,44.671194899999996,-93.6294286,﻿stp.mn.0151,﻿Visited by Rev. A. Berghold,,,,,,,,,,,,1869.0,StPaul
﻿stp.mn.0157,﻿church,not recorded,English,,,,﻿Scott County,﻿Scott County,﻿Clary Settlement,﻿Shakopee,,,44.76419784,-93.48289083,﻿stp.mn.0034,﻿Visited by Rev. A. Oster,,,,,,,,,,,,1869.0,StPaul
﻿stp.mn.0158,﻿church,﻿Church of St. Nicholas,English,,,,﻿Scott County,﻿Scott County,﻿Newmarket,﻿Elko New Market,﻿MN,,44.572523,-93.3504756,﻿stp.mn.0035,﻿Visited by Rev. P. Bayer,,,,,,,,,,,,1869.0,StPaul
﻿stp.mn.0160,﻿church,﻿Church of St. Catharine,English,,,,﻿Scott County,﻿Scott County,﻿Spring Lake,﻿Spring Lake Township,﻿MN,,44.6665071,-93.48013490000001,﻿stp.mn.0154,﻿Visited by Rev. Augustin Wirth,,,,,,,,,,,,1869.0,StPaul
﻿stp.mn.0161,﻿church,not recorded,English,,,,﻿Scott County,﻿Scott County,﻿St. Benedict,﻿Helena Township,﻿MN,,44.5876343,-93.60152070000001,﻿stp.mn.0153,﻿Visited by Rev. H. Povoling,,,,,,,,,,,,1869.0,StPaul
﻿stp.mn.0162,﻿church,not recorded,English,,,,﻿Scott County,﻿Scott County,﻿St. Joseph,﻿Sand Creek Township,﻿MN,,44.6640189,-93.561026,﻿stp.mn.0151,﻿Visited by Rev. A. Berghold,,,,,,,,,,,,1869.0,StPaul
﻿stp.mn.0163,﻿church,not recorded,English,,,,﻿Scott County,﻿Scott County,﻿St. Scholastica,,,,44.59731666,-93.62146281,﻿stp.mn.0151,﻿Visited by Rev. A. Berghold,,,,,,,,,,,,1869.0,StPaul
﻿stp.mn.0092,﻿church,not recorded,English,,,,﻿Le Sueur County,﻿Le Sueur County,﻿Le Sueur,﻿Le Sueur,﻿MN,,44.4598517,-93.91136340000001,﻿stp.mn.0164,"﻿Visited by Rev. T. Venn, of Henderson",,,,,,,,,,,,1869.0,StPaul
﻿stp.mn.0093,﻿church,﻿Church of the Nativity,English,,,,﻿Le Sueur County,﻿Le Sueur County,﻿Cleveland,﻿Cleveland,﻿MN,,44.3229664,-93.8430277,﻿stp.mn.0094,"﻿Visited by Rev. P. Maly, of Marysburgh",,,,,,,,,,,,1869.0,StPaul
﻿stp.mn.0094,﻿church,﻿Church of St. Patrick,English,,,,﻿Le Sueur County,﻿Le Sueur County,﻿Marysburgh,﻿Marysburg,﻿MN,,44.240245,-93.8168974,,,,,﻿p_maly_001,﻿Rev.,﻿P. Maly,,,,,,,1869.0,StPaul
﻿stp.mn.0095,﻿church,not recorded,English,,,,﻿Le Sueur County,﻿Le Sueur County,﻿St. Henry,﻿Sharon Township,﻿MN,,44.4291107,-93.8451731,﻿stp.mn.0094,﻿Visited by Rev. P. Maly,,,,,,,,,,,,1869.0,StPaul
﻿stp.mn.0095,﻿church,not recorded,English,,,,﻿Le Sueur County,﻿Le Sueur County,﻿St. John,﻿Sharon Township,﻿MN,,44.4291107,-93.8451731,﻿stp.mn.0151,﻿Visited by Rev. A. Berghold,,,,,,,,,,,,1869.0,StPaul
﻿stp.mn.0096,﻿church,not recorded,English,,,,﻿Le Sueur County,﻿Le Sueur County,﻿St. Thomas,﻿Derrynane Township,﻿MN,,44.5085024,-93.7232005,﻿stp.mn.0151,﻿Visited by Rev. A. Berghold,,,,,,,,,,,,1869.0,StPaul
﻿stp.mn.0097,﻿station,not recorded,English,,,,﻿Le Sueur County,﻿Le Sueur County,﻿Kilkenny,﻿Kilkenny,﻿MN,,44.3132973,-93.5741156,﻿stp.mn.0130,"﻿Visited by Rev. A. Seel, of Shieldsville, Rice Co.",,,,,,,,,,,,1869.0,StPaul
﻿stp.mn.0098,﻿station,not recorded,English,,,,﻿Le Sueur County,﻿Le Sueur County,﻿Lexington,﻿Lexington Township,﻿MN,,44.4331437,-93.7232005,﻿stp.mn.0153,﻿Visited by Rev. H. Povoling,,,,,,,,,,,,1869.0,StPaul
﻿stp.mn.0099,﻿station,not recorded,English,,,,﻿Le Sueur County,﻿Le Sueur County,﻿Montgomery,﻿Montgomery,﻿MN,,44.4383146,-93.58132009999999,﻿stp.mn.0130,﻿Visited by Rev. A. Seel,,,,,,,,,,,,1869.0,StPaul
﻿stp.mn.0100,﻿station,not recorded,English,,,,﻿Le Sueur County,﻿Le Sueur County,﻿Waterville,﻿Waterville,﻿MN,,44.218853,-93.5680022,﻿stp.mn.0129,"﻿Visited by Rev. Geo. Keller, of Faribault",,,,,,,,,,,,1869.0,StPaul
﻿stp.mn.0019,﻿church,﻿Church of St. Joseph,English,,,,﻿Carver County,﻿Carver County,﻿Waconia,﻿Waconia,﻿MN,,44.8494557,-93.7858807,,﻿,,,﻿f_stern_001,﻿Rev.,﻿F. Stern,,,,,,,1869.0,StPaul
﻿stp.mn.0020,﻿church,﻿Church of Guardian Angels,English,,,,﻿Carver County,﻿Carver County,﻿Chaska,﻿Chaska,﻿MN,,44.7851596,-93.602783,,﻿,,,﻿m_mayer_001,﻿Rev.,﻿M. Mayer,,,,,,,1869.0,StPaul
﻿stp.mn.0022,﻿church,﻿Church of St. Bernard,English,,,,﻿Carver County,﻿Carver County,﻿Benton,﻿Benton Township,﻿MN,,44.7672739,-93.8451731,﻿stp.mn.0020,﻿Visited by Rev. M. Mayer,,,,,,,,,,,,1869.0,StPaul
﻿stp.mn.0021,﻿church,﻿Church of Immaculate Conception,English,,,,﻿Carver County,﻿Carver County,﻿Watertown,﻿Watertown,﻿MN,,44.964928799999996,-93.84917940000001,,﻿,,,﻿c_robert_001,﻿Rev.,﻿C. Robert,,,,,,,1869.0,StPaul
﻿stp.mn.0023,﻿church,﻿Church of St. Hubert,English,,,,﻿Carver County,﻿Carver County,﻿Chanhassan,﻿Chanhassan,﻿MN,,44.855361200000004,-93.532154,﻿stp.mn.0020,﻿Visited by Rev. M. Mayer,,,,,,,,,,,,1869.0,StPaul
﻿stp.mn.0024,﻿church,﻿Church of St. Victoria,English,,,,﻿Carver County,﻿Carver County,﻿Laketown,﻿Laketown Township,﻿MN,,44.8546576,-93.661907,﻿stp.mn.0020,﻿Visited by Rev. M. Mayer,,,,,,,,,,,,1869.0,StPaul
﻿stp.mn.0025,﻿station,﻿Young America station,English,,,,﻿Carver County,﻿Carver County,,﻿Norwood Young American,﻿MN,,44.7809286,-93.9129135,﻿stp.mn.0019,﻿Visited by Rev. F. Stern,,,,,,,,,,,,1869.0,StPaul
﻿stp.mn.0025,﻿station,﻿San Francisco station,English,,,,﻿Carver County,﻿Carver County,﻿San Francisco,﻿Norwood Young American,﻿MN,,44.7809286,-93.9129135,﻿stp.mn.0020,﻿Visited by Rev. M. Mayer,,,,,,,,,,,,1869.0,StPaul
﻿stp.mn.0108,﻿church,﻿Church of St. Peter and Paul,English,,,,﻿McLeod County,﻿McLeod County,﻿Glencoe,﻿Glencoe,﻿MN,,44.769043700000005,-94.1517524,﻿stp.mn.0019,﻿Visited by Rev. F. Stern,,,,,,,,,,,,1869.0,StPaul
﻿stp.mn.0109,﻿station,not recorded,English,,,,﻿McLeod County,﻿McLeod County,﻿Winsted,﻿Winsted,﻿MN,,44.963851700000006,-94.0474725,﻿stp.mn.0021,﻿Visited by Rev. C. Robert,,,,,,,,,,,,1869.0,StPaul
﻿stp.mn.0110,﻿station,not recorded,English,,,,﻿McLeod County,﻿McLeod County,﻿Hutchinson,﻿Hutchinson,﻿MN,,44.892548299999994,-94.3692926,﻿stp.mn.0021,﻿Visited by Rev. C. Robert,,,,,,,,,,,,1869.0,StPaul
﻿stp.mn.0111,﻿station,not recorded,English,,,,﻿McLeod County,﻿McLeod County,﻿Fremont,﻿Silver Lake,﻿MN,,44.90306821,-94.20262812,﻿stp.mn.0019,﻿Visited by Rev. F. Stern,,,,,,,,,,,,1869.0,StPaul
﻿stp.mn.0164,﻿church,﻿Church of St. Thomas,English,,,,﻿Sibley County,﻿Sibley County,﻿Jessenland,﻿Jessenland Township,﻿MN,,44.5989308,-93.90023570000001,,﻿,,,﻿the_venn_001,﻿Rev.,﻿Theodore Venn,,,,,,,1869.0,StPaul
﻿stp.mn.0166,﻿church,﻿Church of St. Joseph,English,,,,﻿Sibley County,﻿Sibley County,﻿Henderson,﻿Henderson,﻿MN,,44.5259874,-93.9081594,﻿stp.mn.0164,﻿Vistied by Rev. Theodore Venn,,,,,,,,,,,,1869.0,StPaul
﻿stp.mn.0165,﻿church,﻿Church of the Assumption,English,,,,﻿Sibley County,﻿Sibley County,﻿Washington Lake,﻿Washingon Lake Township,﻿MN,,44.6880182,-93.8888554,﻿stp.mn.0164,﻿Visited by Rev. Theodore Venn,,,,,,,,,,,,1869.0,StPaul
﻿stp.mn.0167,﻿church,not recorded,English,,,,﻿Sibley County,﻿Sibley County,﻿St. John's,﻿Belle Plaine,﻿MN,,44.665,-93.8005,﻿stp.mn.0164,﻿Visited by Rev. Theodore Venn,,,,,,,,,,,,1869.0,StPaul
﻿stp.mn.0169,﻿church,not recorded,English,,,,﻿Sibley County,﻿Sibley County,﻿Arlington,﻿Arlington,﻿MN,,44.6082966,-94.0805278,﻿stp.mn.0164,﻿Visited by Rev. T. Venn,,,,,,,,,,,,1869.0,StPaul
﻿stp.mn.0116,﻿church,﻿Church of St. Peter,English,,,,﻿Nicolet County,﻿Nicollet County,﻿St. Peter,﻿St. Peter,﻿MN,,44.3320536,-93.9766113,,﻿,,,﻿j_zuzek_001,﻿Rev.,﻿J. Zuzek,,,,,,,1869.0,StPaul
﻿stp.mn.0117,﻿church,﻿Church of Visitation,English,,,,﻿Nicolet County,﻿Nicollet County,﻿Granby,﻿Granby Township,﻿MN,,44.3406869,-94.2128337,﻿stp.mn.0116,﻿Visited by Rev. J. Zuzek,,,,,,,,,,,,1869.0,StPaul
﻿stp.mn.0118,﻿church,﻿Church of St. Michael,English,,,,﻿Nicolet County,﻿Nicollet County,﻿Belgrade,﻿Belgrade Township,﻿MN,,44.2317005,-94.08999109999999,﻿stp.mn.0116,﻿Visited by Rev. J. Zuzek,,,,,,,,,,,,1869.0,StPaul
﻿stp.mn.0119,﻿church,﻿Church of St. George,English,,,,﻿Nicolet County,﻿Nicollet County,﻿West-Newton,,﻿MN,,44.4035764,-94.5418141,﻿stp.mn.0017,﻿Visited by Rev. Wm. Kibler,,,,,,,,,,,,1869.0,StPaul
﻿stp.mn.0137,﻿station,not recorded,English,,,,﻿Renville County,﻿Nicollet County,﻿Fort Ridgly,﻿Fort Ridgely,﻿MN,,44.453365600000005,-94.7347949,﻿stp.mn.0017,﻿Visited by Rev. Wm. Kibler,,,,,,,,,,,,1869.0,StPaul
﻿stp.mn.0012,﻿church,﻿Church of St. Philip,English,,,,﻿Blue Earth County,﻿Blue Earth County,﻿Mankato,﻿Mankato,﻿MN,,44.1635775,-93.99939959999999,,﻿,,,﻿v_sommereisen_001,﻿Rev.,﻿V. Sommereisen,,,,,,,1869.0,StPaul
﻿stp.mn.0048,﻿church,﻿Church of St. John Baptist,English,,,,﻿Blue Earth County,﻿Faribault County,﻿Minnesota Lake,﻿Minnesota Lake,﻿MN,,43.840965399999995,-93.831085,﻿stp.mn.0012,﻿Visited by Rev. V. Sommereisen,,,,,,,,,,,,1869.0,StPaul
﻿stp.mn.0013,﻿station,not recorded,English,,﻿Agency,,﻿Blue Earth County,﻿Faribault County,﻿Winnebago,﻿Winnebago,﻿MN,,43.767733,-94.16579490000001,﻿stp.mn.0012,﻿Visited by Rev. V. Sommereisen,,,,,,,,,,,,1869.0,StPaul
﻿stp.mn.0014,﻿station,not recorded,English,,,,﻿Blue Earth County,﻿Blue Earth County,﻿Watowan,﻿St. James,﻿MN,,43.97958224,-94.62862905,﻿stp.mn.0012,﻿Visited by Rev. V. Sommereisen,,,,,,,,,,,,1869.0,StPaul
﻿stp.mn.0017,﻿church,﻿Church of the Holy Trinity,English,,,,﻿Brown County,﻿Brown County,﻿New-Ulm,﻿New Ulm,﻿MN,,44.3144394,-94.45930179999999,,﻿,,,﻿wm_kibler_001,﻿Rev.,﻿Wm. Kibler,,,,,,,1869.0,StPaul
﻿stp.mn.0018,﻿church,﻿Church of St. Lambert,English,,,,﻿Brown County,﻿Brown County,﻿Cottonwood,﻿Cottonwood Township,﻿MN,,44.2194977,-94.41820890000001,﻿stp.mn.0017,﻿Visited by Rev. Wm. Kibler,,,,,,,,,,,,1869.0,StPaul
﻿stp.mn.0046,﻿church,﻿Church of Our Lady of Mount Carmel,English,,,,﻿Faribault County,﻿Faribault County,﻿Wisner's Grove,﻿Barber Township,﻿MN,,43.719004999999996,-93.9238233,﻿stp.mn.0012,﻿Visited by Rev. V. Sommereisen,,,,,,,,,,,,1869.0,StPaul
﻿stp.mn.0047,﻿church,﻿Church of SS. Peter and Paul,English,,,,﻿Faribault County,﻿Faribault County,﻿Blue Earth City,﻿Blue Earth,﻿MN,,43.6367098,-94.10721590000001,﻿stp.mn.0012,﻿Visited by Rev. V. Sommereisen,,,,,,,,,,,,1869.0,StPaul
﻿stp.mn.0101,﻿station,not recorded,English,"﻿New county, scattering stations",,,﻿Martin County,﻿Martin County,,,,,43.6367098,-94.10721590000001,﻿stp.mn.0012,﻿Visited by Rev. V. Sommereisen,,,,,,,,,,,,1869.0,StPaul
﻿stp.mn.0129,﻿church,﻿Church of the Immaculate Conception,English,,,,﻿Rice County,﻿Rice County,﻿Faribault,﻿Faribault,﻿MN,,44.2949636,-93.268827,,﻿,,,﻿geo_keller_001,﻿Rev.,﻿Geo. Keller,,,,,,,1869.0,StPaul
﻿stp.mn.0131,﻿church,﻿Church of the Annunciation,English,,,,﻿Rice County,﻿Rice County,﻿Webster,﻿Webster,﻿MN,,44.529686,-93.352723,﻿stp.mn.0035,﻿Visited by Rev. P. Bayer,,,,,,,,,,,,1869.0,StPaul
﻿stp.mn.0130,﻿church,﻿Church of St. Patrick,English,,,,﻿Rice County,﻿Rice County,﻿Shieldsville,﻿Shieldsville,﻿MN,,44.3643677,-93.41368670000001,,﻿,,,﻿a_seel_001,﻿Rev.,﻿A. Seel,,,,,,,1869.0,StPaul
﻿stp.mn.0132,﻿church,﻿Church of St. Louis,English,,,,﻿Rice County,﻿Rice County,﻿Wheatland,﻿Wheatland,﻿MN,,44.46468529999999,-93.48356059999999,﻿stp.mn.0130,﻿Visited by Rev. A. Seel,,,,,,,,,,,,1869.0,StPaul
﻿stp.mn.0133,﻿station,not recorded,English,,,,﻿Rice County,﻿Rice County,﻿East-Prairie,,,,44.28840457,-93.18506127,﻿stp.mn.0129,﻿Visited by Rev. Geo. Keller,,,,,,,,,,,,1869.0,StPaul
﻿stp.mn.0134,﻿church,not recorded,English,,,,﻿Rice County,﻿Rice County,﻿Erin,﻿Erin Township,﻿MN,,44.4030672,-93.48013490000001,﻿stp.mn.0130,﻿Visited by Rev. A. Seel,,,,,,,,,,,,1869.0,StPaul
﻿stp.mn.0135,﻿church,not recorded,English,,,,﻿Rice County,﻿Rice County,﻿Northfield,﻿Northfield,﻿MN,,44.458298299999996,-93.161604,﻿stp.mn.0129,﻿Visited by Rev. Geo. Keller,,,,,,,,,,,,1869.0,StPaul
﻿stp.mn.0182,﻿church,﻿Church of the Nativity,English,,,,﻿Waseca County,﻿Waseca County,﻿St. Mary's,﻿St. Mary's,﻿MN,,44.0584363,-93.60152070000001,,,,,﻿joh_mcdermott_002,﻿Rev.,﻿John McDermott,,,,,,,1869.0,StPaul
﻿stp.mn.0183,﻿station,not recorded,English,,,,﻿Waseca County,﻿Waseca County,﻿Bloomington,﻿Blooming Grove Township maybe?,﻿MN,,44.1381509,-93.48013490000001,﻿stp.mn.0182,﻿Visited by Rev. J. McDermott,,,,,,,,,,,,1869.0,StPaul
﻿stp.mn.0184,﻿station,not recorded,English,,,,﻿Waseca County,﻿Waseca County,﻿Okoman,﻿Janesville Township,﻿MN,,44.1684398,-93.7232005,﻿stp.mn.0182,﻿Visited by Rev. J. McDermott,,,,,,,,,,,,1869.0,StPaul
﻿stp.mn.0185,﻿station,not recorded,English,,,,﻿Waseca County,﻿Waseca County,﻿Janesville,﻿Janesville Township,﻿MN,,44.1684398,-93.7232005,﻿stp.mn.0182,﻿Visited by Rev. J. McDermott,,,,,,,,,,,,1869.0,StPaul
﻿stp.mn.0147,﻿station,not recorded,English,,,,﻿Steele County,﻿Steele County,﻿Owatonna,﻿Owatonna,﻿MN,,44.087929700000004,-93.2260184,﻿stp.mn.0129,﻿Visited by Rev. Geo. Keller,,,,,,,,,,,,1869.0,StPaul
﻿stp.mn.0148,﻿station,not recorded,English,,,,﻿Steele County,﻿Steele County,﻿Juno or Mulloy Settlement,﻿Blooming Prairie,﻿MN,,43.91658679,-93.00422175,﻿stp.mn.0129,﻿Visited by Rev. Geo. Keller,,,,,,,,,,,,1869.0,StPaul
﻿stp.mn.0041,﻿church,not recorded,English,﻿church in course of erection,,,﻿Dodge County,﻿Dodge County,﻿Mantorville,﻿Mantorville,﻿MN,,44.0691307,-92.75574559999998,﻿stp.mn.0120,﻿Visited by Rev. Thomas O'Gorman,,,,,,,,,,,,1869.0,StPaul
﻿stp.mn.0042,﻿station,not recorded,English,,,,﻿Dodge County,﻿Dodge County,﻿Rice Lake,,﻿MN,,43.984288899999996,-92.8577105,﻿stp.mn.0129,﻿Visited by Rev. Geo. Keller,,,,,,,,,,,,1869.0,StPaul
﻿stp.mn.0102,﻿church,﻿Church of St. Augustin,English,,,,﻿Mower County,﻿Mower County,﻿Austin,﻿Austin,﻿MN,,43.6700386,-92.9807589,﻿stp.mn.0182,﻿Visited by Rev. J. McDermott,,,,,,,,,,,,1869.0,StPaul
﻿stp.mn.0103,﻿station,not recorded,English,,,,﻿Mower County,﻿Mower County,﻿Adamstown,﻿Adams,﻿MN,,43.5652435,-92.7193503,﻿stp.mn.0182,﻿Visited by Rev. John McDermott,,,,,,,,,,,,1869.0,StPaul
﻿stp.mn.0057,﻿church,not recorded,English,,,,﻿Freeborn County,﻿Freeborn County,﻿Albert Lee,﻿Albert Lea,﻿MN,,43.6478006,-93.3686555,﻿stp.mn.0182,﻿Visited by Rev. John McDermott,,,,,,,,,,,,1869.0,StPaul
﻿stp.mn.0059,﻿station,not recorded,English,,,,﻿Freeborn County,﻿Steele County,﻿Beaver Lake,﻿Berlin Township,﻿MN,,43.8753769,-93.3590446,﻿stp.mn.0182,﻿Visited by Rev. John McDermott,,,,,,,,,,,,1869.0,StPaul
﻿stp.mn.0058,﻿church,not recorded,English,,,,﻿Freeborn County,﻿Freeborn County,﻿Geneva,﻿Geneva,﻿MN,,43.823293299999996,-93.267708,﻿stp.mn.0182,﻿Visited by Rev. John McDermott,,,,,,,,,,,,1869.0,StPaul
﻿stp.mn.0060,﻿station,not recorded,English,,,,﻿Freeborn County,﻿Freeborn County,﻿Kannavan Settlement,﻿Easton,﻿MN,,43.76289402,-93.90107962,﻿stp.mn.0182,﻿Visited by Rev. John McDermott,,,,,,,,,,,,1869.0,StPaul
﻿stp.mn.0061,﻿station,not recorded,English,,,,﻿Freeborn County,﻿Freeborn County,﻿Twin Lakes,﻿Twin Lakes,﻿MN,,43.559677799999996,-93.4229885,﻿stp.mn.0182,﻿Visited by Rev. John McDermott,,,,,,,,,,,,1869.0,StPaul
﻿stp.mn.0062,﻿church,﻿Church of St. Joseph,English,,,,﻿Goodhue County,﻿Goodhue County,﻿Redwing,﻿Red Wing,﻿MN,,44.5616022,-92.53034129999999,,﻿,,,﻿j_knauff_001,﻿Rev.,﻿J. Knauff,,,,,,,1869.0,StPaul
﻿stp.mn.0063,﻿church,﻿Church of St. Columbkill,English,,,,﻿Goodhue County,﻿Goodhue County,﻿Belle Creek,﻿Belle Creek Township,﻿MN,,44.420421000000005,-92.7021536,﻿stp.mn.0062,﻿Visited by Rev. J. Knauff,,,,,,,,,,,,1869.0,StPaul
﻿stp.mn.0064,﻿church,﻿Church of Blessed Virgin,English,,,,﻿Goodhue County,﻿Goodhue County,﻿Belvidere,﻿Belvidere Township,﻿MN,,44.4290912,-92.4801989,﻿stp.mn.0062,﻿Visited by Rev. J.S. Knauff,,,,,,,,,,,,1869.0,StPaul
﻿stp.mn.0065,﻿station,not recorded,English,,,,﻿Goodhue County,﻿Goodhue County,﻿Chered Grove,﻿Cherry Grove Township,﻿MN,,44.231711600000004,-92.8377656,﻿stp.mn.0062,﻿Visited by Rev. J. Knauff,,,,,,,,,,,,1869.0,StPaul
﻿stp.mn.0066,﻿station,not recorded,English,,,,﻿Goodhue County,﻿Goodhue County,﻿Frontenac,﻿Frontenac,﻿MN,,44.51099129999999,-92.3568219,﻿stp.mn.0062,﻿Visited by Rev. J. Knauff,,,,,,,,,,,,1869.0,StPaul
﻿stp.mn.0067,﻿station,not recorded,English,,,,﻿Goodhue County,﻿Wabasha County,﻿Mazeppa,﻿Mazeppa,﻿MN,,44.274164899999995,-92.5420799,﻿stp.mn.0062,﻿Visited by Rev. J. Knauff,,,,,,,,,,,,1869.0,StPaul
﻿stp.mn.0068,﻿station,not recorded,English,,,,﻿Goodhue County,﻿Goodhue County,﻿Hay Creek,﻿Hay Creek Township,﻿MN,,44.504511799999996,-92.4801989,﻿stp.mn.0062,﻿Visited by Rev. J. Knauff,,,,,,,,,,,,1869.0,StPaul
﻿stp.mn.0069,﻿church,﻿Church of St. Pius V.,English,,,,﻿Goodhue County,﻿Goodhue County,﻿Cannon Falls,﻿Cannon Falls,﻿MN,,44.5052178,-92.9063151,﻿stp.mn.0035,﻿Visited by Rev. P. Bayer,,,,,,,,,,,,1869.0,StPaul
﻿stp.mn.0186,﻿church,﻿Church of St. Felix,English,,,,﻿Wabasha County,﻿Wabasha County,﻿Wabasha,﻿Wabasha,﻿MN,,44.38106679999999,-92.03247569999999,,﻿,,,﻿jas_trobec_001,﻿Rev.,﻿Jas. Trobec,,,,,,,1869.0,StPaul
﻿stp.mn.0187,﻿church,not recorded,English,,,,﻿Wabasha County,﻿Wabasha County,﻿Lake City,﻿Lake City,﻿MN,,44.4492982,-92.26669140000001,﻿stp.mn.0188,﻿Visited by Rev. Francis Toplak,,,,,,,,,,,,1869.0,StPaul
﻿stp.mn.0188,﻿church,not recorded,English,,,,﻿Wabasha County,﻿Wabasha County,﻿West-Albany,﻿West Albany,﻿MN,,44.301355900000004,-92.2854536,,,,,﻿fra_toplak_001,﻿Rev.,﻿Francis Toplak,,,,,,,1869.0,StPaul
﻿stp.mn.0189,﻿church,not recorded,English,,,,﻿Wabasha County,﻿Wabasha County,﻿Highland,﻿Highland Township,﻿MN,,44.247143200000004,-92.1253854,﻿stp.mn.0186,﻿Visited by Rev. Jas. Trobec,,,,,,,,,,,,1869.0,StPaul
﻿stp.mn.0190,﻿church,not recorded,English,,,,﻿Wabasha County,﻿Wabasha County,﻿Pell,﻿Oakwood Township,﻿MN,,44.244894200000005,-92.24334870000001,﻿stp.mn.0186,﻿Visited by Rev. Jas. Trobec,,,,,,,,,,,,1869.0,StPaul
﻿stp.mn.0191,﻿station,not recorded,English,,,,﻿Wabasha County,﻿Wabasha County,﻿Minneiska,﻿Minneiska,﻿MN,,44.19496420000001,-91.8718246,﻿stp.mn.0188,﻿Visited by Rev. Francis Toplak,,,,,,,,,,,,1869.0,StPaul
﻿stp.mn.0192,﻿station,not recorded,English,,,,﻿Wabasha County,﻿Wabasha County,﻿Snake Creek,﻿Snake Creek,﻿MN,,44.252810700000005,-91.9787995,﻿stp.mn.0186,﻿Visited by Rev. Jas. Trobec,,,,,,,,,,,,1869.0,StPaul
﻿stp.mn.0193,﻿station,not recorded,English,,,,﻿Wabasha County,﻿Wabasha County,﻿Sand Prairie,﻿Kellogg,,,44.30710344,-92.00097736,﻿stp.mn.0186,﻿Visited by Rev. Jas. Trobec,,,,,,,,,,,,1869.0,StPaul
﻿stp.mn.0194,﻿station,not recorded,English,,,,﻿Wabasha County,﻿Wabasha County,﻿Plainview,﻿Plainview Township,﻿MN,,44.133333,-92.1253854,﻿stp.mn.0186,﻿Visited by Rev. Jas. Trobec,,,,,,,,,,,,1869.0,StPaul
﻿stp.mn.0195,﻿station,not recorded,English,,,,﻿Wabasha County,﻿Wabasha County,﻿Backer's Settlement,,,,44.38700326,-92.04359273,﻿stp.mn.0186,﻿Visited by Rev. Jas. Trobec,,,,,,,,,,,,1869.0,StPaul
﻿stp.mn.0196,﻿church,﻿Church of St. Joseph,﻿German,,,,﻿Winona County,﻿Winona County,﻿Winona,﻿Winona,﻿MN,,44.0553908,-91.6663523,,﻿,,,﻿a_plut_001,﻿Rev.,﻿A. Plut,,,,,,,1869.0,StPaul
﻿stp.mn.0197,﻿church,﻿Church of St. Thomas,﻿English,,,,﻿Winona County,﻿Winona County,﻿Winona,﻿Winona,﻿MN,,44.0553908,-91.6663523,,﻿,,,﻿a_plut_001,﻿Rev.,﻿A. Plut,,,,,,,1869.0,StPaul
﻿stp.mn.0197,﻿station,﻿Church of St. Thomas,﻿English,,,,﻿Winona County,﻿Winona County,﻿Rollingstone,﻿Winona,﻿MN,,44.0553908,-91.6663523,﻿stp.mn.0196,﻿Visited by Rev. A. Plut,,﻿Went with first one,,,,,,,,,,1869.0,StPaul
﻿stp.mn.0199,﻿station,not recorded,English,,,,﻿Winona County,﻿Winona County,﻿Hart,﻿Hart Township,﻿MN,,43.8914987,-91.7928402,﻿stp.mn.0196,﻿Visited by Rev. A. Plut,,﻿Went with first one.,,,,,,,,,,1869.0,StPaul
﻿stp.mn.0200,﻿church,not recorded,English,,,,﻿Winona County,﻿Winona County,﻿St. Charles,﻿St. Charles,﻿MN,,43.9694165,-92.064194,﻿stp.mn.0196,﻿Visited by Rev. A. Plut,,﻿Went with first one.,,,,,,,,,,1869.0,StPaul
﻿stp.mn.0201,﻿station,not recorded,English,,,,﻿Winona County,﻿Winona County,﻿Elba,﻿Elba,﻿MN,,44.088574799999996,-92.01877209999999,﻿stp.mn.0196,﻿Visited by Rev. A. Plut,,﻿Went with first one.,,,,,,,,,,1869.0,StPaul
﻿stp.mn.0120,﻿church,not recorded,English,﻿church in course of erection,,,﻿Olmstead County,﻿Olmstead County,﻿Rochester,﻿Rochester,﻿MN,,44.0121221,-92.4801989,,﻿,,,﻿tho_ogorman_001,﻿Rev.,﻿Thomas O'Gorman,,,,,,,1869.0,StPaul
﻿stp.mn.0121,﻿church,﻿Church of St. Bridget,English,,,,﻿Olmstead County,﻿Olmstead County,﻿Pleasant Grove,﻿Pleasant Grove,﻿MN,,43.90027620000001,-92.3616203,﻿stp.mn.0120,﻿Visited by Rev. Thomas O'Gorman,,,,,,,,,,,,1869.0,StPaul
﻿stp.mn.0122,﻿station,not recorded,English,,,,﻿Olmstead County,﻿Olmstead County,﻿Marion,﻿Marion,﻿MN,,43.976540299999996,-92.3616203,﻿stp.mn.0120,﻿Visited by Rev. Thomas O'Gorman,,,,,,,,,,,,1869.0,StPaul
﻿stp.mn.0123,﻿station,not recorded,English,,,,﻿Olmstead County,﻿Olmstead County,﻿Salem,﻿Salem Township,﻿MN,,43.97140039999999,-92.59908349999999,﻿stp.mn.0120,﻿Visited by Rev. Thomas O'Gorman,,,,,,,,,,,,1869.0,StPaul
﻿stp.mn.0124,﻿station,not recorded,English,,,,﻿Olmstead County,﻿Olmstead County,﻿Haverhill,﻿Haverhill Township,﻿MN,,44.0526842,-92.3616203,﻿stp.mn.0120,﻿Visited by Rev. Thomas O'Gorman,,,,,,,,,,,,1869.0,StPaul
﻿stp.mn.0125,﻿station,not recorded,English,,,,﻿Olmstead County,﻿Olmstead County,﻿New-Haven,﻿New Haven Township,﻿MN,,44.161533399999996,-92.59908349999999,﻿stp.mn.0120,﻿Visited by Rev. Thomas O'Gorman,,,,,,,,,,,,1869.0,StPaul
﻿stp.mn.0049,﻿church,not recorded,English,﻿Church in course of erection,,,﻿Fillmore County,﻿Fillmore County,﻿Preston,﻿Preston,﻿MN,,43.673755299999996,-92.0836809,,﻿,,,﻿jas_halton_001,﻿Rev.,﻿Jas. Halton,,,,,,,1869.0,StPaul
﻿stp.mn.0050,﻿church,not recorded,English,,,,﻿Fillmore County,﻿Fillmore County,﻿Chatfield,﻿Chatfield,﻿MN,,43.8416451,-92.18924390000001,﻿stp.mn.0049,﻿Visited by Rev. Jas. Halton,,,,,,,,,,,,1869.0,StPaul
﻿stp.mn.0051,﻿church,not recorded,English,,,,﻿Fillmore County,﻿Fillmore County,﻿Forestville,﻿Forestville Township,﻿MN,,43.634004499999996,-92.28273840000001,﻿stp.mn.0049,﻿Visited by Rev. Jas. Halton,,,,,,,,,,,,1869.0,StPaul
﻿stp.mn.0052,﻿church,not recorded,English,,,,﻿Fillmore County,﻿Fillmore County,﻿Rushford,﻿Rushford,﻿MN,,43.8109804,-91.7490143,﻿stp.mn.0049,﻿Visited by Rev. Jas. Halton,,,,,,,,,,,,1869.0,StPaul
﻿stp.mn.0053,﻿church,not recorded,English,,,,﻿Fillmore County,﻿Fillmore County,﻿Beaver,﻿Beaver Township,﻿MN,,43.5547831,-92.4011124,﻿stp.mn.0049,﻿Visited by Rev. Jas. Halton,,,,,,,,,,,,1869.0,StPaul
﻿stp.mn.0054,﻿church,not recorded,English,,,,﻿Fillmore County,﻿Carlton County,﻿Carlton,﻿Carlton,﻿MN,,46.65319685,-92.41922171,﻿stp.mn.0049,﻿Visited by Rev. Jas. Halton,,,,,,,,,,,,1869.0,StPaul
﻿stp.mn.0055,﻿church,not recorded,English,,,,﻿Fillmore County,﻿Fillmore County,﻿Spring Valley,﻿Spring Valley,﻿MN,,43.684422999999995,-92.396174,﻿stp.mn.0049,﻿Visited by Rev. Jas. Halton,,,,,,,,,,,,1869.0,StPaul
﻿stp.mn.0056,﻿church,not recorded,English,,,,﻿Fillmore County,﻿Fillmore County,﻿Newburgh,﻿Newburg,﻿MN,,43.567189,-91.81459620000001,﻿stp.mn.0049,﻿Visited by Rev. Jas. Halton,,,,,,,,,,,,1869.0,StPaul
﻿stp.mn.0083,﻿church,﻿Church of St. John Baptist,English,,,,﻿Houston County,﻿Houston County,﻿Caledonia,﻿Caledonia,﻿MN,,43.640156,-91.4952255,,﻿,,,﻿m_sturenberg_001,﻿Rev.,﻿M. Sturenberg,,,,,,,1869.0,StPaul
﻿stp.mn.0085,﻿church,not recorded,English,,,,﻿Houston County,﻿Houston County,﻿Hokah,﻿Hokah,﻿MN,,43.7594117,-91.3465262,﻿stp.mn.0084,﻿Visited by Rev. F.X. Newbrand,,,,,,,,,,,,1869.0,StPaul
﻿stp.mn.0086,﻿church,﻿Church of Crucifixion,English,,,,﻿Houston County,﻿Houston County,﻿La Crescent,﻿La Crescent,﻿MN,,43.8268986,-91.3071835,﻿stp.mn.0084,﻿Visited by Rev. F.X. Newbrand,,,,,,,,,,,,1869.0,StPaul
﻿stp.mn.0084,﻿church,not recorded,English,,,,﻿Houston County,﻿Houston County,﻿Brownsville,﻿Brownsville,﻿MN,,43.6940552,-91.2798153,,﻿,,,﻿fx_newbrand_001,﻿Rev.,﻿F.X. Newbrand,,,,,,,1869.0,StPaul
﻿stp.mn.0087,﻿station,not recorded,English,,,,﻿Houston County,﻿Houston County,﻿Riceford,﻿Riceford,﻿MN,,43.5759697,-91.72609659999999,﻿stp.mn.0084,﻿Visited by Rev. F.X. Newbrand,,,,,,,,,,,,1869.0,StPaul
﻿stp.mn.0088,﻿station,not recorded,English,,,,﻿Houston County,﻿Houston County,﻿Jefferson,﻿Jefferson,﻿MN,,43.516248499999996,-91.2802823,﻿stp.mn.0083,﻿Visited by Rev. M. Sturenberg,,,,,,,,,,,,1869.0,StPaul
﻿stp.mn.0089,﻿station,not recorded,English,,,,﻿Houston County,﻿Houston County,﻿Freeburgh,﻿Freeburg,﻿MN,,43.611081299999995,-91.3643036,﻿stp.mn.0083,﻿Visited by Rev. M. Sturenberg,,,,,,,,,,,,1869.0,StPaul
﻿stp.mn.0090,﻿station,not recorded,English,,,,﻿Houston County,﻿Houston County,﻿Houston,﻿Houston,﻿MN,,43.7632995,-91.56847640000001,﻿stp.mn.0083,﻿Visited by Rev. M. Sturenberg,,,,,,,,,,,,1869.0,StPaul
﻿stp.mn.0174,﻿church,not recorded,English,,,,﻿Wright County,﻿Wright County,﻿Frankfort,﻿Frankfort Township,﻿MN,,45.153820200000006,-94.01909429999999,,﻿,,,﻿g_koering_001,﻿Rev.,﻿G. Koering,,,,,,,1869.0,StPaul
﻿stp.mn.0175,﻿church,not recorded,English,,,,﻿Wright County,﻿Wright County,﻿Pelican Lake,﻿Pelican Lake,﻿MN,,45.221653100000005,-93.74723940000001,﻿stp.mn.0174,﻿Visited by Rev. G. Koering,,,,,,,,,,,,1869.0,StPaul
﻿stp.mn.0176,﻿church,not recorded,English,,,,﻿Wright County,﻿Wright County,﻿Franklin,﻿Franklin Township,﻿MN,,45.0283669,-93.8576853,﻿stp.mn.0174,﻿Visited by Rev. G. Koering,,,,,,,,,,,,1869.0,StPaul
﻿stp.mn.0177,﻿church,not recorded,English,,,,﻿Wright County,﻿Wright County,﻿Waverly,﻿Waverly,﻿MN,,45.0643283,-93.9679204,,﻿,,,﻿c_robert_001,﻿Rev.,﻿C. Robert,,,,,,,1869.0,StPaul
﻿stp.mn.0178,﻿station,not recorded,English,,,,﻿Wright County,﻿Wright County,﻿French Lake,﻿French Lake,﻿MN,,45.1999643,-94.18553840000001,﻿stp.mn.0021,﻿Visited by Rev. C. Robert,,,,,,,,,,,,1869.0,StPaul
﻿stp.mn.0179,﻿church,not recorded,English,,,,﻿Wright County,﻿Wright County,﻿Maple Lake,﻿Maple Lake,﻿MN,,45.22992070000001,-94.0038756,﻿stp.mn.0174,﻿Visited by Rev. G. Koering,,,,,,,,,,,,1869.0,StPaul
﻿stp.mn.0180,﻿station,not recorded,English,,,,﻿Wright County,﻿Wright County,﻿Monticello,﻿Monticello,﻿MN,,45.3055201,-93.7941378,﻿stp.mn.0174,﻿Visited by Rev. G. Koering,,,,,,,,,,,,1869.0,StPaul
﻿stp.mn.0181,﻿station,not recorded,English,,,,﻿Wright County,﻿Wright County,﻿Rockford,﻿Rockford,﻿MN,,45.0872861,-93.7415093,﻿stp.mn.0174,﻿Visited by Rev. G. Koering,,,,,,,,,,,,1869.0,StPaul
﻿stp.mn.0138,﻿church,﻿Church of Immaculate Conception,English,,,,﻿Stearns County,﻿Stearns County,﻿St. Cloud,﻿St. Cloud,﻿MN,,45.5579451,-94.1632404,,﻿,,,﻿m_stuckinkemper_001,﻿Rev.,﻿M. Stuckinkemper,﻿O.S.B.,,,,,,1869.0,StPaul
﻿stp.mn.0138,﻿church,﻿Church of Immaculate Conception,English,,,,﻿Stearns County,﻿Stearns County,﻿St. Cloud,﻿St. Cloud,﻿MN,,45.5579451,-94.1632404,,﻿,,,﻿jos_vill_001,﻿Rev.,﻿Joseph Vill,﻿O.S.B.,,,,,,1869.0,StPaul
﻿stp.mn.0139,﻿church,﻿Church of SS. Peter and Paul,English,,,,﻿Stearns County,﻿Stearns County,﻿Richmond,﻿Richmond,﻿MN,,45.4552845,-94.5181185,,﻿,,,﻿a_casper_001,﻿Rev.,﻿A. Casper,﻿O.S.B.,,,,,,1869.0,StPaul
﻿stp.mn.0139,﻿church,﻿Church of SS. Peter and Paul,English,,,,﻿Stearns County,﻿Stearns County,﻿Richmond,﻿Richmond,﻿MN,,45.4552845,-94.5181185,,﻿,,,﻿a_fraudendorfer_001,﻿Rev.,﻿A. Fraudendorfer,﻿O.S.B.,,﻿Clinton P.O.,,,,1869.0,StPaul
﻿stp.mn.0140,﻿church,﻿Church of St. Joseph,English,,,,﻿Stearns County,﻿Stearns County,﻿St. Joseph,﻿St. Joseph,﻿MN,,45.563992999999996,-94.31864859999999,,﻿,,,﻿c_wittman_001,﻿Rev.,﻿C. Wittman,﻿O.S.P.,,﻿Clinton P.O.,,,,1869.0,StPaul
﻿stp.mn.0141,﻿church,﻿Church of SS. Peter and Paul,English,,,,﻿Stearns County,﻿Stearns County,﻿New-Munich,﻿New Munich,﻿MN,,45.6302426,-94.75362309999998,﻿stp.mn.0139,﻿Visited from Richmond,,,,,,,,,,,,1869.0,StPaul
﻿stp.mn.0142,﻿church,﻿Church of St. James,English,,,,﻿Stearns County,﻿Stearns County,﻿Wakefield,﻿Wakefield,﻿MN,,45.4661416,-94.47260490000001,﻿stp.mn.0139,﻿Visited from Richmond,,,,,,,,,,,,1869.0,StPaul
﻿stp.mn.0143,﻿church,not recorded,English,,,,﻿Stearns County,﻿Stearns County,﻿Sauk Centre,﻿Sauk Centre,﻿MN,,45.737465,-94.95252159999998,,﻿Visited by Rev. A. Burns,,,,,,,,,,,,1869.0,StPaul
﻿stp.mn.0144,﻿church,not recorded,English,,,,﻿Stearns County,﻿Stearns County,﻿St. Rupert,﻿St. Rupert,﻿MN,,45.584479200000004,-94.5865603,,﻿Visited by Rev. A. Burns,,,,,,,,,,,,1869.0,StPaul
﻿stp.mn.0145,﻿church,not recorded,English,,,,﻿Stearns County,﻿Stearns County,﻿St. Benedict,﻿St. Benedict,﻿MN,,45.60855479999999,-94.45359040000001,,﻿Visited by Rev. A. Burns,,,,,,,,,,,,1869.0,StPaul
﻿stp.mn.0105,﻿church,not recorded,English,,,,﻿Meeker County,﻿Meeker County,﻿Forest City,﻿Forest City,﻿MN,,45.206351899999994,-94.4663799,,﻿Visited by Rev. Augustin Burns,,,,,,,,,,,,1869.0,StPaul
﻿stp.mn.0106,﻿station,not recorded,English,,,,﻿Meeker County,﻿Meeker County,﻿Greenleaf,﻿Greenleaf,﻿MN,,44.996350799999995,-94.49943359999999,,﻿Visited by Rev. Augustin Burns,,,,,,,,,,,,1869.0,StPaul
﻿stp.mn.0106,﻿station,not recorded,English,"﻿new counties, scattering families",,,"﻿Kandiyohi, Monongalia, Pope, and Douglas",﻿Meeker County,﻿Greenleaf,﻿Greenleaf,﻿MN,,44.996350799999995,-94.49943359999999,,﻿Visited occasionally by Rev. Augustin Burns,,,,,,,,,,,,1869.0,StPaul
﻿stp.mn.0113,﻿church,not recorded,English,,,,﻿Morrison County,﻿Morrison County,﻿Belle Prairie,﻿Belle Prairie,﻿MN,,46.0346899,-94.2515626,,﻿,,,﻿jos_buh_001,﻿Rev.,﻿Joseph Buh,,,,,,,1869.0,StPaul
﻿stp.mn.0114,﻿church,not recorded,English,,,,﻿Morrison County,﻿Morrison County,﻿Little Falls,﻿Little Falls,﻿MN,,45.9805556,-94.3694444,﻿stp.mn.0113,﻿Visited by Rev. Joseph Buh,,,,,,,,,,,,1869.0,StPaul
﻿stp.mn.0115,﻿church,﻿Church of Holy Cross,English,,,,﻿Morrison County,﻿Morrison County,﻿Two Rivers,﻿Two Rivers,﻿MN,,45.7999704,-94.34969,﻿stp.mn.0113,﻿Visited by Rev. Joseph Buh,,,,,,,,,,,,1869.0,StPaul
﻿stp.mn.0031,﻿church,﻿Church of St. Francis Xavier,English,,,,﻿Crow Wing County,﻿Crow Wing County,﻿Crow Wing,﻿Crow Wing,﻿MN,,46.2799671,-94.2924998,,﻿,,,﻿t_pierze_001,﻿Rev.,﻿T. Pierze,,,,,,,1869.0,StPaul
﻿stp.mn.0031,﻿church,﻿Church of St. Francis Xavier,English,,,,﻿Crow Wing County,﻿Crow Wing County,﻿Crow Wing,﻿Crow Wing,﻿MN,,46.2799671,-94.2924998,,,,,﻿j_tomazin_001,﻿Rev.,﻿J. Tomazin,,,,,,,1869.0,StPaul
﻿stp.mn.0031,﻿church,﻿Church of St. Francis Xavier,English,,﻿Fort Abercrombie,,﻿Johnson County,﻿Crow Wing County,﻿Crow Wing,﻿Crow Wing,﻿MN,,46.2799671,-94.2924998,,,,,﻿j_b_genin_001,﻿Rev.,﻿J. B. Genin,﻿O.M.S.,,,,,,1869.0,StPaul
﻿stp.mn.0208,﻿mission,not recorded,English,﻿Indian Mission,,,﻿Itasca County,﻿Itasca County,,,﻿MN,,47.5507924,-93.5683651,﻿stp.mn.0031,﻿Attended to by Rev. Francis Pierz,,,,,,,,,,,,1869.0,StPaul
﻿stp.mn.0208,﻿mission,not recorded,English,﻿Indian Mission,,,﻿Itasca County,﻿Itasca County,,,﻿MN,,47.5507924,-93.5683651,﻿stp.mn.0031,﻿Attended to by Rev. J. Tomazin,,,,,,,,,,,,1869.0,StPaul
﻿stp.mn.0208,﻿mission,not recorded,English,﻿Indian Mission,,,﻿Itasca County,﻿Itasca County,,,﻿MN,,47.5507924,-93.5683651,﻿stp.mn.0113,﻿Attended to by Rev. J. Buh,,,,,,,,,,,,1869.0,StPaul
﻿stp.mn.0210,﻿mission,not recorded,English,﻿Indian Mission,,,﻿Mille Lacs County,﻿Mille Lacs County,,,﻿MN,,45.9228403,-93.62187440000001,﻿stp.mn.0031,﻿Attended to by Rev. Francis Pierz,,,,,,,,,,,,1869.0,StPaul
﻿stp.mn.0210,﻿mission,not recorded,English,﻿Indian Mission,,,﻿Mille Lacs County,﻿Mille Lacs County,,,﻿MN,,45.9228403,-93.62187440000001,﻿stp.mn.0031,﻿Attended to by Rev. J. Tomazin,,,,,,,,,,,,1869.0,StPaul
﻿stp.mn.0210,﻿mission,not recorded,English,﻿Indian Mission,,,﻿Mille Lacs County,﻿Mille Lacs County,,,﻿MN,,45.9228403,-93.62187440000001,﻿stp.mn.0113,﻿Attended to by Rev. J. Buh,,,,,,,,,,,,1869.0,StPaul
﻿stp.mn.0211,﻿mission,not recorded,English,﻿Indian Mission,,,﻿Morrison County,﻿Morrison County,,,﻿MN,,45.984647499999994,-94.052545,﻿stp.mn.0031,﻿Attended to by Rev. Francis Pierz,,,,,,,,,,,,1869.0,StPaul
﻿stp.mn.0211,﻿mission,not recorded,English,﻿Indian Mission,,,﻿Morrison County,﻿Morrison County,,,﻿MN,,45.984647499999994,-94.052545,﻿stp.mn.0031,﻿Attended to by Rev. J. Tomazin,,,,,,,,,,,,1869.0,StPaul
﻿stp.mn.0211,﻿mission,not recorded,English,﻿Indian Mission,,,﻿Morrison County,﻿Morrison County,,,﻿MN,,45.984647499999994,-94.052545,﻿stp.mn.0113,﻿Attended to by Rev. J. Buh,,,,,,,,,,,,1869.0,StPaul
﻿stp.mn.0212,﻿mission,not recorded,English,﻿Indian Mission,,,﻿Todd County,﻿Todd County,,,﻿MN,,46.030772799999994,-94.83154880000001,﻿stp.mn.0031,﻿Attended to by Rev. Francis Pierz,,,,,,,,,,,,1869.0,StPaul
﻿stp.mn.0212,﻿mission,not recorded,English,﻿Indian Mission,,,﻿Todd County,﻿Todd County,,,﻿MN,,46.030772799999994,-94.83154880000001,﻿stp.mn.0031,﻿Attended to by Rev. J. Tomazin,,,,,,,,,,,,1869.0,StPaul
﻿stp.mn.0212,﻿mission,not recorded,English,﻿Indian Mission,,,﻿Todd County,﻿Todd County,,,﻿MN,,46.030772799999994,-94.83154880000001,﻿stp.mn.0113,﻿Attended to by Rev. J. Buh,,,,,,,,,,,,1869.0,StPaul
﻿stp.mn.0213,﻿mission,not recorded,English,﻿Indian Mission,,,﻿Otter Tail County,﻿Otter Tail County,,,﻿MN,,46.5189435,-95.89359830000001,﻿stp.mn.0031,﻿Attended to by Rev. Francis Pierz,,,,,,,,,,,,1869.0,StPaul
﻿stp.mn.0213,﻿mission,not recorded,English,﻿Indian Mission,,,﻿Otter Tail County,﻿Otter Tail County,,,﻿MN,,46.5189435,-95.89359830000001,﻿stp.mn.0031,﻿Attended to by Rev. J. Tomazin,,,,,,,,,,,,1869.0,StPaul
﻿stp.mn.0213,﻿mission,not recorded,English,﻿Indian Mission,,,﻿Otter Tail County,﻿Otter Tail County,,,﻿MN,,46.5189435,-95.89359830000001,﻿stp.mn.0113,﻿Attended to by Rev. J. Buh,,,,,,,,,,,,1869.0,StPaul
﻿stp.mn.0214,﻿mission,not recorded,English,﻿Indian Mission,,,﻿Cass County,﻿Cass County,,,﻿MN,,47.2144536,-94.2309171,﻿stp.mn.0031,﻿Attended to by Rev. Francis Pierz,,,,,,,,,,,,1869.0,StPaul
﻿stp.mn.0214,﻿mission,not recorded,English,﻿Indian Mission,,,﻿Cass County,﻿Cass County,,,﻿MN,,47.2144536,-94.2309171,﻿stp.mn.0031,﻿Attended to by Rev. J. Tomazin,,,,,,,,,,,,1869.0,StPaul
﻿stp.mn.0214,﻿mission,not recorded,English,﻿Indian Mission,,,﻿Cass County,﻿Cass County,,,﻿MN,,47.2144536,-94.2309171,﻿stp.mn.0113,﻿Attended to by Rev. J. Buh,,,,,,,,,,,,1869.0,StPaul
﻿stp.mn.0215,﻿mission,not recorded,English,﻿Indian Mission,,,﻿Polk County,﻿Polk County,,,﻿MN,,47.6635085,-96.41705340000001,﻿stp.mn.0031,﻿Attended to by Rev. Francis Pierz,,,,,,,,,,,,1869.0,StPaul
﻿stp.mn.0215,﻿mission,not recorded,English,﻿Indian Mission,,,﻿Polk County,﻿Polk County,,,﻿MN,,47.6635085,-96.41705340000001,﻿stp.mn.0031,﻿Attended to by Rev. J. Tomazin,,,,,,,,,,,,1869.0,StPaul
﻿stp.mn.0215,﻿mission,not recorded,English,﻿Indian Mission,,,﻿Polk County,﻿Polk County,,,﻿MN,,47.6635085,-96.41705340000001,﻿stp.mn.0113,﻿Attended to by Rev. J. Buh,,,,,,,,,,,,1869.0,StPaul
﻿stp.mn.0216,﻿mission,not recorded,English,﻿Indian Mission,,,﻿Aitken County,﻿Aitkin County,,,﻿MN,,46.6185433,-93.45366920000001,﻿stp.mn.0031,﻿Attended to by Rev. Francis Pierz,,,,,,,,,,,,1869.0,StPaul
﻿stp.mn.0217,﻿mission,﻿Mission of Half-Breeds and Chippewas,English,﻿Indian Mission,"﻿at Pembina and St. Joseph, Red River of the North",,,﻿Pembina County,,﻿Walhalla,﻿ND,,48.923328399999995,-97.9181477,,﻿,,,﻿f_richer_001,﻿Rev.,﻿F. Richer,﻿O.M.I.,,,,,,1869.0,StPaul
﻿stp.mn.0217,﻿mission,﻿Mission of Half-Breeds and Chippewas,English,﻿Indian Mission,"﻿at Pembina and St. Joseph, Red River of the North",,,﻿Pembina County,,﻿Walhalla,﻿ND,,48.923328399999995,-97.9181477,,﻿,,,﻿f_ledue_001,﻿Rev.,﻿F. Ledue,﻿O.M.I.,,,,,,1869.0,StPaul
﻿stp.mn.0218,﻿mission,﻿Mission of Fond du Lac,English,﻿Indian Mission,﻿near Superior City,,,﻿Douglas County,,﻿Superior City,﻿WI,,46.71581695,-92.51326606,﻿lac.wi.0004,"﻿Visited by Rev. John Chebul  of Bayfield, Wisconsin",,,,,,,,,,,,1869.0,StPaul
﻿stp.mn.0219,﻿mission,not recorded,English,﻿Indian Mission,﻿north shore of Lake Superior,,,﻿Cook County,﻿Grand Portage,﻿Grand Portage,﻿MN,,47.963776,-89.68481209999999,,﻿Attended by the Jesuit Fathers at Fort William,,,,,,,,,,,,1869.0,StPaul
﻿stp.mn.0220,﻿seminary,not recorded,English,"﻿Preparatory Seminary. The Theological Students of the Diocese are distributed between All-Hallows', Lublin; St. John's College, Minnesota; and St. Vincent's Seminary, Cape Girardeau, Mo.",,,,,﻿St. Paul,﻿St. Paul,﻿MN,,44.953702899999996,-93.0899578,,,,,,,,,,,,,,1869.0,StPaul
﻿stp.mn.0221,﻿abbey,﻿Abbey of St. Louis on the Lake,English,"﻿the Order of St. Benedict. There are also houses attached to the abbey, at St. Paul's, St. Cloud, Shakopee, St. Joseph, and Richmond.","﻿near St. Cloud, Clinton P.O.",,﻿Stearns County,,,,﻿MN,,45.584479200000004,-94.5865603,,,,,﻿rup_seidenbush_001,﻿Rt. Rev.,﻿Rupert Seidenbush,﻿O.S.B.,﻿Abbot and Rector of the College,,,﻿15 scholastics,,1869.0,StPaul
﻿stp.mn.0221,﻿abbey,﻿Abbey of St. Louis on the Lake,English,"﻿the Order of St. Benedict. There are also houses attached to the abbey, at St. Paul's, St. Cloud, Shakopee, St. Joseph, and Richmond.","﻿near St. Cloud, Clinton P.O.",,﻿Stearns County,,,,﻿MN,,45.584479200000004,-94.5865603,,,,,﻿ben_haindl_001,﻿Very Rev.,﻿Benedict Haindl,﻿O.S.B.,"﻿Prior, and Professor of Dogmatic Theology",,,﻿14 lay brothers,,1869.0,StPaul
﻿stp.mn.0221,﻿abbey,﻿Abbey of St. Louis on the Lake,English,"﻿the Order of St. Benedict. There are also houses attached to the abbey, at St. Paul's, St. Cloud, Shakopee, St. Joseph, and Richmond.","﻿near St. Cloud, Clinton P.O.",,﻿Stearns County,,,,﻿MN,,45.584479200000004,-94.5865603,,,,,﻿wol_norttmann_001,﻿Rev.,﻿Wolfgang Norttmann,﻿O.S.B.,"﻿Vice-Rector, and Professor of Church History, Latin, Greek, Mathematics, Book-keeping, and Music",,,﻿12 lay brothers,,1869.0,StPaul
﻿stp.mn.0221,﻿abbey,﻿Abbey of St. Louis on the Lake,English,"﻿the Order of St. Benedict. There are also houses attached to the abbey, at St. Paul's, St. Cloud, Shakopee, St. Joseph, and Richmond.","﻿near St. Cloud, Clinton P.O.",,﻿Stearns County,,,,﻿MN,,45.584479200000004,-94.5865603,,,,,﻿ale_edelbrock_001,﻿Rev.,﻿Alexius Edelbrock,﻿O.S.B.,"﻿Professor of Philosophy, Latin, Greek, History, English, and German",,,﻿12 lay brothers,,1869.0,StPaul
﻿stp.mn.0221,﻿abbey,﻿Abbey of St. Louis on the Lake,English,"﻿the Order of St. Benedict. There are also houses attached to the abbey, at St. Paul's, St. Cloud, Shakopee, St. Joseph, and Richmond.","﻿near St. Cloud, Clinton P.O.",,﻿Stearns County,,,,﻿MN,,45.584479200000004,-94.5865603,,,,,﻿aug_burns_001,﻿Rev.,﻿Augustine Burns,﻿O.S.B.,"﻿Professor of Moral Theology, Christian Doctrine, Rhetoric, English Grammar, and Composition",,,﻿12 lay brothers,,1869.0,StPaul
﻿stp.mn.0221,﻿abbey,﻿Abbey of St. Louis on the Lake,English,"﻿the Order of St. Benedict. There are also houses attached to the abbey, at St. Paul's, St. Cloud, Shakopee, St. Joseph, and Richmond.","﻿near St. Cloud, Clinton P.O.",,﻿Stearns County,,,,﻿MN,,45.584479200000004,-94.5865603,,,,,﻿val_stimmler_001,﻿Rev.,﻿Valentine Stimmler,﻿O.S.B.,"﻿Chief Disciplinarian, and Professor of Christian Doctrine, and Arithmetic",,,﻿12 lay brothers,,1869.0,StPaul
﻿stp.mn.0221,﻿abbey,﻿Abbey of St. Louis on the Lake,English,"﻿the Order of St. Benedict. There are also houses attached to the abbey, at St. Paul's, St. Cloud, Shakopee, St. Joseph, and Richmond.","﻿near St. Cloud, Clinton P.O.",,﻿Stearns County,,,,﻿MN,,45.584479200000004,-94.5865603,,,,,﻿and_schifferer_001,﻿Mr.,﻿Andrew Schifferer,,﻿Professor of Drawing,,,﻿12 lay brothers,,1869.0,StPaul
﻿stp.mn.0221,﻿abbey,﻿Abbey of St. Louis on the Lake,English,"﻿the Order of St. Benedict. There are also houses attached to the abbey, at St. Paul's, St. Cloud, Shakopee, St. Joseph, and Richmond.","﻿near St. Cloud, Clinton P.O.",,﻿Stearns County,,,,﻿MN,,45.584479200000004,-94.5865603,,,,,﻿nic_dreher_001,﻿Mr.,﻿Nicholas Dreher,,﻿Professor of German,,,﻿12 lay brothers,,1869.0,StPaul
﻿stp.mn.0225,"﻿novitiate, academy",not recorded,English,﻿under charge of Sisters of St. Joseph,,,,,﻿St. Paul,,﻿MN,,44.9259532,-93.1624895,,,,,,﻿Sister,﻿Mary Antoinette,,﻿Superior,,,﻿30 sisters,,1869.0,StPaul
﻿stp.mn.0222,﻿convent,﻿St. Mary's Convent,English,,,,,,﻿St. Anthony,﻿St. Anthony,﻿MN,,45.0205565,-93.2179335,,,,,,﻿Sister,﻿Mary Antoinette,,﻿Superior,﻿listed with the Order,,,,1869.0,StPaul
﻿stp.mn.0226,"﻿convent, academy",not recorded,English,﻿under charge of Nuns of St. Benedict,,,﻿Stearns County,,﻿St. Joseph,,﻿MN,,45.564772399999995,-94.317966,,,,,,﻿Sister,﻿Willebalda,,﻿Prioress,,﻿nun,﻿Twelve nuns,,1869.0,StPaul
﻿stp.mn.0227,﻿academy,﻿St. Gertrude's Academy,English,﻿under charge of Nuns of St. Benedict,,,,,﻿Shakopee,,,,44.79739620000001,-93.5272861,,,,,,﻿Sister,﻿Clara,,﻿Prioress,,﻿nun,﻿Six nuns,,1869.0,StPaul
﻿stp.mn.0230,﻿academy,﻿Bethlehem Academy,English,﻿under charge of Sisters of the Third Order of St. Dominic,,,﻿Faribault County,,,,﻿MN,,44.2885979,-93.2723513,,,,,,﻿Sister,﻿Gertrude,,﻿Superior,,,﻿5 sisters,,1869.0,StPaul
﻿stp.mn.0247,﻿academy,not recorded,English,﻿under charge of Sisters of Notre Dame,,,,,﻿Mankato,﻿Mankato,﻿MN,,44.181224799999995,-93.979187,,,,,,﻿Sister,﻿Ambrosia,,﻿Superior,,﻿sister,﻿Five sisters,,1869.0,StPaul
﻿stp.mn.0248,﻿academy,﻿Sisters of the Good Shepherd,English,,,,,,,﻿St. Paul,﻿MN,,44.953702899999996,-93.0899578,,,,,,,,,,,﻿sister,﻿Five sisters,,1869.0,StPaul
﻿stp.mn.0228,﻿college,﻿St. John's College,English,﻿under the direction of the Benedictine Fathers,"﻿in connection with the Abbey of St. Louis on the Lake, Clinton P.O.",,﻿Stearns County,,,,﻿MN,,45.58119003,-94.39425048,,,,,﻿r_seidenbusch_001,﻿Rt. Rev.,﻿R. Seidenbusch,,﻿Superior,,,,,1869.0,StPaul
﻿stp.mn.0229,﻿academy,﻿St. Joseph's Academy,English,﻿Sisters of St. Joseph,,,,,﻿St. Paul,,﻿MN,,44.9469765,-93.09998890000001,,,,,,,,,,,,﻿80 boarders and day-scholars,,1869.0,StPaul
﻿stp.mn.0230,﻿academy,﻿Bethlehem Academy,English,﻿Sisters of St. Dominic,,,﻿Faribault County,,,,﻿MN,,44.2885979,-93.2723513,,,,,,,,,,,,﻿30 boarders and day-scholars,,1869.0,StPaul
﻿stp.mn.0231,﻿academy,﻿St. Benedict's Academy,English,﻿Sisters of St. Benedict,,,﻿Stearns County,,﻿St. Joseph,﻿St. Joseph,﻿MN,,45.563331700000006,-94.3197161,,,,,,,,,,,,,,1869.0,StPaul
﻿stp.mn.0232,﻿academy,﻿Academy at Hokah,English,﻿Sisters of Notre Dame,,,﻿Houston County,,,,﻿MN,,43.7594117,-91.3465262,,,,,,,,,,,,,,1869.0,StPaul
﻿stp.mn.0233,﻿school,﻿St. Paul Cathedral School,English,"﻿under direction of the Sisters of St. Joseph, and secular teachers",,,,,﻿St. Paul,﻿St. Paul,﻿MN,,44.94695,-93.109143,,,,,,,,,,,,﻿655 scholars,,1869.0,StPaul
﻿stp.mn.0234,﻿school,not recorded,English,"﻿German school, under direction of the Sisters of St. Joseph, and secular teachers",,,,,﻿St. Paul,﻿St. Paul,﻿MN,,44.953702899999996,-93.0899578,,,,,,,,,,,,﻿500 scholars,,1869.0,StPaul
﻿stp.mn.0237,﻿school,not recorded,English,﻿School under the direction of the Sisters of St. Joseph,,,,,﻿Minneapolis,﻿Minneapolis,﻿MN,,44.977753,-93.2650108,,,,,,,,,,,,﻿200 scholars,,1869.0,StPaul
﻿stp.mn.0238,﻿school,not recorded,English,﻿School under direction of the Sisters of St. Joseph,,,,,﻿St. Anthony,﻿St. Anthony,﻿MN,,45.0205565,-93.2179335,,,,,,,,,,,,﻿140 scholars,,1869.0,StPaul
﻿stp.mn.0238,﻿school,not recorded,English,﻿German Catholic School,,,,,﻿St. Anthony,﻿St. Anthony,﻿MN,,45.0205565,-93.2179335,,,,,,,,,,,,﻿60 scholars,,1869.0,StPaul
﻿stp.mn.0239,﻿school,not recorded,English,﻿School under direction of the Sisters of St. Benedict,,,,,﻿Shakopee,﻿Shakopee,﻿MN,,44.79739620000001,-93.5272861,,,,,,,,,,,,,,1869.0,StPaul
﻿stp.mn.0240,﻿school,not recorded,English,﻿School under direction of the Sisters of Notre Dame,,,,,﻿Mankato,﻿Mankato,﻿MN,,44.1661456,-94.0055647,,,,,,,,,,,,﻿250 scholars,,1869.0,StPaul
﻿stp.mn.0241,﻿school,not recorded,English,"﻿Parochial Schools, under direction of the Sisters of St. Dominic",,,﻿Faribault County,,,,﻿MN,,43.6448766,-93.9878427,,,,,,,,,,,,﻿225 scholars,,1869.0,StPaul
﻿stp.mn.0242,﻿school,not recorded,English,﻿Catholic Schools,,,,,﻿St. Cloud,﻿St. Cloud,﻿MN,,45.5579451,-94.1632404,,,,,,,,,,,,﻿200 scholars,,1869.0,StPaul
﻿stp.mn.0242,﻿school,not recorded,English,﻿School under charge of secular teachers,,,,,﻿Carver,﻿St. Cloud,﻿MN,,45.5579451,-94.1632404,,,,,,,,,,,,﻿200 scholars,,1869.0,StPaul
﻿stp.mn.0242,﻿school,not recorded,English,﻿There are Catholic schools attached to nearly all the churches and chapels throughout the diocese.,,,,,﻿Carver,﻿St. Cloud,﻿MN,,45.5579451,-94.1632404,,,,,,,,,,,,﻿200 scholars,,1869.0,StPaul
﻿stp.mn.0244,﻿hospital,﻿St. Joseph's Hospital,English,﻿under charge of the Sisters of St. Joseph,,,,,﻿St. Paul,﻿St. Paul,﻿MN,,44.94872410000001,-93.100348,,,,,,﻿Sister,﻿Alphonsus,,﻿Superior,,,,,1869.0,StPaul
﻿stp.mn.0244,﻿hospital,﻿St. Joseph's Hospital,English,﻿under charge of the Sisters of St. Joseph,,,,,﻿St. Paul,﻿St. Paul,﻿MN,,44.94872410000001,-93.100348,,,,,,﻿Sister,﻿Mary Antoinette,,﻿Superior,﻿listed with the Order,,,,1869.0,StPaul
﻿stp.mn.0245,﻿asylum,﻿St. Joseph's Orphan Asylum,English,﻿under charge of the Sisters of St. Joseph,,,,,﻿St. Paul,﻿St. Paul,﻿MN,,44.94872410000001,-93.100348,,,,,,﻿Sister,﻿Mary Antoinette,,﻿Superior,﻿listed with the Order,,﻿72 orphans,,1869.0,StPaul
﻿stp.mn.0245,﻿asylum,﻿House of the Good Shepherd,English,﻿under charge of the Sisters of St. Joseph,,,,,﻿St. Paul,﻿St. Paul,﻿MN,,44.94872410000001,-93.100348,,,,,,,,,,,,﻿72 orphans,,1869.0,StPaul
﻿stp.mn.0246,﻿asylum,﻿Orphan Asylum,English,﻿under charge of Sisters of St. Benedict,,,,,﻿Shakopee,﻿Shakopee,﻿MN,,44.79739620000001,-93.5272861,,,,,,,,,,,,,,1869.0,StPaul
﻿stp.mn.0246,﻿asylum,﻿Orphan Asylum,English,﻿under direction of Rev. Geo. Keller,,,﻿Faribault County,,﻿Shakopee,﻿Shakopee,﻿MN,,44.79739620000001,-93.5272861,,,,,,,,,,,,,,1869.0,StPaul
﻿stp.mn.0246,﻿asylum,﻿Society of St. Vincent,English,﻿two conferences,,,﻿Faribault County,,﻿St. Paul,﻿Shakopee,﻿MN,,44.79739620000001,-93.5272861,,,,,,,,,,,,,,1869.0,StPaul
﻿stp.mn.0246,﻿asylum,﻿Society of St. Vincent,English,﻿one conference,,,﻿Faribault County,,﻿St. Anthony,﻿Shakopee,﻿MN,,44.79739620000001,-93.5272861,,,,,,,,,,,,,,1869.0,StPaul
﻿stp.mn.0246,﻿asylum,﻿St. Joseph's Mutual Benevolent Society,English,"﻿attached to German Church, St. Paul.",,,﻿Faribault County,,﻿St. Anthony,﻿Shakopee,﻿MN,,44.79739620000001,-93.5272861,,,,,,,,,,,,,,1869.0,StPaul
﻿stp.mn.0246,﻿asylum,﻿Young Men's Catholic Literary Association,English,"﻿attached to German Church, St. Paul.",,,﻿Faribault County,,﻿St. Paul,﻿Shakopee,﻿MN,,44.79739620000001,-93.5272861,,,,,,,,,,,,,,1869.0,StPaul
﻿stp.mn.0246,﻿asylum,﻿Young Men's Catholic Literary Association,English,"﻿attached to German Church, St. Paul.",,,﻿Faribault County,,﻿St. Paul,﻿Shakopee,﻿MN,,44.79739620000001,-93.5272861,,,,,,,,,,,,,,1869.0,StPaul
﻿stp.mn.0246,﻿asylum,﻿Young Men's Catholic Literary Association,English,"﻿attached to German Church, St. Paul.",,,﻿Faribault County,,﻿St. Paul,﻿Shakopee,﻿MN,,44.79739620000001,-93.5272861,,,,,,,,,,,,,,1869.0,StPaul
﻿stp.mn.0246,﻿asylum,﻿Young Men's Catholic Literary Association,English,"﻿attached to German Church, St. Paul.",,,﻿Faribault County,,﻿St. Paul,﻿Shakopee,﻿MN,,44.79739620000001,-93.5272861,,,,,,,,,,,,,,1869.0,StPaul
﻿stp.mn.0246,﻿asylum,﻿Young Men's Catholic Literary Association,English,"﻿attached to German Church, St. Paul.",,,﻿Faribault County,,﻿St. Paul,﻿Shakopee,﻿MN,,44.79739620000001,-93.5272861,,,,,,,,,,,,,,1869.0,StPaul
﻿stp.mn.0246,﻿asylum,﻿Young Men's Catholic Literary Association,English,"﻿attached to German Church, St. Paul.",,,﻿Faribault County,,﻿St. Paul,﻿Shakopee,﻿MN,,44.79739620000001,-93.5272861,,,,,,,,,,,,,,1869.0,StPaul
﻿stp.mn.0246,﻿asylum,﻿Young Men's Catholic Literary Association,English,"﻿attached to German Church, St. Paul.",,,﻿Faribault County,,﻿St. Paul,﻿Shakopee,﻿MN,,44.79739620000001,-93.5272861,,,,,,,,,,,,,,1869.0,StPaul
﻿stp.mn.0246,﻿asylum,﻿Young Men's Catholic Literary Association,English,"﻿attached to German Church, St. Paul.",,,﻿Faribault County,,﻿St. Paul,﻿Shakopee,﻿MN,,44.79739620000001,-93.5272861,,,,,,,,,,,,,,1869.0,StPaul
﻿stp.mn.0246,﻿asylum,﻿Young Men's Catholic Literary Association,English,"﻿attached to German Church, St. Paul.",,,﻿Faribault County,,﻿St. Paul,﻿Shakopee,﻿MN,,44.79739620000001,-93.5272861,,,,,,,,,,,,,,1869.0,StPaul
﻿stp.mn.0246,﻿asylum,﻿Young Men's Catholic Literary Association,English,"﻿attached to German Church, St. Paul.",,,﻿Faribault County,,﻿St. Paul,﻿Shakopee,﻿MN,,44.79739620000001,-93.5272861,,,,,,,,,,,,,,1869.0,StPaul
﻿stp.mn.0246,﻿asylum,﻿Young Men's Catholic Literary Association,English,"﻿attached to German Church, St. Paul.",,,﻿Faribault County,,﻿St. Paul,﻿Shakopee,﻿MN,,44.79739620000001,-93.5272861,,,,,,,,,,,,,,1869.0,StPaul
﻿stp.mn.0246,﻿asylum,﻿Young Men's Catholic Literary Association,English,"﻿attached to German Church, St. Paul.",,,﻿Faribault County,,﻿St. Paul,﻿Shakopee,﻿MN,,44.79739620000001,-93.5272861,,,,,,,,,,,,,,1869.0,StPaul
﻿stp.mn.0246,﻿asylum,﻿Young Men's Catholic Literary Association,English,"﻿attached to German Church, St. Paul.",,,﻿Faribault County,,﻿St. Paul,﻿Shakopee,﻿MN,,44.79739620000001,-93.5272861,,,,,,,,,,,,,,1869.0,StPaul
﻿stp.mn.0246,﻿asylum,﻿Young Men's Catholic Literary Association,English,"﻿attached to German Church, St. Paul.",,,﻿Faribault County,,﻿St. Paul,﻿Shakopee,﻿MN,,44.79739620000001,-93.5272861,,,,,,,,,,,,,,1869.0,StPaul
﻿stp.mn.0246,﻿asylum,﻿Young Men's Catholic Literary Association,English,"﻿attached to German Church, St. Paul.",,,﻿Faribault County,,﻿St. Paul,﻿Shakopee,﻿MN,,44.79739620000001,-93.5272861,,,,,,,,,,,,,,1869.0,StPaul
﻿stp.mn.0246,﻿asylum,﻿Young Men's Catholic Literary Association,English,"﻿attached to German Church, St. Paul.",,,﻿Faribault County,,﻿St. Paul,﻿Shakopee,﻿MN,,44.79739620000001,-93.5272861,,,,,,,,,,,,,,1869.0,StPaul
﻿stp.mn.0246,﻿asylum,﻿Young Men's Catholic Literary Association,English,"﻿attached to German Church, St. Paul.",,,﻿Faribault County,,﻿St. Paul,﻿Shakopee,﻿MN,,44.79739620000001,-93.5272861,,,,,,,,,,,,,,1869.0,StPaul
﻿stp.mn.0246,﻿asylum,﻿Young Men's Catholic Literary Association,English,"﻿attached to German Church, St. Paul.",,,﻿Faribault County,,﻿St. Paul,﻿Shakopee,﻿MN,,44.79739620000001,-93.5272861,,,,,,,,,,,,,,1869.0,StPaul
﻿stp.mn.0246,﻿asylum,﻿Young Men's Catholic Literary Association,English,"﻿attached to German Church, St. Paul.",,,﻿Faribault County,,﻿St. Paul,﻿Shakopee,﻿MN,,44.79739620000001,-93.5272861,,,,,,,,,,,,,,1869.0,StPaul
﻿stp.mn.0246,﻿asylum,﻿Young Men's Catholic Literary Association,English,"﻿attached to German Church, St. Paul.",,,﻿Faribault County,,﻿St. Paul,﻿Shakopee,﻿MN,,44.79739620000001,-93.5272861,,,,,,,,,,,,,,1869.0,StPaul
﻿stp.mn.0246,﻿asylum,﻿Young Men's Catholic Literary Association,English,"﻿attached to German Church, St. Paul.",,,﻿Faribault County,,﻿St. Paul,﻿Shakopee,﻿MN,,44.79739620000001,-93.5272861,,,,,,,,,,,,,,1869.0,StPaul
﻿stp.mn.0246,﻿asylum,﻿Young Men's Catholic Literary Association,English,"﻿attached to German Church, St. Paul.",,,﻿Faribault County,,﻿St. Paul,﻿Shakopee,﻿MN,,44.79739620000001,-93.5272861,,,,,,,,,,,,,,1869.0,StPaul
﻿stp.mn.0246,﻿asylum,﻿Young Men's Catholic Literary Association,English,"﻿attached to German Church, St. Paul.",,,﻿Faribault County,,﻿St. Paul,﻿Shakopee,﻿MN,,44.79739620000001,-93.5272861,,,,,,,,,,,,,,1869.0,StPaul
﻿stp.mn.0246,﻿asylum,﻿Young Men's Catholic Literary Association,English,"﻿attached to German Church, St. Paul.",,,﻿Faribault County,,﻿St. Paul,﻿Shakopee,﻿MN,,44.79739620000001,-93.5272861,,,,,,,,,,,,,,1869.0,StPaul
﻿stp.mn.0246,﻿asylum,﻿Young Men's Catholic Literary Association,English,"﻿attached to German Church, St. Paul.",,,﻿Faribault County,,﻿St. Paul,﻿Shakopee,﻿MN,,44.79739620000001,-93.5272861,,,,,,,,,,,,,,1869.0,StPaul
﻿stp.mn.0246,﻿asylum,﻿Young Men's Catholic Literary Association,English,"﻿attached to German Church, St. Paul.",,,﻿Faribault County,,﻿St. Paul,﻿Shakopee,﻿MN,,44.79739620000001,-93.5272861,,,,,,,,,,,,,,1869.0,StPaul
﻿stp.mn.0246,﻿asylum,﻿Young Men's Catholic Literary Association,English,"﻿attached to German Church, St. Paul.",,,﻿Faribault County,,﻿St. Paul,﻿Shakopee,﻿MN,,44.79739620000001,-93.5272861,,,,,,,,,,,,,,1869.0,StPaul
﻿stp.mn.0246,﻿asylum,﻿Young Men's Catholic Literary Association,English,"﻿attached to German Church, St. Paul.",,,﻿Faribault County,,﻿St. Paul,﻿Shakopee,﻿MN,,44.79739620000001,-93.5272861,,,,,,,,,,,,,,1869.0,StPaul
﻿stp.mn.0246,﻿asylum,﻿Young Men's Catholic Literary Association,English,"﻿attached to German Church, St. Paul.",,,﻿Faribault County,,﻿St. Paul,﻿Shakopee,﻿MN,,44.79739620000001,-93.5272861,,,,,,,,,,,,,,1869.0,StPaul
﻿stp.mn.0246,﻿asylum,﻿Young Men's Catholic Literary Association,English,"﻿attached to German Church, St. Paul.",,,﻿Faribault County,,﻿St. Paul,﻿Shakopee,﻿MN,,44.79739620000001,-93.5272861,,,,,,,,,,,,,,1869.0,StPaul
﻿stp.mn.0246,﻿asylum,﻿Young Men's Catholic Literary Association,English,"﻿attached to German Church, St. Paul.",,,﻿Faribault County,,﻿St. Paul,﻿Shakopee,﻿MN,,44.79739620000001,-93.5272861,,,,,,,,,,,,,,1869.0,StPaul
﻿stp.mn.0246,﻿asylum,﻿Young Men's Catholic Literary Association,English,"﻿attached to German Church, St. Paul.",,,﻿Faribault County,,﻿St. Paul,﻿Shakopee,﻿MN,,44.79739620000001,-93.5272861,,,,,,,,,,,,,,1869.0,StPaul
﻿stp.mn.0246,﻿asylum,﻿Young Men's Catholic Literary Association,English,"﻿attached to German Church, St. Paul.",,,﻿Faribault County,,﻿St. Paul,﻿Shakopee,﻿MN,,44.79739620000001,-93.5272861,,,,,,,,,,,,,,1869.0,StPaul
﻿stp.mn.0246,﻿asylum,﻿Young Men's Catholic Literary Association,English,"﻿attached to German Church, St. Paul.",,,﻿Faribault County,,﻿St. Paul,﻿Shakopee,﻿MN,,44.79739620000001,-93.5272861,,,,,,,,,,,,,,1869.0,StPaul
﻿stp.mn.0246,﻿asylum,﻿Young Men's Catholic Literary Association,English,"﻿attached to German Church, St. Paul.",,,﻿Faribault County,,﻿St. Paul,﻿Shakopee,﻿MN,,44.79739620000001,-93.5272861,,,,,,,,,,,,,,1869.0,StPaul
﻿stp.mn.0246,﻿asylum,﻿Young Men's Catholic Literary Association,English,"﻿attached to German Church, St. Paul.",,,﻿Faribault County,,﻿St. Paul,﻿Shakopee,﻿MN,,44.79739620000001,-93.5272861,,,,,,,,,,,,,,1869.0,StPaul
﻿stp.mn.0246,﻿asylum,﻿Young Men's Catholic Literary Association,English,"﻿attached to German Church, St. Paul.",,,﻿Faribault County,,﻿St. Paul,﻿Shakopee,﻿MN,,44.79739620000001,-93.5272861,,,,,,,,,,,,,,1869.0,StPaul
﻿stp.mn.0246,﻿asylum,﻿Young Men's Catholic Literary Association,English,"﻿attached to German Church, St. Paul.",,,﻿Faribault County,,﻿St. Paul,﻿Shakopee,﻿MN,,44.79739620000001,-93.5272861,,,,,,,,,,,,,,1869.0,StPaul
﻿stp.mn.0246,﻿asylum,﻿Young Men's Catholic Literary Association,English,"﻿attached to German Church, St. Paul.",,,﻿Faribault County,,﻿St. Paul,﻿Shakopee,﻿MN,,44.79739620000001,-93.5272861,,,,,,,,,,,,,,1869.0,StPaul
﻿stp.mn.0246,﻿asylum,﻿Young Men's Catholic Literary Association,English,"﻿attached to German Church, St. Paul.",,,﻿Faribault County,,﻿St. Paul,﻿Shakopee,﻿MN,,44.79739620000001,-93.5272861,,,,,,,,,,,,,,1869.0,StPaul
﻿stp.mn.0246,﻿asylum,﻿Young Men's Catholic Literary Association,English,"﻿attached to German Church, St. Paul.",,,﻿Faribault County,,﻿St. Paul,﻿Shakopee,﻿MN,,44.79739620000001,-93.5272861,,,,,,,,,,,,,,1869.0,StPaul
﻿stp.mn.0246,﻿asylum,﻿Young Men's Catholic Literary Association,English,"﻿attached to German Church, St. Paul.",,,﻿Faribault County,,﻿St. Paul,﻿Shakopee,﻿MN,,44.79739620000001,-93.5272861,,,,,,,,,,,,,,1869.0,StPaul
﻿stp.mn.0246,﻿asylum,﻿Young Men's Catholic Literary Association,English,"﻿attached to German Church, St. Paul.",,,﻿Faribault County,,﻿St. Paul,﻿Shakopee,﻿MN,,44.79739620000001,-93.5272861,,,,,,,,,,,,,,1869.0,StPaul
﻿stp.mn.0246,﻿asylum,﻿Young Men's Catholic Literary Association,English,"﻿attached to German Church, St. Paul.",,,﻿Faribault County,,﻿St. Paul,﻿Shakopee,﻿MN,,44.79739620000001,-93.5272861,,,,,,,,,,,,,,1869.0,StPaul
﻿stp.mn.0246,﻿asylum,﻿Young Men's Catholic Literary Association,English,"﻿attached to German Church, St. Paul.",,,﻿Faribault County,,﻿St. Paul,﻿Shakopee,﻿MN,,44.79739620000001,-93.5272861,,,,,,,,,,,,,,1869.0,StPaul
﻿stp.mn.0246,﻿asylum,﻿Young Men's Catholic Literary Association,English,"﻿attached to German Church, St. Paul.",,,﻿Faribault County,,﻿St. Paul,﻿Shakopee,﻿MN,,44.79739620000001,-93.5272861,,,,,,,,,,,,,,1869.0,StPaul
﻿stp.mn.0246,﻿asylum,﻿Young Men's Catholic Literary Association,English,"﻿attached to German Church, St. Paul.",,,﻿Faribault County,,﻿St. Paul,﻿Shakopee,﻿MN,,44.79739620000001,-93.5272861,,,,,,,,,,,,,,1869.0,StPaul
