instID,church_type,instName,language,instNote,placeName,region,county_orig,county_reg,city_orig,city_reg,state_orig,state_reg,latitude,longitude,attendingInstID,attendingChurch,attendingChurchFrequency,attendingChurchNote,persID,persTitle,persName,persSuffix,persRole,persNote,memberType,member,affiliated,year,diocese
﻿stp.mn.0001,﻿cathedral,﻿Cathedral of St. Paul,English,,,,﻿Ramsey County,﻿Ramsey County,﻿St. Paul,﻿St. Paul,﻿MN,,44.94695,-93.109143,,,,,﻿tho_l_grace_001,﻿Right Rev.,﻿Thomas L. Grace,,,,,,,1868.0,StPaul
﻿stp.mn.0001,﻿cathedral,﻿Cathedral of St. Paul,English,,,,﻿,﻿,﻿St. Paul,﻿St. Paul,﻿MN,,44.94695,-93.109143,,,,,﻿a_ravoux_001,﻿Very Rev.,﻿A. Ravoux,,,,,,,1868.0,StPaul
﻿stp.mn.0001,﻿cathedral,﻿Cathedral of St. Paul,English,,,,﻿,﻿,﻿St. Paul,﻿St. Paul,﻿MN,,44.94695,-93.109143,,,,,﻿joh_ireland_001,﻿Rev.,﻿John Ireland,,﻿Pastor of the Parish,,,,,1868.0,StPaul
﻿stp.mn.0001,﻿cathedral,﻿Cathedral of St. Paul,English,,,,﻿,﻿,﻿St. Paul,﻿St. Paul,﻿MN,,44.94695,-93.109143,,,,,﻿pro_maurer_001,﻿Rev.,﻿Prosper Maurer,,,,,,,1868.0,StPaul
﻿stp.mn.0001,﻿cathedral,﻿Cathedral of St. Paul,English,,,,﻿,﻿,﻿St. Paul,﻿St. Paul,﻿MN,,44.94695,-93.109143,,,,,﻿jam_mcgolrick_001,﻿Rev.,﻿James McGolrick,,,,,,,1868.0,StPaul
﻿stp.mn.0002,﻿church,﻿Assumption Church,﻿German,,,,﻿Ramsey County,﻿Ramsey County,﻿St. Paul,﻿St. Paul,﻿MN,,44.947550299999996,-93.09947290000001,,,,,﻿cle_staub_001,﻿Rev.,﻿Clement Staub,﻿O.S.B.,,,,,,1868.0,StPaul
﻿stp.mn.0002,﻿church,﻿Assumption Church,﻿German,,,,﻿,﻿,﻿St. Paul,﻿St. Paul,﻿MN,,44.947550299999996,-93.09947290000001,,,,,﻿oth_wirz_001,﻿Rev.,﻿Othman Wirz,﻿O.S.B.,,,,,,1868.0,StPaul
﻿stp.mn.0003,﻿church,﻿St. Mary's Church,English,,,,﻿Ramsey County,﻿Ramsey County,﻿St. Paul,﻿St. Paul,﻿MN,,44.9523479,-93.0885005,,,,,﻿l_caillet_001,﻿Rev.,﻿L. Caillet,,,,,,,1868.0,StPaul
﻿stp.mn.0006,﻿church,﻿St. Michael's Church,English,,﻿West St. Paul,,﻿Ramsey County,﻿Ramsey County,﻿St. Paul,﻿St. Paul,﻿MN,,44.9160768,-93.1016074,﻿stp.mn.0001,﻿Attended from the Cathedral,,,﻿pro_maurer_001,﻿Rev.,﻿Prosper Maurer,,,,,,,1868.0,StPaul
﻿stp.mn.0007,﻿church,﻿St. John's Church,English,,,,﻿Ramsey County,﻿Ramsey County,﻿New-Canada,﻿Little Canada,﻿MN,,45.0274537,-93.08980179999999,,﻿,,,﻿j_goiffon_001,﻿Rev.,﻿J. Goiffon,,,,,,,1868.0,StPaul
﻿stp.mn.0070,﻿church,﻿Church of St. Anthony of Padua,﻿English,,,,﻿Hennepin County,﻿Hennepin County,﻿St. Anthony,﻿St. Anthony,﻿MN,,45.0205565,-93.2179335,,﻿,,,﻿f_tissot_001,﻿Rev.,﻿F. Tissot,,,,,,,1868.0,StPaul
﻿stp.mn.0071,﻿church,﻿Church of St. Boniface,﻿German,,,,﻿Hennepin County,﻿Hennepin County,﻿St. Anthony,﻿St. Anthony,﻿MN,,44.995143,-93.26249770000001,,﻿,,,,,,,,,,,,1868.0,StPaul
﻿stp.mn.0072,﻿church,not recorded,English,,,,﻿Hennepin County,﻿Hennepin County,﻿Minneapolis,﻿Minneapolis,﻿MN,,44.977753,-93.2650108,,﻿,,,,,,,,,,,,1868.0,StPaul
﻿stp.mn.0073,﻿church,﻿Church of St. John the Baptist,English,,,,﻿Hennepin County,﻿Hennepin County,﻿Dayton,﻿Dayton,﻿MN,,45.24252,-93.5147942,,﻿,,,﻿l_nicolas_002,﻿Rev.,﻿L. Nicolas,,,,,,,1868.0,StPaul
﻿stp.mn.0074,﻿church,﻿Church of St. Walburga,﻿German,,,,﻿Hennepin County,﻿Hennepin County,﻿Corcoran,﻿Corcoran,﻿MN,,45.0952417,-93.54745770000001,﻿stp.mn.0174,"﻿Visited by Rev. J. Koering, of St. Michael's, Wright Co.",,,,,,,,,,,,1868.0,StPaul
﻿stp.mn.0075,﻿church,﻿Church of St. Mary,English,,,,﻿Hennepin County,﻿Hennepin County,﻿Corcoran,﻿Corcoran,﻿MN,,44.98019179999999,-93.4300214,﻿stp.mn.0073,﻿Visited by Rev. L. Nicolas,,,,,,,,,,,,1868.0,StPaul
﻿stp.mn.0076,﻿church,﻿Church of St. Louis,English,,,,﻿Hennepin County,﻿Hennepin County,﻿Osseo,﻿Osseo,﻿MN,,45.1194091,-93.4024532,﻿stp.mn.0073,﻿Visited by Rev. L. Nicolas,,,,,,,,,,,,1868.0,StPaul
﻿stp.mn.0077,﻿church,not recorded,English,,,,﻿Hennepin County,﻿Hennepin County,﻿Crystal Lake,﻿Robbinsdale,﻿MN,,45.032187,-93.3385614,,﻿Visited,,,,,,,,,,,,1868.0,StPaul
﻿stp.mn.0078,﻿church,﻿Church of Holy Name,English,,,,﻿Hennepin County,﻿Hennepin County,﻿Medina,﻿Medina,﻿MN,,44.936845500000004,-93.258395,﻿stp.mn.0001,﻿Visited from St. Paul,,﻿Went with first one,,,,,,,,,,1868.0,StPaul
﻿stp.mn.0079,﻿church,﻿SS. Peter and Paul,English,,,,﻿Hennepin County,﻿Hennepin County,,﻿Loretto,﻿MN,,45.0538266,-93.6334983,﻿stp.mn.0001,﻿Visited from St. Paul,,﻿Went with first one,,,,,,,,,,1868.0,StPaul
﻿stp.mn.0080,﻿church,not recorded,English,,,,﻿Hennepin County,﻿Hennepin County,﻿St. Boniface,﻿St. Bonifacius,﻿MN,,44.9055181,-93.74746359999999,﻿stp.mn.0019,"﻿Visited by Rev. F. Stern, of Waconia",,,,,,,,,,,,1868.0,StPaul
﻿stp.mn.0081,﻿station,not recorded,English,,,,﻿Hennepin County,﻿Hennepin County,﻿Maple Grove,﻿Maple Grove,﻿MN,,45.072464200000006,-93.4557877,﻿stp.mn.0073,﻿Visited by Rev. L. Nicolas,,,,,,,,,,,,1868.0,StPaul
﻿stp.mn.0082,﻿station,not recorded,English,,,,﻿Hennepin County,﻿Hennepin County,﻿Cahiltown,﻿Edina,﻿MN,,44.889686600000005,-93.3499489,﻿stp.mn.0070,﻿Visited by Rev. F. Tissot,,,,,,,,,,,,1868.0,StPaul
﻿stp.mn.0008,﻿church,﻿Church of St. Stephen,English,,,,﻿Anoka County,﻿Anoka County,﻿Anoka,﻿Anoka,﻿MN,,45.199199,-93.38274,﻿stp.mn.0073,"﻿Visited by Rev. L. Nicolas, of Dayton",,,,,,,,,,,,1868.0,StPaul
﻿stp.mn.0009,﻿church,﻿Church of St. Genevieve,English,,,,﻿Anoka County,﻿Anoka County,﻿Centreville,﻿Centerville,﻿MN,,45.1635477,-93.0580282,﻿stp.mn.0007,"﻿Visited by Rev. Joseph Goiffon, of Little Canada",,,,,,,,,,,,1868.0,StPaul
﻿stp.mn.0010,﻿station,not recorded,English,,,,﻿Anoka County,﻿Anoka County,﻿St. Francis,﻿St. Francis,﻿MN,,45.3974847,-93.387922,﻿stp.mn.0073,﻿Visited by Rev. L. Nicolas,,,,,,,,,,,,1868.0,StPaul
﻿stp.mn.0032,﻿church,﻿Church of Guardian Angels,English,,,,﻿Dakota County,﻿Dakota County,﻿Hastings,﻿Hastings,﻿MN,,44.7419815,-92.8505325,,﻿,,,﻿fra_hurth_001,﻿Rev.,﻿Francis Hurth,,,,,,,1868.0,StPaul
﻿stp.mn.0033,﻿church,﻿Church of St. Peter,English,,,,﻿Dakota County,﻿Dakota County,﻿Mendota,﻿Mendota,﻿MN,,44.8857158,-93.1683167,,﻿,,,﻿c_genis_001,﻿Rev.,﻿C. Genis,,,,,,,1868.0,StPaul
﻿stp.mn.0034,﻿church,﻿Church of St. John,English,,,,﻿Dakota County,﻿Dakota County,﻿Burnsville,﻿Burnsville,﻿MN,,44.7677424,-93.27772259999999,,﻿,,,﻿a_oster_001,﻿Rev.,﻿A. Oster,,,,,,,1868.0,StPaul
﻿stp.mn.0035,﻿church,﻿Church of the Blessed Virgin,English,,,,﻿Dakota County,﻿Dakota County,﻿New-Treves,﻿New Trier,﻿MN,,44.601356,-92.934097,,﻿,,,﻿p_bayer_001,﻿Rev.,﻿P. Bayer,,,,,,,1868.0,StPaul
﻿stp.mn.0036,﻿church,﻿Church of St. Patrick,English,,,,﻿Dakota County,﻿Dakota County,﻿Invergrove,﻿Inver Grove Heights,﻿MN,,44.8452429,-93.03382690000001,﻿stp.mn.0033,﻿Visited by Rev. C. Genis,,,,,,,,,,,,1868.0,StPaul
﻿stp.mn.0037,﻿church,not recorded,English,,,,﻿Dakota County,﻿Dakota County,﻿Bellwood,﻿Marshan Township,﻿MN,,44.6832366,-92.8776638,﻿stp.mn.0032,﻿Visited by Rev. F. Hurth,,,,,,,,,,,,1868.0,StPaul
﻿stp.mn.0038,﻿church,not recorded,English,,,,﻿Dakota County,﻿Dakota County,﻿Lakeville,﻿Lakeville,﻿MN,,44.6496868,-93.24271999999999,﻿stp.mn.0034,﻿Visited by Rev. A. Oster,,,,,,,,,,,,1868.0,StPaul
﻿stp.mn.0039,﻿station,not recorded,English,,,,﻿Dakota County,﻿Dakota County,﻿Lewiston,﻿Sciota Township,﻿MN,,44.4997016,-93.0676373,﻿stp.mn.0035,﻿Visited by Rev. P. Bayer,,,,,,,,,,,,1868.0,StPaul
﻿stp.mn.0040,﻿station,not recorded,English,,,,﻿Dakota County,﻿Dakota County,﻿Farmington,﻿Farmington,﻿MN,,44.6402434,-93.1435497,﻿stp.mn.0032,﻿Visited by Rev. F. Hurth,,,,,,,,,,,,1868.0,StPaul
﻿stp.mn.0203,﻿church,﻿Church of St. Michael,English,,,,﻿Washington County,﻿Washington County,﻿Stillwater,﻿Stillwater,﻿MN,,45.0511579,-92.8063007,,﻿,,,﻿tho_murray_001,﻿Rev.,﻿Thomas Murray,,,,,,,1868.0,StPaul
﻿stp.mn.0204,﻿church,﻿St. Mary,﻿German,,,,﻿Washington County,﻿Washington County,﻿Stillwater,﻿Stillwater,﻿MN,,45.05208029999999,-92.80972679999999,,﻿,,,,﻿Rev.,﻿——,,,,,,,1868.0,StPaul
﻿stp.mn.0205,﻿station,not recorded,English,,,,﻿Washington County,﻿Washington County,﻿Oakdale,﻿Oakdale,﻿MN,,44.963021600000005,-92.96493609999999,﻿stp.mn.0204,﻿Visited by Rev.  - -,,,,,,,,,,,,1868.0,StPaul
﻿stp.mn.0206,﻿station,not recorded,English,,,,﻿Washington County,﻿Washington County,﻿Malone,﻿Cottage Grove,﻿MN,,44.8277446,-92.9438218,﻿stp.mn.0203,﻿Visited by Rev. Thos. Murray,,,,,,,,,,,,1868.0,StPaul
﻿stp.mn.0112,﻿station,not recorded,English,,"﻿Chisago, Isanti, Pine, and Kennebec",,,﻿Mille Lacs and Sherburne Counties,﻿Princeton,﻿Princeton,﻿MN,,45.569965,-93.58162779999999,﻿stp.mn.0073,"﻿Visited by Rev. L. Nicolas, of Dayton",,,,,,,,,,,,1868.0,StPaul
﻿stp.mn.0027,﻿station,not recorded,English,,"﻿Chisago, Isanti, Pine, and Kennebec",,﻿Chisago County,﻿Chisago County,﻿Taylor's Falls,﻿Taylors Falls,﻿MN,,45.401906200000006,-92.6524292,﻿stp.mn.0203,﻿Visited by Rev. Thos. Murray,,,,,,,,,,,,1868.0,StPaul
﻿stp.mn.0028,﻿station,not recorded,English,,"﻿Chisago, Isanti, Pine, and Kennebec",,﻿Chisago County,﻿Chisago County,﻿Sunrise,﻿Sunrise,﻿MN,,45.5469049,-92.8549364,﻿stp.mn.0203,﻿Visited by Rev. Thos. Murray,,,,,,,,,,,,1868.0,StPaul
﻿stp.mn.0030,﻿station,not recorded,English,,"﻿Chisago, Isanti, Pine, and Kennebec",,﻿Chisago County,﻿Chisago County,﻿Rusheba,﻿Rushseba,﻿MN,,45.6961645,-92.9112093,﻿stp.mn.0203,﻿Visited by Rev. Thos. Murray,,,,,,,,,,,,1868.0,StPaul
﻿stp.mn.0149,﻿church,﻿Church of St. Mark,﻿German,,,,﻿Scott County,﻿Scott County,﻿Shakopee,﻿Shakopee,﻿MN,,44.7952994,-93.5290651,,﻿,,,﻿geo_sherer_001,﻿Rev.,﻿George Sherer,﻿O.S.B.,,,,,,1868.0,StPaul
﻿stp.mn.0150,﻿church,﻿St. Mary,English,,,,﻿Scott County,﻿Scott County,﻿Shakopee,﻿Shakopee,﻿MN,,44.7944074,-93.5230096,﻿stp.mn.0034,"﻿Visited by Rev. A. Oster, of Burnsville",,,,,,,,,,,,1868.0,StPaul
﻿stp.mn.0151,﻿church,﻿Church of St. Martin,English,,,,﻿Scott County,﻿Scott County,﻿Belle Plaine,﻿Belle Plaine,﻿MN,,44.6230409,-93.7684042,,﻿,,,﻿ale_berghold_001,﻿Rev.,﻿Alex. Berghold,,,,,,,1868.0,StPaul
﻿stp.mn.0153,﻿church,﻿Church of St. Wenceslaus,English,,,,﻿Scott County,﻿Scott County,﻿New-Prague,﻿New Prague,﻿MN,,44.5440304,-93.5742355,,﻿,,,﻿a_plut_001,﻿Rev.,﻿A. Plut,,,,,,,1868.0,StPaul
﻿stp.mn.0156,﻿church,﻿Church of Purification of B.V.M.,English,,,,﻿Scott County,﻿Scott County,﻿Marystown,﻿Marystown,﻿MN,,44.720796299999996,-93.5413429,﻿stp.mn.0149,﻿Visited by Rev. George Sherer,,,,,,,,,,,,1868.0,StPaul
﻿stp.mn.0154,﻿church,﻿Church of St. Patrick,English,,,,﻿Scott County,﻿Scott County,﻿Cedar Lake,﻿Cedar Lake Township,﻿MN,,44.5909516,-93.49263540000001,﻿stp.mn.0153,﻿Visited by Rev. A. Plut,,,,,,,,,,,,1868.0,StPaul
﻿stp.mn.0155,﻿church,not recorded,English,,,,﻿Scott County,﻿Scott County,﻿Jordan,﻿Jordan,﻿MN,,44.671194899999996,-93.6294286,﻿stp.mn.0151,﻿Visited by Rev. A. Berghold,,,,,,,,,,,,1868.0,StPaul
﻿stp.mn.0157,﻿church,not recorded,English,,,,﻿Scott County,﻿Scott County,﻿Clary Settlement,﻿Shakopee,﻿MN,,44.79739620000001,-93.5272861,﻿stp.mn.0034,﻿Visited by Rev. A. Oster,,,,,,,,,,,,1868.0,StPaul
﻿stp.mn.0158,﻿church,﻿Church of St. Nicholas,English,,,,﻿Scott County,﻿Scott County,﻿Newmarket,﻿Elko New Market,﻿MN,,44.572523,-93.3504756,﻿stp.mn.0035,﻿Visited by Rev. P. Bayer,,,,,,,,,,,,1868.0,StPaul
﻿stp.mn.0160,﻿church,﻿Church of St. Catharine,English,,,,﻿Scott County,﻿Scott County,﻿Spring Lake,﻿Spring Lake Township,﻿MN,,44.6665071,-93.48013490000001,﻿stp.mn.0153,﻿Visited by Rev. A. Plut,,,,,,,,,,,,1868.0,StPaul
﻿stp.mn.0161,﻿church,not recorded,English,,,,﻿Scott County,﻿Scott County,﻿St. Benedict,﻿Helena Township,﻿MN,,44.5876343,-93.60152070000001,﻿stp.mn.0153,﻿Visited by Rev. A. Plut,,,,,,,,,,,,1868.0,StPaul
﻿stp.mn.0162,﻿church,not recorded,English,,,,﻿Scott County,﻿Scott County,﻿St. Joseph,﻿Sand Creek Township,﻿MN,,44.6640189,-93.561026,﻿stp.mn.0151,﻿Visited by Rev. A. Berghold,,,,,,,,,,,,1868.0,StPaul
﻿stp.mn.0163,﻿church,not recorded,English,,,,﻿Scott County,﻿Scott County,﻿St. Scholastica,,﻿MN,,44.683407200000005,-93.5407909,﻿stp.mn.0151,﻿Visited by Rev. A. Berghold,,,,,,,,,,,,1868.0,StPaul
﻿stp.mn.0092,﻿church,not recorded,English,,,,﻿Le Sueur County,﻿Le Sueur County,﻿Le Sueur,﻿Le Sueur,﻿MN,,44.4598517,-93.91136340000001,﻿stp.mn.0164,"﻿Visited by Rev. T. Venn, of Henderson",,,,,,,,,,,,1868.0,StPaul
﻿stp.mn.0093,﻿church,﻿Church of the Nativity,English,,,,﻿Le Sueur County,﻿Le Sueur County,﻿Cleveland,﻿Cleveland,﻿MN,,44.3229664,-93.8430277,﻿stp.mn.0094,"﻿Visited by Rev. P. Nealy, of Marysburgh",,,,,,,,,,,,1868.0,StPaul
﻿stp.mn.0094,﻿church,﻿Church of St. Patrick,English,,,,﻿Le Sueur County,﻿Le Sueur County,﻿Marysburgh,﻿Marysburg,﻿MN,,44.240245,-93.8168974,,,,,﻿p_nealy_001,﻿Rev.,﻿P. Nealy,,,,,,,1868.0,StPaul
﻿stp.mn.0095,﻿church,not recorded,English,,,,﻿Le Sueur County,﻿Le Sueur County,﻿St. Henry,﻿Sharon Township,﻿MN,,44.4291107,-93.8451731,﻿stp.mn.0094,﻿Visited by Rev. P. Nealy,,,,,,,,,,,,1868.0,StPaul
﻿stp.mn.0095,﻿church,not recorded,English,,,,﻿Le Sueur County,﻿Le Sueur County,﻿St. John,﻿Sharon Township,﻿MN,,44.4162493,-93.6623239,﻿stp.mn.0017,﻿Visited by Rev. A. Berghold,,,,,,,,,,,,1868.0,StPaul
﻿stp.mn.0096,﻿church,not recorded,English,,,,﻿Le Sueur County,﻿Le Sueur County,﻿St. Thomas,﻿Derrynane Township,﻿MN,,44.5085024,-93.7232005,﻿stp.mn.0151,﻿Visited by Rev. A. Berghold,,,,,,,,,,,,1868.0,StPaul
﻿stp.mn.0097,﻿station,not recorded,English,,,,﻿Le Sueur County,﻿Le Sueur County,﻿Kilkenny,﻿Kilkenny,﻿MN,,44.3132973,-93.5741156,﻿stp.mn.0130,"﻿Visited by Rev. A. Seel, of Shieldsville, Rice Co.",,,,,,,,,,,,1868.0,StPaul
﻿stp.mn.0098,﻿station,not recorded,English,,,,﻿Le Sueur County,﻿Le Sueur County,﻿Lexington,﻿Lexington Township,﻿MN,,44.4331437,-93.7232005,﻿stp.mn.0153,﻿Visited by Rev. A. Plut,,,,,,,,,,,,1868.0,StPaul
﻿stp.mn.0099,﻿station,not recorded,English,,,,﻿Le Sueur County,﻿Le Sueur County,﻿Montgomery,﻿Montgomery,﻿MN,,44.4383146,-93.58132009999999,﻿stp.mn.0130,﻿Visited by Rev. A. Seel,,,,,,,,,,,,1868.0,StPaul
﻿stp.mn.0100,﻿station,not recorded,English,,,,﻿Le Sueur County,﻿Le Sueur County,﻿Waterville,﻿Waterville,﻿MN,,44.217782299999996,-93.56626700000001,﻿stp.mn.0129,"﻿Visited by Rev. Geo. Keller, of Faribault",,,,,,,,,,,,1868.0,StPaul
﻿stp.mn.0019,﻿church,﻿Church of St. Joseph,English,,,,﻿Carver County,﻿Carver County,﻿Waconia,﻿Waconia,﻿MN,,44.8494557,-93.7858807,,﻿,,,﻿f_stern_001,﻿Rev.,﻿F. Stern,,,,,,,1868.0,StPaul
﻿stp.mn.0020,﻿church,﻿Church of Guardian Angels,English,,,,﻿Carver County,﻿Carver County,﻿Chaska,﻿Chaska,﻿MN,,44.7851596,-93.602783,,﻿,,,﻿m_mayer_001,﻿Rev.,﻿M. Mayer,,,,,,,1868.0,StPaul
﻿stp.mn.0022,﻿church,﻿Church of St. Bernard,English,,,,﻿Carver County,﻿Carver County,﻿Benton,﻿Benton Township,﻿MN,,44.7672739,-93.8451731,﻿stp.mn.0019,﻿Visited by Rev. F. Stern,,,,,,,,,,,,1868.0,StPaul
﻿stp.mn.0021,﻿church,﻿Church of Immaculate Conception,English,,,,﻿Carver County,﻿Carver County,﻿Watertown,﻿Watertown,﻿MN,,44.964928799999996,-93.84917940000001,﻿stp.mn.0019,﻿Visited by Rev. F. Stern,,,,,,,,,,,,1868.0,StPaul
﻿stp.mn.0023,﻿church,﻿Church of St. Hubert,English,,,,﻿Carver County,﻿Carver County,﻿Chanhassen,﻿Chanhassan,﻿MN,,44.855361200000004,-93.532154,﻿stp.mn.0020,﻿Visited by Rev. M. Mayer,,,,,,,,,,,,1868.0,StPaul
﻿stp.mn.0024,﻿church,﻿Church of St. Victoria,English,,,,﻿Carver County,﻿Carver County,﻿Laketown,﻿Laketown Township,﻿MN,,44.8546576,-93.661907,﻿stp.mn.0020,﻿Visited by Rev. M. Mayer,,,,,,,,,,,,1868.0,StPaul
﻿stp.mn.0025,﻿station,﻿Young America,English,,,,﻿Carver County,﻿Carver County,,﻿Norwood Young American,﻿MN,,44.7809286,-93.9129135,﻿stp.mn.0019,﻿Visited by Rev. F. Stern,,,,,,,,,,,,1868.0,StPaul
﻿stp.mn.0026,﻿station,not recorded,English,,,,﻿Carver County,﻿Carver County,﻿San Francisco,﻿San Fransciso Township,﻿MN,,44.696371299999996,-93.7232005,﻿stp.mn.0020,﻿Visited by Rev. M. Mayer,,,,,,,,,,,,1868.0,StPaul
﻿stp.mn.0108,﻿church,﻿Church of St. Peter and Paul,English,,,,﻿McLeod County,﻿McLeod County,﻿Glencoe,﻿Glencoe,﻿MN,,44.769043700000005,-94.1517524,﻿stp.mn.0019,﻿Visited by Rev. F. Stern,,,,,,,,,,,,1868.0,StPaul
﻿stp.mn.0109,﻿station,not recorded,English,,,,﻿McLeod County,﻿McLeod County,﻿Winsted,﻿Winsted,﻿MN,,44.963851700000006,-94.0474725,﻿stp.mn.0019,﻿Visited by Rev. F. Stern,,,,,,,,,,,,1868.0,StPaul
﻿stp.mn.0110,﻿station,not recorded,English,,,,﻿McLeod County,﻿McLeod County,﻿Hutchinson,﻿Hutchinson,﻿MN,,44.892548299999994,-94.3692926,﻿stp.mn.0019,﻿Visited by Rev. F. Stern,,,,,,,,,,,,1868.0,StPaul
﻿stp.mn.0111,﻿station,not recorded,English,,,,﻿McLeod County,﻿McLeod County,﻿Fremont,﻿Silver Lake,﻿MN,,44.903295899999996,-94.1955334,﻿stp.mn.0019,﻿Visited by Rev. F. Stern,,,,,,,,,,,,1868.0,StPaul
﻿stp.mn.0164,﻿church,﻿Church of St. Thomas,English,,,,﻿Sibley County,﻿Sibley County,﻿Jessenland,﻿Jessenland Township,﻿MN,,44.5989308,-93.90023570000001,,﻿,,,﻿the_venn_001,﻿Rev.,﻿Theodore Venn,,,,,,,1868.0,StPaul
﻿stp.mn.0166,﻿church,﻿Church of St. Joseph,English,,,,﻿Sibley County,﻿Sibley County,﻿Henderson,﻿Henderson,﻿MN,,44.5259874,-93.9081594,﻿stp.mn.0164,﻿Vistied by Rev. Theodore Venn,,,,,,,,,,,,1868.0,StPaul
﻿stp.mn.0168,﻿church,not recorded,English,,,,﻿Sibley County,﻿Sibley County,﻿Green Isle,﻿Green Isle,﻿MN,,44.6791292,-94.00830400000001,﻿stp.mn.0164,﻿Vistied by Rev. Theodore Venn,,,,,,,,,,,,1868.0,StPaul
﻿stp.mn.0165,﻿church,﻿Church of the Assumption,English,,,,﻿Sibley County,﻿Sibley County,﻿Washington Lake,﻿Washingon Lake Township,﻿MN,,44.6701162,-93.9470396,﻿stp.mn.0164,﻿Vistied by Rev. Theodore Venn,,,,,,,,,,,,1868.0,StPaul
﻿stp.mn.0167,﻿church,not recorded,English,,,,﻿Sibley County,﻿Sibley County,﻿St. John's,﻿Belle Plaine,﻿MN,,44.6230409,-93.7684042,﻿stp.mn.0164,﻿Vistied by Rev. Theodore Venn,,,,,,,,,,,,1868.0,StPaul
﻿stp.mn.0169,﻿church,not recorded,English,,,,﻿Sibley County,﻿Sibley County,﻿Arlington,﻿Arlington,﻿MN,,44.6082966,-94.0805278,﻿stp.mn.0164,﻿Visited by Rev. T. Venn,,,,,,,,,,,,1868.0,StPaul
﻿stp.mn.0116,﻿church,﻿Church of St. Peter,English,,,,﻿Nicolet County,﻿Nicollet County,﻿St. Peter,﻿St. Peter,﻿MN,,44.3320536,-93.9766113,,﻿,,,﻿j_zuzek_001,﻿Rev.,﻿J. Zuzek,,,,,,,1868.0,StPaul
﻿stp.mn.0117,﻿church,﻿Church of Visitation,English,,,,﻿Nicolet County,﻿Nicollet County,﻿Granby,﻿Granby Township,﻿MN,,44.3406869,-94.2128337,﻿stp.mn.0116,﻿Visited by Rev. J. Zuzek,,,,,,,,,,,,1868.0,StPaul
﻿stp.mn.0118,﻿church,﻿Church of St. Michael,English,,,,﻿Nicolet County,﻿Nicollet County,﻿Belgrade,﻿Belgrade Township,﻿MN,,44.2317005,-94.08999109999999,﻿stp.mn.0116,﻿Visited by Rev. J. Zuzek,,,,,,,,,,,,1868.0,StPaul
﻿stp.mn.0119,﻿church,﻿Church of St. George,English,,,,﻿Nicolet County,﻿Nicollet County,﻿West-Newton,,﻿MN,,44.4035764,-94.5418141,﻿stp.mn.0014,﻿Visited by Rev. V. Sommereisen,,,,,,,,,,,,1868.0,StPaul
﻿stp.mn.0137,﻿station,not recorded,English,,,,﻿Renville County,﻿Nicollet County,﻿Fort Ridgly,﻿Fort Ridgely,﻿MN,,44.453365600000005,-94.7347949,﻿stp.mn.0012,﻿Visited by Rev. V. Sommereisen,,,,,,,,,,,,1868.0,StPaul
﻿stp.mn.0012,﻿church,﻿Church of St. Philip,English,,,,﻿Blue Earth County,﻿Blue Earth County,﻿Mankato,﻿Mankato,﻿MN,,44.1661456,-94.0055647,,﻿,,,﻿v_sommereisen_001,﻿Rev.,﻿V. Sommereisen,,,,,,,1868.0,StPaul
﻿stp.mn.0048,﻿church,﻿Church of St. John Baptist,English,,,,﻿Blue Earth County,﻿Faribault County,﻿Minnesota Lake,﻿Minnesota Lake,﻿MN,,43.8419036,-93.83189490000001,﻿stp.mn.0012,﻿Visited by Rev. V. Sommereisen,,,,,,,,,,,,1868.0,StPaul
﻿stp.mn.0013,﻿station,not recorded,English,,﻿Agency,,﻿Blue Earth County,﻿Faribault County,﻿Winnebago,﻿Winnebago,﻿MN,,43.767733,-94.16579490000001,﻿stp.mn.0012,﻿Visited by Rev. V. Sommereisen,,,,,,,,,,,,1868.0,StPaul
﻿stp.mn.0014,﻿station,not recorded,English,,,,﻿Blue Earth County,﻿Blue Earth County,﻿Watowan,﻿St. James,﻿MN,,43.9505132,-93.9878427,﻿stp.mn.0012,﻿Visited by Rev. V. Sommereisen,,,,,,,,,,,,1868.0,StPaul
﻿stp.mn.0017,﻿church,﻿Church of the Holy Trinity,English,,,,﻿Brown County,﻿Brown County,﻿New-Ulm,﻿New Ulm,﻿MN,,44.3144394,-94.45930179999999,﻿stp.mn.0012,﻿Visited by Rev. V. Sommereisen,,,,,,,,,,,,1868.0,StPaul
﻿stp.mn.0018,﻿church,﻿Church of St. Lambert,English,,,,﻿Brown County,﻿Brown County,﻿Cottonwood,﻿Cottonwood Township,﻿MN,,44.2194977,-94.41820890000001,﻿stp.mn.0012,﻿Visited by Rev. V. Sommereisen,,,,,,,,,,,,1868.0,StPaul
﻿stp.mn.0046,﻿church,﻿Church of Our Lady of Mount Carmel,English,,,,﻿Faribault County,﻿Faribault County,﻿Wisner's Grove,﻿Barber Township,﻿MN,,43.719004999999996,-93.9238233,﻿stp.mn.0012,﻿Visited by Rev. V. Sommereisen,,,,,,,,,,,,1868.0,StPaul
﻿stp.mn.0047,﻿church,﻿Church of SS. Peter and Paul,English,,,,﻿Faribault County,﻿Faribault County,﻿Blue Earth City,﻿Blue Earth,﻿MN,,43.6367098,-94.10721590000001,﻿stp.mn.0012,﻿Visited by Rev. V. Sommereisen,,,,,,,,,,,,1868.0,StPaul
﻿stp.mn.0101,﻿station,not recorded,English,﻿New county,﻿Scattering stations,,﻿Martin County,﻿Martin County,,,﻿MN,,43.6266807,-94.47997600000001,﻿stp.mn.0012,﻿Visited by Rev. V. Sommereisen,,,,,,,,,,,,1868.0,StPaul
﻿stp.mn.0129,﻿church,﻿Church of the Immaculate Conception,English,,,,﻿Rice County,﻿Rice County,﻿Faribault,﻿Faribault,﻿MN,,44.2949636,-93.268827,,﻿,,,﻿geo_keller_001,﻿Rev.,﻿Geo. Keller,,,,,,,1868.0,StPaul
﻿stp.mn.0131,﻿church,﻿Church of the Annunciation,English,,,,﻿Rice County,﻿Rice County,﻿Webster,﻿Webster,﻿MN,,44.5155131,-93.28711159999999,﻿stp.mn.0035,﻿Visited by Rev. P. Bayer,,,,,,,,,,,,1868.0,StPaul
﻿stp.mn.0130,﻿church,﻿Church of St. Patrick,English,,,,﻿Rice County,﻿Rice County,﻿Shieldsville,﻿Shieldsville,﻿MN,,44.3643677,-93.41368670000001,,﻿,,,﻿a_seel_001,﻿Rev.,﻿A. Seel,,,,,,,1868.0,StPaul
﻿stp.mn.0132,﻿church,﻿Church of St. Louis,English,,,,﻿Rice County,﻿Rice County,﻿Wheatland,﻿Wheatland,﻿MN,,44.46468529999999,-93.48356059999999,﻿stp.mn.0130,﻿Visited by Rev. A. Seel,,,,,,,,,,,,1868.0,StPaul
﻿stp.mn.0133,﻿station,not recorded,English,,,,﻿Rice County,﻿Rice County,﻿East-Prairie,,﻿MN,,44.2749995,-93.3388917,﻿stp.mn.0129,﻿Visited by Rev. Geo. Keller,,,,,,,,,,,,1868.0,StPaul
﻿stp.mn.0134,﻿church,not recorded,English,,,,﻿Rice County,﻿Rice County,﻿Erin,﻿Erin Township,﻿MN,,44.4030672,-93.48013490000001,﻿stp.mn.0130,﻿Visited by Rev. A. Seel,,,,,,,,,,,,1868.0,StPaul
﻿stp.mn.0135,﻿church,not recorded,English,,,,﻿Rice County,﻿Rice County,﻿Northfield,﻿Northfield,﻿MN,,44.458298299999996,-93.161604,﻿stp.mn.0129,﻿Visited by Rev. Geo. Keller,,,,,,,,,,,,1868.0,StPaul
﻿stp.mn.0182,﻿church,﻿Church of the Nativity,English,,,,﻿Waseca County,﻿Waseca County,﻿St. Mary's,﻿St. Mary's,﻿MN,,44.028298299999996,-93.601889,,,,,﻿joh_mcdermott_002,﻿Rev.,﻿John McDermott,,,,,,,1868.0,StPaul
﻿stp.mn.0183,﻿station,not recorded,English,,,,﻿Waseca County,﻿Waseca County,﻿Bloomington,﻿Blooming Grove Township maybe?,﻿MN,,44.1381509,-93.48013490000001,﻿stp.mn.0182,﻿Visited by Rev. J. McDermott,,,,,,,,,,,,1868.0,StPaul
﻿stp.mn.0184,﻿station,not recorded,English,,,,﻿Waseca County,﻿Waseca County,﻿Okoman,﻿Janesville Township,﻿MN,,44.1684398,-93.7232005,﻿stp.mn.0182,﻿Visited by Rev. J. McDermott,,,,,,,,,,,,1868.0,StPaul
﻿stp.mn.0185,﻿station,not recorded,English,,,,﻿Waseca County,﻿Waseca County,﻿Janesville,﻿Janesville Township,﻿MN,,44.1684398,-93.7232005,﻿stp.mn.0182,﻿Visited by Rev. J. McDermott,,,,,,,,,,,,1868.0,StPaul
﻿stp.mn.0147,﻿station,not recorded,English,,,,﻿Steele County,﻿Steele County,﻿Owatonna,﻿Owatonna,﻿MN,,44.087929700000004,-93.2260184,﻿stp.mn.0129,﻿Visited by Rev. Geo. Keller,,,,,,,,,,,,1868.0,StPaul
﻿stp.mn.0148,﻿station,not recorded,English,,,,﻿Steele County,﻿Steele County,﻿Juno or Mulloy Settlement,﻿Blooming Prairie,﻿MN,,43.8666294,-93.04880909999999,﻿stp.mn.0129,﻿Visited by Rev. Geo. Keller,,,,,,,,,,,,1868.0,StPaul
﻿stp.mn.0041,﻿church,not recorded,English,﻿church in course of erection,,,﻿Dodge County,﻿Dodge County,﻿Mantorville,﻿Mantorville,﻿MN,,44.0691307,-92.75574559999998,﻿stp.mn.0120,﻿Visited by Rev. Thomas O'Gorman,,,,,,,,,,,,1868.0,StPaul
﻿stp.mn.0042,﻿station,not recorded,English,,,,﻿Dodge County,﻿Dodge County,﻿Rice Lake,,﻿MN,,44.0928518,-93.0637684,﻿stp.mn.0129,﻿Visited by Rev. Geo. Keller,,,,,,,,,,,,1868.0,StPaul
﻿stp.mn.0102,﻿church,﻿Church of St. Augustin,English,,,,﻿Mower County,﻿Mower County,﻿Austin,﻿Austin,﻿MN,,43.6700386,-92.9807589,﻿stp.mn.0182,﻿Visited by Rev. J. McDermott,,,,,,,,,,,,1868.0,StPaul
﻿stp.mn.0103,﻿station,not recorded,English,,,,﻿Mower County,﻿Mower County,﻿Adamstown,﻿Adams,﻿MN,,43.5652435,-92.7193503,﻿stp.mn.0182,﻿Visited by Rev. John McDermott,,,,,,,,,,,,1868.0,StPaul
﻿stp.mn.0057,﻿church,not recorded,English,,,,﻿Freeborn County,﻿Freeborn County,﻿Albert Lee,﻿Albert Lea,﻿MN,,43.6478006,-93.3686555,﻿stp.mn.0182,﻿Visited by Rev. John McDermott,,,,,,,,,,,,1868.0,StPaul
﻿stp.mn.0059,﻿station,not recorded,English,,,,﻿Freeborn County,﻿Steele County,﻿Beaver Lake,﻿Berlin Township,﻿MN,,43.8753769,-93.3590446,﻿stp.mn.0182,﻿Visited by Rev. John McDermott,,,,,,,,,,,,1868.0,StPaul
﻿stp.mn.0058,﻿church,not recorded,English,,,,﻿Freeborn County,﻿Freeborn County,﻿Geneva,﻿Geneva,﻿MN,,43.823293299999996,-93.267708,﻿stp.mn.0182,﻿Visited by Rev. John McDermott,,,,,,,,,,,,1868.0,StPaul
﻿stp.mn.0060,﻿station,not recorded,English,,,,﻿Freeborn County,﻿Freeborn County,﻿Kannavan Settlement,﻿Easton,﻿MN,,43.6656285,-93.3388917,﻿stp.mn.0182,﻿Visited by Rev. John McDermott,,,,,,,,,,,,1868.0,StPaul
﻿stp.mn.0061,﻿station,not recorded,English,,,,﻿Freeborn County,﻿Freeborn County,﻿Twin Lakes,﻿Twin Lakes,﻿MN,,43.559677799999996,-93.4229885,﻿stp.mn.0182,﻿Visited by Rev. John McDermott,,,,,,,,,,,,1868.0,StPaul
﻿stp.mn.0062,﻿church,﻿Church of St. Joseph,English,,,,﻿Goodhue County,﻿Goodhue County,﻿Redwing,﻿Red Wing,﻿MN,,44.5616022,-92.53034129999999,,﻿,,,﻿j_knauff_001,﻿Rev.,﻿J. Knauff,,,,,,,1868.0,StPaul
﻿stp.mn.0063,﻿church,﻿Church of St. Columbkill,English,,,,﻿Goodhue County,﻿Goodhue County,﻿Belle Creek,﻿Belle Creek Township,﻿MN,,44.420421000000005,-92.7021536,﻿stp.mn.0062,﻿Visited by Rev. J. Knauff,,,,,,,,,,,,1868.0,StPaul
﻿stp.mn.0064,﻿church,﻿Church of Blessed Virgin,English,,,,﻿Goodhue County,﻿Goodhue County,﻿Belvidere,﻿Belvidere Township,﻿MN,,44.4290912,-92.4801989,﻿stp.mn.0062,﻿Visited by Rev. J. S. Knauff,,,,,,,,,,,,1868.0,StPaul
﻿stp.mn.0065,﻿station,not recorded,English,,,,﻿Goodhue County,﻿Goodhue County,﻿Chered Grove,﻿Cherry Grove Township,﻿MN,,44.231711600000004,-92.8377656,﻿stp.mn.0062,﻿Visited by Rev. J. Knauff,,,,,,,,,,,,1868.0,StPaul
﻿stp.mn.0066,﻿station,not recorded,English,,,,﻿Goodhue County,﻿Goodhue County,﻿Frontenac,﻿Frontenac,﻿MN,,44.51099129999999,-92.3568219,﻿stp.mn.0062,﻿Visited by Rev. J. Knauff,,,,,,,,,,,,1868.0,StPaul
﻿stp.mn.0067,﻿station,not recorded,English,,,,﻿Goodhue County,﻿Wabasha County,﻿Mazeppa,﻿Mazeppa,﻿MN,,44.274164899999995,-92.5420799,﻿stp.mn.0062,﻿Visited by Rev. J. Knauff,,,,,,,,,,,,1868.0,StPaul
﻿stp.mn.0068,﻿station,not recorded,English,,,,﻿Goodhue County,﻿Goodhue County,﻿Hay Creek,﻿Hay Creek Township,﻿MN,,44.504511799999996,-92.4801989,﻿stp.mn.0062,﻿Visited by Rev. J. Knauff,,,,,,,,,,,,1868.0,StPaul
﻿stp.mn.0069,﻿church,﻿Church of St. Pius V.,English,,,,﻿Goodhue County,﻿Goodhue County,﻿Cannon Falls,﻿Cannon Falls,﻿MN,,44.5052178,-92.9063151,﻿stp.mn.0035,﻿Visited by Rev. P. Bayer,,,,,,,,,,,,1868.0,StPaul
﻿stp.mn.0186,﻿church,﻿Church of St. Felix,English,,,,﻿Wabasha County,﻿Wabasha County,﻿Wabasha,﻿Wabasha,﻿MN,,44.3817148,-92.0339587,,﻿,,,﻿jas_trobec_001,﻿Rev.,﻿Jas. Trobec,,,,,,,1868.0,StPaul
﻿stp.mn.0187,﻿church,not recorded,English,,,,﻿Wabasha County,﻿Wabasha County,﻿Lake City,﻿Lake City,﻿MN,,44.4492982,-92.26669140000001,﻿stp.mn.0186,﻿Visited by Rev. Jas. Trobec,,,,,,,,,,,,1868.0,StPaul
﻿stp.mn.0188,﻿church,not recorded,English,,,,﻿Wabasha County,﻿Wabasha County,﻿West-Albany,﻿West Albany,﻿MN,,44.301355900000004,-92.2854536,﻿stp.mn.0186,﻿Visited by Rev. Jas. Trobec,,,,,,,,,,,,1868.0,StPaul
﻿stp.mn.0189,﻿church,not recorded,English,,,,﻿Wabasha County,﻿Wabasha County,﻿Highland,﻿Highland Township,﻿MN,,44.247143200000004,-92.1253854,﻿stp.mn.0186,﻿Visited by Rev. Jas. Trobec,,,,,,,,,,,,1868.0,StPaul
﻿stp.mn.0190,﻿church,not recorded,English,,,,﻿Wabasha County,﻿Wabasha County,﻿Pell,﻿Oakwood Township,﻿MN,,44.244894200000005,-92.24334870000001,﻿stp.mn.0186,﻿Visited by Rev. Jas.Trobec,,,,,,,,,,,,1868.0,StPaul
﻿stp.mn.0191,﻿station,not recorded,English,,,,﻿Wabasha County,﻿Wabasha County,﻿Minneiska,﻿Minneiska,﻿MN,,44.19496420000001,-91.8718246,﻿stp.mn.0186,﻿Visited by Rev. Jas. Trobec,,,,,,,,,,,,1868.0,StPaul
﻿stp.mn.0192,﻿station,not recorded,English,,,,﻿Wabasha County,﻿Wabasha County,﻿Snake Creek,﻿Snake Creek,﻿MN,,44.252810700000005,-91.9787995,﻿stp.mn.0186,﻿Visited by Rev. Jas. Trobec,,,,,,,,,,,,1868.0,StPaul
﻿stp.mn.0193,﻿station,not recorded,English,,,,﻿Wabasha County,﻿Wabasha County,﻿Sand Prairie,﻿Kellogg,﻿MN,,44.3085769,-91.9957204,﻿stp.mn.0186,﻿Visited by Rev. Jas. Trobec,,,,,,,,,,,,1868.0,StPaul
﻿stp.mn.0194,﻿station,not recorded,English,,,,﻿Wabasha County,﻿Wabasha County,﻿Plainview,﻿Plainview Township,﻿MN,,44.133333,-92.1253854,﻿stp.mn.0186,﻿Visited by Rev. Jas. Trobec,,,,,,,,,,,,1868.0,StPaul
﻿stp.mn.0195,﻿station,not recorded,English,,,,﻿Wabasha County,﻿Wabasha County,﻿Backer's Settlement,,﻿MN,,44.3020812,-92.2236667,﻿stp.mn.0186,﻿Visited by Rev. Jas. Trobec,,,,,,,,,,,,1868.0,StPaul
﻿stp.mn.0196,﻿church,﻿Church of St. Joseph,﻿German,,,,﻿Winona County,﻿Winona County,﻿Winona,﻿Winona,﻿MN,,44.0553908,-91.6663523,,﻿,,,﻿wil_lette_001,﻿Rev.,﻿William Lette,,,,,,,1868.0,StPaul
﻿stp.mn.0197,﻿church,﻿Church of St. Thomas,﻿English,,,,﻿Winona County,﻿Winona County,﻿Winona,﻿Winona,﻿MN,,44.0553908,-91.6663523,,﻿,,,﻿wil_lette_001,﻿Rev.,﻿William Lette,,,,,,,1868.0,StPaul
﻿stp.mn.0197,﻿station,﻿Church of St. Thomas,﻿English,,,,﻿Winona County,﻿Winona County,﻿Rollingstone,﻿Winona,﻿MN,,44.0977412,-91.81682059999999,﻿stp.mn.0196,﻿Visited by Rev. William Lette,,﻿Went with first one,,,,,,,,,,1868.0,StPaul
﻿stp.mn.0199,﻿station,not recorded,English,,,,﻿Winona County,﻿Winona County,﻿Hart,﻿Hart Township,﻿MN,,43.8914987,-91.7928402,﻿stp.mn.0196,﻿Visited by Rev. William Lette,,,,,,,,,,,,1868.0,StPaul
﻿stp.mn.0200,﻿church,not recorded,English,,,,﻿Winona County,﻿Winona County,﻿St. Charles,﻿St. Charles,﻿MN,,43.9694165,-92.064194,﻿stp.mn.0196,﻿Visited by Rev. William Lette,,,,,,,,,,,,1868.0,StPaul
﻿stp.mn.0201,﻿station,not recorded,English,,,,﻿Winona County,﻿Winona County,﻿Elba,﻿Elba,﻿MN,,44.088574799999996,-92.01877209999999,﻿stp.mn.0196,﻿Visited by Rev. William Lette,,,,,,,,,,,,1868.0,StPaul
﻿stp.mn.0120,﻿church,not recorded,English,﻿church in course of erection,,,﻿Olmstead County,﻿Olmstead County,﻿Rochester,﻿Rochester,﻿MN,,44.0121221,-92.4801989,,﻿,,,﻿tho_ogorman_001,﻿Rev.,﻿Thomas O'Gorman,,,,,,,1868.0,StPaul
﻿stp.mn.0121,﻿church,﻿Church of St. Bridget,English,,,,﻿Olmstead County,﻿Olmstead County,﻿Pleasant Grove,﻿Pleasant Grove,﻿MN,,43.923377,-92.43592109999999,﻿stp.mn.0120,﻿Visited by Rev. Thos. O'Gorman,,,,,,,,,,,,1868.0,StPaul
﻿stp.mn.0122,﻿station,not recorded,English,,,,﻿Olmstead County,﻿Olmstead County,﻿Marion,﻿Marion,﻿MN,,43.943575,-92.3482254,﻿stp.mn.0120,﻿Visited by Rev. Thomas O'Gorman,,,,,,,,,,,,1868.0,StPaul
﻿stp.mn.0122,﻿station,not recorded,English,,,,﻿Olmstead County,﻿Olmstead County,﻿Rockdale,﻿Marion,﻿MN,,43.995179,-92.38136209999999,﻿stp.mn.0120,﻿Visited by Rev. Thomas O'Gorman,,,,,,,,,,,,1868.0,StPaul
﻿stp.mn.0123,﻿station,not recorded,English,,,,﻿Olmstead County,﻿Olmstead County,﻿Salem,﻿Salem Township,﻿MN,,43.97140039999999,-92.59908349999999,﻿stp.mn.0120,﻿Visited by Rev. Thomas O'Gorman,,,,,,,,,,,,1868.0,StPaul
﻿stp.mn.0124,﻿station,not recorded,English,,,,﻿Olmstead County,﻿Olmstead County,﻿Haverhill,﻿Haverhill Township,﻿MN,,44.0526842,-92.3616203,﻿stp.mn.0120,﻿Visited by Rev. Thomas O'Gorman,,,,,,,,,,,,1868.0,StPaul
﻿stp.mn.0125,﻿station,not recorded,English,,,,﻿Olmstead County,﻿Olmstead County,﻿New-Haven,﻿New Haven Township,﻿MN,,44.161533399999996,-92.59908349999999,﻿stp.mn.0120,﻿Visited by Rev. Thomas O'Gorman,,,,,,,,,,,,1868.0,StPaul
﻿stp.mn.0049,﻿church,not recorded,English,﻿Church in course of erection,,,﻿Fillmore County,﻿Fillmore County,﻿Preston,﻿Preston,﻿MN,,43.673755299999996,-92.0836809,,﻿,,,﻿e_essing_001,﻿Rev.,﻿E. Essing,,,,,,,1868.0,StPaul
﻿stp.mn.0050,﻿church,not recorded,English,,,,﻿Fillmore County,﻿Fillmore County,﻿Chatfield,﻿Chatfield,﻿MN,,43.8416451,-92.18924390000001,﻿stp.mn.0049,﻿Visited by Rev. E. Essing,,,,,,,,,,,,1868.0,StPaul
﻿stp.mn.0051,﻿church,not recorded,English,,,,﻿Fillmore County,﻿Fillmore County,﻿Forestville,﻿Forestville Township,﻿MN,,43.634004499999996,-92.28273840000001,﻿stp.mn.0049,﻿Visited by Rev. E. Essing,,,,,,,,,,,,1868.0,StPaul
﻿stp.mn.0052,﻿church,not recorded,English,,,,﻿Fillmore County,﻿Fillmore County,﻿Rushford,﻿Rushford,﻿MN,,43.8109804,-91.7490143,﻿stp.mn.0049,﻿Visited by Rev. E. Essing,,,,,,,,,,,,1868.0,StPaul
﻿stp.mn.0053,﻿church,not recorded,English,,,,﻿Fillmore County,﻿Fillmore County,﻿Beaver,﻿Beaver Township,﻿MN,,43.5547831,-92.4011124,﻿stp.mn.0049,﻿Visited by Rev. E. Essing,,,,,,,,,,,,1868.0,StPaul
﻿stp.mn.0054,﻿church,not recorded,English,,,,﻿Fillmore County,﻿Carlton County,﻿Carlton,﻿Carlton,﻿MN,,46.6640011,-92.42488270000001,﻿stp.mn.0049,﻿Visited by Rev. E. Essing,,,,,,,,,,,,1868.0,StPaul
﻿stp.mn.0055,﻿church,not recorded,English,,,,﻿Fillmore County,﻿Fillmore County,﻿Spring Valley,﻿Spring Valley,﻿MN,,43.684422999999995,-92.396174,﻿stp.mn.0049,﻿Visited by Rev. E. Essing,,,,,,,,,,,,1868.0,StPaul
﻿stp.mn.0056,﻿church,not recorded,English,,,,﻿Fillmore County,﻿Fillmore County,﻿Newburgh,﻿Newburg,﻿MN,,43.567189,-91.81459620000001,﻿stp.mn.0049,﻿Visited by Rev. E. Essing,,,,,,,,,,,,1868.0,StPaul
﻿stp.mn.0083,﻿church,﻿Church of St. John Baptist,English,,,,﻿Houston County,﻿Houston County,﻿Caledonia,﻿Caledonia,﻿MN,,43.63469129999999,-91.49680759999998,,﻿,,,﻿m_sturenberg_001,﻿Rev.,﻿M. Sturenberg,,,,,,,1868.0,StPaul
﻿stp.mn.0085,﻿church,not recorded,English,,,,﻿Houston County,﻿Houston County,﻿Hokah,﻿Hokah,﻿MN,,43.7594117,-91.3465262,﻿stp.mn.0084,﻿Visited by Rev. F. X. Newbrand,,,,,,,,,,,,1868.0,StPaul
﻿stp.mn.0086,﻿church,﻿Church of Crucifixion,English,,,,﻿Houston County,﻿Houston County,﻿La Crescent,﻿La Crescent,﻿MN,,43.8268986,-91.3071835,﻿stp.mn.0084,﻿Visited by Rev. F. X. Newbrand,,,,,,,,,,,,1868.0,StPaul
﻿stp.mn.0084,﻿church,not recorded,English,,,,﻿Houston County,﻿Houston County,﻿Brownsville,﻿Brownsville,﻿MN,,43.6940552,-91.2798153,,﻿,,,﻿f_x_newbrand_001,﻿Rev.,﻿F. X. Newbrand,,,,,,,1868.0,StPaul
﻿stp.mn.0087,﻿station,not recorded,English,,,,﻿Houston County,﻿Houston County,﻿Riceford,﻿Riceford,﻿MN,,43.5759697,-91.72609659999999,﻿stp.mn.0084,﻿Visited by Rev. F. X. Newbrand,,,,,,,,,,,,1868.0,StPaul
﻿stp.mn.0088,﻿station,not recorded,English,,,,﻿Houston County,﻿Houston County,﻿Jefferson,﻿Jefferson,﻿MN,,43.516248499999996,-91.2802823,﻿stp.mn.0083,﻿Visited by Rev. M. Sturenberg,,,,,,,,,,,,1868.0,StPaul
﻿stp.mn.0089,﻿station,not recorded,English,,,,﻿Houston County,﻿Houston County,﻿Freeburg,﻿Freeburg,﻿MN,,43.611081299999995,-91.3643036,﻿stp.mn.0083,﻿Visited by Rev. M. Sturenberg,,,,,,,,,,,,1868.0,StPaul
﻿stp.mn.0090,﻿station,not recorded,English,,,,﻿Houston County,﻿Houston County,﻿Houston,﻿Houston,﻿MN,,43.7632995,-91.56847640000001,﻿stp.mn.0083,﻿Visited by Rev. M. Sturenberg,,,,,,,,,,,,1868.0,StPaul
﻿stp.mn.0174,﻿church,not recorded,English,,,,﻿Wright County,﻿Wright County,﻿Frankfort,﻿Frankfort Township,﻿MN,,45.0629615,-93.9647717,,﻿,,,﻿g_koering_001,﻿Rev.,﻿G. Koering,,,,,,,1868.0,StPaul
﻿stp.mn.0175,﻿church,not recorded,English,,,,﻿Wright County,﻿Wright County,﻿Pelican Lake,﻿Pelican Lake,﻿MN,,45.221653100000005,-93.74723940000001,﻿stp.mn.0174,﻿Visited by Rev. G. Koering,,,,,,,,,,,,1868.0,StPaul
﻿stp.mn.0176,﻿church,not recorded,English,,,,﻿Wright County,﻿Wright County,﻿Franklin,﻿Franklin Township,﻿MN,,45.0283669,-93.8576853,﻿stp.mn.0174,﻿Visited by Rev. G. Koering,,,,,,,,,,,,1868.0,StPaul
﻿stp.mn.0177,﻿station,not recorded,English,,,,﻿Wright County,﻿Wright County,﻿Waverly,﻿Waverly,﻿MN,,45.0643283,-93.9679204,﻿stp.mn.0174,﻿Visited by Rev. G. Koering,,,,,,,,,,,,1868.0,StPaul
﻿stp.mn.0178,﻿station,not recorded,English,,,,﻿Wright County,﻿Wright County,﻿French Lake,﻿French Lake,﻿MN,,45.1999643,-94.18553840000001,﻿stp.mn.0174,﻿Visited by Rev. G. Koering,,,,,,,,,,,,1868.0,StPaul
﻿stp.mn.0179,﻿station,not recorded,English,,,,﻿Wright County,﻿Wright County,﻿Maple Lake,﻿Maple Lake,﻿MN,,45.22992070000001,-94.0038756,﻿stp.mn.0174,﻿Visited by Rev. G. Koering,,,,,,,,,,,,1868.0,StPaul
﻿stp.mn.0180,﻿station,not recorded,English,,,,﻿Wright County,﻿Wright County,﻿Monticello,﻿Monticello,﻿MN,,45.3055201,-93.7941378,﻿stp.mn.0174,﻿Visited by Rev. G. Koering,,,,,,,,,,,,1868.0,StPaul
﻿stp.mn.0181,﻿station,not recorded,English,,,,﻿Wright County,﻿Wright County,﻿Rockford,﻿Rockford,﻿MN,,45.0872861,-93.7415093,﻿stp.mn.0174,﻿Visited by Rev. G. Koering,,,,,,,,,,,,1868.0,StPaul
﻿stp.mn.0138,﻿church,﻿Church of Immaculate Conception,English,,,,﻿Stearns County,﻿Stearns County,﻿St. Cloud,﻿St. Cloud,﻿MN,,45.5579451,-94.1632404,,﻿,,,﻿m_stuckinkemper_001,﻿Rev.,﻿M. Stuckinkemper,﻿O.S.B.,,,,,,1868.0,StPaul
﻿stp.mn.0138,﻿church,﻿Church of Immaculate Conception,English,,,,﻿Stearns County,﻿Stearns County,﻿St. Cloud,﻿St. Cloud,﻿MN,,45.5579451,-94.1632404,,﻿,,,﻿jos_vill_001,﻿Rev.,﻿Joseph Vill,﻿O.S.B.,,,,,,1868.0,StPaul
﻿stp.mn.0139,﻿church,﻿Church of SS. Peter and Paul,English,,,,﻿Stearns County,﻿Stearns County,﻿Richmond,﻿Richmond,﻿MN,,45.584479200000004,-94.5865603,,﻿,,,﻿c_wittman_001,﻿Rev.,﻿C. Wittman,﻿O.S.B.,,,,,,1868.0,StPaul
﻿stp.mn.0139,﻿church,﻿Church of SS. Peter and Paul,English,,,,﻿Stearns County,﻿Stearns County,﻿Richmond,﻿Richmond,﻿MN,,45.584479200000004,-94.5865603,,﻿,,,﻿a_fraudendorfer_001,﻿Rev.,﻿A. Fraudendorfer,﻿O.S.B.,,﻿Clinton P.O.,,,,1868.0,StPaul
﻿stp.mn.0140,﻿church,﻿Church of St. Joseph,English,,,,﻿Stearns County,﻿Stearns County,﻿St. Joseph,﻿St. Joseph,﻿MN,,45.563992999999996,-94.31864859999999,,﻿,,,﻿ant_casper_001,﻿Rev.,﻿Antonius Casper,﻿O.S.B.,,﻿Clinton P.O.,,,,1868.0,StPaul
﻿stp.mn.0140,﻿church,﻿Church of SS. Peter and Paul,English,,,,﻿Stearns County,﻿Stearns County,﻿Munson,﻿St. Joseph,﻿MN,,45.584479200000004,-94.5865603,﻿stp.mn.0139,﻿Visited from Richmond,,,,,,,,,,,,1868.0,StPaul
﻿stp.mn.0142,﻿church,﻿Church of St. James,English,,,,﻿Stearns County,﻿Stearns County,﻿Wakefield,﻿Wakefield,﻿MN,,45.4661416,-94.47260490000001,﻿stp.mn.0139,﻿Visited from Richmond,,,,,,,,,,,,1868.0,StPaul
﻿stp.mn.0141,﻿church,﻿Church of St. Martin,English,,,,﻿Stearns County,﻿Stearns County,﻿New-Munich,﻿New Munich,﻿MN,,45.6302426,-94.75362309999998,﻿stp.mn.0139,﻿Visited from Richmond,,,,,,,,,,,,1868.0,StPaul
﻿stp.mn.0141,﻿church,﻿Church of Holy Cross,English,,,,﻿Stearns County,﻿Stearns County,﻿Oaktown,﻿New Munich,﻿MN,,45.584479200000004,-94.5865603,﻿stp.mn.0139,﻿Visited from Richmond,,,,,,,,,,,,1868.0,StPaul
﻿stp.mn.0141,﻿church,﻿Church of St. Nicholas,English,,,,﻿Stearns County,﻿Stearns County,﻿Luxemburg,﻿New Munich,﻿MN,,45.3814615,-94.4357565,﻿stp.mn.0139,﻿Visited from Richmond,,,,,,,,,,,,1868.0,StPaul
﻿stp.mn.0141,﻿church,﻿Church of Help of Christians,English,,,,﻿Stearns County,﻿Stearns County,﻿St. Augustine,﻿New Munich,﻿MN,,45.584479200000004,-94.5865603,﻿stp.mn.0138,﻿Visited from St. Cloud,,,,,,,,,,,,1868.0,StPaul
﻿stp.mn.0141,﻿church,﻿Church of Help of Christians,English,,,,﻿Stearns County,﻿Stearns County,﻿St. Wendlin,﻿New Munich,﻿MN,,45.453277899999996,-94.24386009999999,﻿stp.mn.0138,﻿Visited from St. Cloud,,,,,,,,,,,,1868.0,StPaul
﻿stp.mn.0141,﻿station,﻿Church of Help of Christians,English,,,,﻿Stearns County,﻿Stearns County,﻿Meyers' Settlement,﻿New Munich,﻿MN,,44.977753,-93.2650108,﻿stp.mn.0139,﻿Visited from Richmond,,,,,,,,,,,,1868.0,StPaul
﻿stp.mn.0141,﻿station,﻿Church of Help of Christians,English,,,,﻿Stearns County,﻿Stearns County,﻿Schoenborn's Settlement,﻿New Munich,﻿MN,,45.584479200000004,-94.5865603,﻿stp.mn.0139,﻿Visited from Richmond,,,,,,,,,,,,1868.0,StPaul
﻿stp.mn.0105,﻿church,not recorded,English,,,,﻿Meeker County,﻿Meeker County,﻿Forest City,﻿Forest City,﻿MN,,45.206351899999994,-94.4663799,﻿stp.mn.0138,﻿Visited by Rev. F. Stukenkemper,,,,,,,,,,,,1868.0,StPaul
﻿stp.mn.0105,﻿church,not recorded,English,"﻿new counties, scattering families",,,"﻿Kandiyohi, Monongalia, Pope, and Douglas",﻿Meeker County,﻿Forest City,﻿Forest City,﻿MN,,44.108020200000006,-92.5737946,,﻿Visited occasionally,,,,,,,,,,,,1868.0,StPaul
﻿stp.mn.0113,﻿church,not recorded,English,,,,﻿Morrison County,﻿Morrison County,﻿Belle Prairie,﻿Belle Prairie,﻿MN,,46.0346899,-94.2515626,,﻿,,,﻿jos_buh_001,﻿Rev.,﻿Joseph Buh,,,,,,,1868.0,StPaul
﻿stp.mn.0114,﻿church,not recorded,English,,,,﻿Morrison County,﻿Morrison County,﻿Little Falls,﻿Little Falls,﻿MN,,45.9805556,-94.3694444,﻿stp.mn.0113,﻿Visited by Rev. Joseph Buh,,,,,,,,,,,,1868.0,StPaul
﻿stp.mn.0115,﻿church,﻿Church of Holy Cross,English,,,,﻿Morrison County,﻿Morrison County,﻿Two Rivers,﻿Two Rivers,﻿MN,,45.7999704,-94.34969,﻿stp.mn.0113,﻿Visited by Rev. Joseph Buh,,,,,,,,,,,,1868.0,StPaul
﻿stp.mn.0031,﻿church,﻿Church of St. Francis Xavier,English,,,,﻿Crow Wing County,﻿Crow Wing County,﻿Crow Wing,﻿Crow Wing,﻿MN,,46.2799671,-94.2924998,,﻿,,,﻿t_pierze_001,﻿Rev.,﻿T. Pierze,,,,,,,1868.0,StPaul
﻿stp.mn.0031,﻿church,﻿Church of St. Francis Xavier,English,,,,﻿Crow Wing County,﻿Crow Wing County,﻿Crow Wing,﻿Crow Wing,﻿MN,,46.2799671,-94.2924998,,,,,﻿j_tomazin_001,﻿Rev.,﻿J. Tomazin,,,,,,,1868.0,StPaul
﻿stp.mn.0031,﻿church,﻿Church of St. Francis Xavier,English,,﻿Fort Abercrombie,,﻿Johnson County,﻿Crow Wing County,﻿Crow Wing,﻿Crow Wing,﻿MN,,46.729553,-94.6858998,,,,,﻿j_b_genin_001,﻿Rev.,﻿J. B. Genin,﻿O.M.S.,,,,,,1868.0,StPaul
﻿stp.mn.0208,﻿mission,not recorded,English,﻿Indian Mission,,,﻿Itasca County,﻿Itasca County,,,﻿MN,,47.5507924,-93.5683651,﻿stp.mn.0031,﻿Attended to by Rev. Francis Pierze,,,,,,,,,,,,1868.0,StPaul
﻿stp.mn.0208,﻿mission,not recorded,English,﻿Indian Mission,,,﻿Itasca County,﻿Itasca County,,,﻿MN,,47.5507924,-93.5683651,﻿stp.mn.0031,﻿Attended to by Rev. J. Tomazin,,,,,,,,,,,,1868.0,StPaul
﻿stp.mn.0208,﻿mission,not recorded,English,﻿Indian Mission,,,﻿Itasca County,﻿Itasca County,,,﻿MN,,47.5507924,-93.5683651,﻿stp.mn.0113,﻿Attended to by Rev. J. Buh,,,,,,,,,,,,1868.0,StPaul
﻿stp.mn.0210,﻿mission,not recorded,English,﻿Indian Mission,,,﻿Mille Lac County,﻿Mille Lacs County,,,﻿MN,,45.9228403,-93.62187440000001,﻿stp.mn.0031,﻿Attended to by Rev. Francis Pierze,,,,,,,,,,,,1868.0,StPaul
﻿stp.mn.0210,﻿mission,not recorded,English,﻿Indian Mission,,,﻿Mille Lac County,﻿Mille Lacs County,,,﻿MN,,45.9228403,-93.62187440000001,﻿stp.mn.0031,﻿Attended to by Rev. J. Tomazin,,,,,,,,,,,,1868.0,StPaul
﻿stp.mn.0210,﻿mission,not recorded,English,﻿Indian Mission,,,﻿Mille Lac County,﻿Mille Lacs County,,,﻿MN,,45.9228403,-93.62187440000001,﻿stp.mn.0113,﻿Attended to by Rev. J. Buh,,,,,,,,,,,,1868.0,StPaul
﻿stp.mn.0211,﻿mission,not recorded,English,﻿Indian Mission,,,﻿Morrison County,﻿Morrison County,,,﻿MN,,45.984647499999994,-94.052545,﻿stp.mn.0031,﻿Attended to by Rev. Francis Pierze,,,,,,,,,,,,1868.0,StPaul
﻿stp.mn.0211,﻿mission,not recorded,English,﻿Indian Mission,,,﻿Morrison County,﻿Morrison County,,,﻿MN,,45.984647499999994,-94.052545,﻿stp.mn.0031,﻿Attended to by Rev. J. Tomazin,,,,,,,,,,,,1868.0,StPaul
﻿stp.mn.0211,﻿mission,not recorded,English,﻿Indian Mission,,,﻿Morrison County,﻿Morrison County,,,﻿MN,,45.984647499999994,-94.052545,﻿stp.mn.0113,﻿Attended to by Rev. J. Buh,,,,,,,,,,,,1868.0,StPaul
﻿stp.mn.0212,﻿mission,not recorded,English,﻿Indian Mission,,,﻿Todd County,﻿Todd County,,,﻿MN,,46.030772799999994,-94.83154880000001,﻿stp.mn.0031,﻿Attended to by Rev. Francis Pierze,,,,,,,,,,,,1868.0,StPaul
﻿stp.mn.0212,﻿mission,not recorded,English,﻿Indian Mission,,,﻿Todd County,﻿Todd County,,,﻿MN,,46.030772799999994,-94.83154880000001,﻿stp.mn.0031,﻿Attended to by Rev. J. Tomazin,,,,,,,,,,,,1868.0,StPaul
﻿stp.mn.0212,﻿mission,not recorded,English,﻿Indian Mission,,,﻿Todd County,﻿Todd County,,,﻿MN,,46.030772799999994,-94.83154880000001,﻿stp.mn.0113,﻿Attended to by Rev. J. Buh,,,,,,,,,,,,1868.0,StPaul
﻿stp.mn.0213,﻿mission,not recorded,English,﻿Indian Mission,,,﻿Ottertail County,﻿Otter Tail County,,,﻿MN,,46.5189435,-95.89359830000001,﻿stp.mn.0031,﻿Attended to by Rev. Francis Pierze,,,,,,,,,,,,1868.0,StPaul
﻿stp.mn.0213,﻿mission,not recorded,English,﻿Indian Mission,,,﻿Ottertail County,﻿Otter Tail County,,,﻿MN,,46.5189435,-95.89359830000001,﻿stp.mn.0031,﻿Attended to by Rev. J. Tomazin,,,,,,,,,,,,1868.0,StPaul
﻿stp.mn.0213,﻿mission,not recorded,English,﻿Indian Mission,,,﻿Ottertail County,﻿Otter Tail County,,,﻿MN,,46.5189435,-95.89359830000001,﻿stp.mn.0113,﻿Attended to by Rev. J. Buh,,,,,,,,,,,,1868.0,StPaul
﻿stp.mn.0214,﻿mission,not recorded,English,﻿Indian Mission,,,﻿Cass County,﻿Cass County,,,﻿MN,,47.2144536,-94.2309171,﻿stp.mn.0031,﻿Attended to by Rev. Francis Pierze,,,,,,,,,,,,1868.0,StPaul
﻿stp.mn.0214,﻿mission,not recorded,English,﻿Indian Mission,,,﻿Cass County,﻿Cass County,,,﻿MN,,47.2144536,-94.2309171,﻿stp.mn.0031,﻿Attended to by Rev. J. Tomazin,,,,,,,,,,,,1868.0,StPaul
﻿stp.mn.0214,﻿mission,not recorded,English,﻿Indian Mission,,,﻿Cass County,﻿Cass County,,,﻿MN,,47.2144536,-94.2309171,﻿stp.mn.0113,﻿Attended to by Rev. J. Buh,,,,,,,,,,,,1868.0,StPaul
﻿stp.mn.0215,﻿mission,not recorded,English,﻿Indian Mission,,,﻿Polk County,﻿Polk County,,,﻿MN,,47.6635085,-96.41705340000001,﻿stp.mn.0031,﻿Attended to by Rev. Francis Pierze,,,,,,,,,,,,1868.0,StPaul
﻿stp.mn.0215,﻿mission,not recorded,English,﻿Indian Mission,,,﻿Polk County,﻿Polk County,,,﻿MN,,47.6635085,-96.41705340000001,﻿stp.mn.0031,﻿Attended to by Rev. J. Tomazin,,,,,,,,,,,,1868.0,StPaul
﻿stp.mn.0215,﻿mission,not recorded,English,﻿Indian Mission,,,﻿Polk County,﻿Polk County,,,﻿MN,,47.6635085,-96.41705340000001,﻿stp.mn.0113,﻿Attended to by Rev. J. Buh,,,,,,,,,,,,1868.0,StPaul
﻿stp.mn.0216,﻿mission,not recorded,English,﻿Indian Mission,,,﻿Aitken County,﻿Aitkin County,,,﻿MN,,46.6185433,-93.45366920000001,﻿stp.mn.0031,﻿Attended to by Rev. Francis Pierze,,,,,,,,,,,,1868.0,StPaul
﻿stp.mn.0216,﻿mission,not recorded,English,﻿Indian Mission,,,﻿Aitken County,﻿Aitkin County,,,﻿MN,,46.6185433,-93.45366920000001,﻿stp.mn.0031,﻿Attended to by Rev. J. Tomazin,,,,,,,,,,,,1868.0,StPaul
﻿stp.mn.0216,﻿mission,not recorded,English,﻿Indian Mission,,,﻿Aitken County,﻿Aitkin County,,,﻿MN,,46.6185433,-93.45366920000001,﻿stp.mn.0113,﻿Attended to by Rev. J. Buh,,,,,,,,,,,,1868.0,StPaul
﻿stp.mn.0217,﻿mission,﻿Mission of Half-Breeds and Chippewas,English,﻿Indian Mission,"﻿at Pembina and St. Joseph, Red River of the North",,,﻿Pembina County,,,﻿MN,,48.7199939,-97.4487964,,﻿,,,﻿f_richer_001,﻿Rev.,﻿F. Richer,﻿O.M.I.,,,,,,1868.0,StPaul
﻿stp.mn.0217,﻿mission,﻿Mission of Half-Breeds and Chippewas,English,﻿Indian Mission,"﻿at Pembina and St. Joseph, Red River of the North",,,﻿Pembina County,,,﻿MN,,48.7199939,-97.4487964,,﻿,,,﻿f_ledue_001,﻿Rev.,﻿F. Ledue,﻿O.M.I.,,,,,,1868.0,StPaul
﻿stp.mn.0218,﻿mission,﻿Mission of Fond du Lac,English,﻿Indian Mission,﻿near Superior City,,,﻿Douglas County,,﻿Cloquet,﻿MN,,46.715816952602204,-92.513266064118,,"﻿Visited by Rev. John Chebul, of Bayfield, Wisconsin",,,,,,,,,,,,1868.0,StPaul
﻿stp.mn.0219,﻿mission,not recorded,English,﻿Indian Mission,﻿north shore of Lake Superior,,,﻿Cook County,﻿Grand Portage,﻿Grand Portage,﻿MN,,47.963776,-89.68481209999999,,﻿Attended by the Jesuit Fathers at Fort William,,,,,,,,,,,,1868.0,StPaul
﻿stp.mn.0220,﻿seminary,not recorded,English,"﻿Preparatory Seminary. The Theological Students of the Diocese are distributed between All-Hallows', Dublin; St. Vincent's Seminary, Pa., and St. Vincent's Seminary, Cape Girardeau, Mo.",,,,,﻿St. Paul,,﻿MN,,44.953702899999996,-93.0899578,,,,,,,,,,,,,,1868.0,StPaul
﻿stp.mn.0221,﻿abbey,﻿Abbey of St. Louis on the Lake,English,"﻿of the Order of St. Benedict. There are also houses attached to the abbey, at St. Paul's, St. Cloud, Shakopee, St. Joseph, and Richmond.","﻿near St. Cloud, Clinton P.O.",,﻿Stearns County,,,,﻿MN,,45.5579451,-94.1632404,,,,,﻿rup_seidenbusch_001,﻿Rt. Rev.,﻿Rupert Seidenbusch,﻿O.S.B.,﻿Abbot and Rector of the College,,﻿priest,﻿13 priests mostly engaged in missionary duties in various parts of the diocese,,1868.0,StPaul
﻿stp.mn.0221,﻿abbey,﻿Abbey of St. Louis on the Lake,English,"﻿of the Order of St. Benedict. There are also houses attached to the abbey, at St. Paul's, St. Cloud, Shakopee, St. Joseph, and Richmond.","﻿near St. Cloud, Clinton P.O.",,﻿Stearns County,,,,﻿MN,,45.5579451,-94.1632404,,,,,﻿ben_haindl_001,﻿Very Rev.,﻿Benedict Haindl,﻿O.S.B.,"﻿Prior, and Professor of Dogmatic Theology",,﻿priest,﻿15 scholastics,,1868.0,StPaul
﻿stp.mn.0221,﻿abbey,﻿Abbey of St. Louis on the Lake,English,"﻿of the Order of St. Benedict. There are also houses attached to the abbey, at St. Paul's, St. Cloud, Shakopee, St. Joseph, and Richmond.","﻿near St. Cloud, Clinton P.O.",,﻿Stearns County,,,,﻿MN,,45.5579451,-94.1632404,,,,,﻿wol_norttmann_001,﻿Rev.,﻿Wolfgang Norttmann,﻿O.S.B.,"﻿Vice-Rector, and Professor of Church History, Latin, Greek, Mathematics, Book-keeping, and Music",,﻿priest,﻿14 lay brothers,,1868.0,StPaul
﻿stp.mn.0221,﻿abbey,﻿Abbey of St. Louis on the Lake,English,"﻿of the Order of St. Benedict. There are also houses attached to the abbey, at St. Paul's, St. Cloud, Shakopee, St. Joseph, and Richmond.","﻿near St. Cloud, Clinton P.O.",,﻿Stearns County,,,,﻿MN,,45.5579451,-94.1632404,,,,,﻿ale_edelbrock_001,﻿Rev.,﻿Alexius Edelbrock,﻿O.S.B.,"﻿Professor of Philosophy, Latin, Greek, History, English, and German",,﻿priest,﻿12 lay brothers,,1868.0,StPaul
﻿stp.mn.0221,﻿abbey,﻿Abbey of St. Louis on the Lake,English,"﻿of the Order of St. Benedict. There are also houses attached to the abbey, at St. Paul's, St. Cloud, Shakopee, St. Joseph, and Richmond.","﻿near St. Cloud, Clinton P.O.",,﻿Stearns County,,,,﻿MN,,45.5579451,-94.1632404,,,,,﻿aug_burns_001,﻿Rev.,﻿Augustine Burns,﻿O.S.B.,"﻿Professor of Moral Theology, Christian Doctrine, Rhetoric, English Grammar, and Composition",,﻿priest,﻿12 lay brothers,,1868.0,StPaul
﻿stp.mn.0221,﻿abbey,﻿Abbey of St. Louis on the Lake,English,"﻿of the Order of St. Benedict. There are also houses attached to the abbey, at St. Paul's, St. Cloud, Shakopee, St. Joseph, and Richmond.","﻿near St. Cloud, Clinton P.O.",,﻿Stearns County,,,,﻿MN,,45.5579451,-94.1632404,,,,,﻿val_stimmler_001,﻿Rev.,﻿Valentine Stimmler,﻿O.S.B.,"﻿Chief Disciplinarian, and Professor of Christian Doctrine, and Arithmetic",,﻿priest,﻿12 lay brothers,,1868.0,StPaul
﻿stp.mn.0221,﻿abbey,﻿Abbey of St. Louis on the Lake,English,"﻿of the Order of St. Benedict. There are also houses attached to the abbey, at St. Paul's, St. Cloud, Shakopee, St. Joseph, and Richmond.","﻿near St. Cloud, Clinton P.O.",,﻿Stearns County,,,,﻿MN,,45.5579451,-94.1632404,,,,,﻿and_schifferer_001,﻿Mr.,﻿Andrew Schifferer,,﻿Professor of Drawing,,﻿priest,﻿12 lay brothers,,1868.0,StPaul
﻿stp.mn.0221,﻿abbey,﻿Abbey of St. Louis on the Lake,English,"﻿of the Order of St. Benedict. There are also houses attached to the abbey, at St. Paul's, St. Cloud, Shakopee, St. Joseph, and Richmond.","﻿near St. Cloud, Clinton P.O.",,﻿Stearns County,,,,﻿MN,,45.5579451,-94.1632404,,,,,﻿nic_dreher_001,﻿Mr.,﻿Nicolaus Dreher,,﻿Professor of German,,﻿priest,﻿12 lay brothers,,1868.0,StPaul
﻿stp.mn.0225,"﻿novitiate, academy",not recorded,English,﻿under charge of Sisters of St. Joseph,,,,,﻿St. Paul,,﻿MN,,44.953702899999996,-93.0899578,,,,,,﻿Sister,﻿George,,﻿Superior,,﻿sister,﻿30 sisters,,1868.0,StPaul
﻿stp.mn.0222,﻿convent,﻿St. Mary's Convent,English,﻿under charge of Sisters of St. Joseph,,,,,﻿St. Anthony,,﻿MN,,45.0205565,-93.2179335,,,,,,,,,,,,,,1868.0,StPaul
﻿stp.mn.0226,"﻿convent, academy",not recorded,English,﻿under charge of Nuns of St. Benedict,,,﻿Stearns County,﻿Stearns County,﻿St. Joseph,,﻿MN,,45.564772399999995,-94.317966,,,,,,﻿Sister,﻿Willebalda,,﻿Prioresss,,﻿nun,﻿Twelve nuns,,1868.0,StPaul
﻿stp.mn.0227,﻿academy,﻿St. Gertrude's Academy,English,﻿under charge of Nuns of St. Benedict,,,,,﻿Shakopee,,﻿MN,,44.7724243,-93.50145140000001,,,,,,﻿Sister,﻿Clara,,﻿Prioresss,,﻿nun,﻿Six nuns,,1868.0,StPaul
﻿stp.mn.0230,﻿academy,﻿Bethlehem Academy,English,﻿under charge of Sisters of the Third Order of St. Dominic,,,﻿Faribault County,﻿Faribault County,,,﻿MN,,44.2885979,-93.2723513,,,,,,﻿Sister,﻿Gertrude,,﻿Superior,,﻿sister,﻿5 sisters,,1868.0,StPaul
﻿stp.mn.0247,﻿academy,not recorded,English,﻿under charge of Sisters of Notre Dame,,,,,﻿Mankato,,﻿MN,,44.1661456,-94.0055647,,,,,,﻿Sister,﻿Ambrosia,,﻿Superior,,﻿sister,﻿Five sisters,,1868.0,StPaul
﻿stp.mn.0228,﻿college,﻿St. John's College,English,﻿Benedictine Fathers,"﻿P.O., Clinton",,﻿Stearns County,﻿Stearns County,,,﻿MN,,45.581210399999996,-94.39422409999999,,,,,﻿r_seidenbusch_001,﻿Rt. Rev.,﻿R. Seidenbusch,,﻿Superior,,,,,1868.0,StPaul
﻿stp.mn.0229,﻿academy,﻿St. Joseph's Academy,English,﻿Sisters of St. Joseph,,,,,﻿St. Paul,,﻿MN,,44.946980200000006,-93.0999809,,,,,,,,,,,﻿boarder and day-scholar,﻿80 boarders and day-scholars,,1868.0,StPaul
﻿stp.mn.0230,﻿academy,﻿Bethlehem Academy,English,﻿Sisters of St. Dominic,,,﻿Faribault County,﻿Faribault County,,,﻿MN,,44.2885979,-93.2723513,,,,,,,,,,,﻿boarder and day-scholar,﻿30 boarders and day-scholars,,1868.0,StPaul
﻿stp.mn.0231,﻿academy,﻿St. Benedict's Academy,English,﻿Sisters of St. Benedict,,,﻿Stearns County,﻿Stearns County,﻿St. Joseph,,﻿MN,,45.563331700000006,-94.3197161,,,,,,,,,,,,,,1868.0,StPaul
﻿stp.mn.0232,﻿academy,﻿Academy at Hokah,English,﻿Sisters of Notre Dame,,,﻿Houston County,﻿Houston County,,,﻿MN,,43.7594117,-91.3465262,,,,,,,,,,,,,,1868.0,StPaul
﻿stp.mn.0233,﻿school,﻿St. Paul Cathedral School,English,"﻿under direction of the Sisters of St. Joseph, and secular teachers",,,,,﻿St. Paul,,﻿MN,,44.94695,-93.109143,,,,,,,,,,,﻿scholar,﻿655 scholars,,1868.0,StPaul
﻿stp.mn.0234,﻿school,not recorded,English,"﻿German school, under direction of the Sisters of St. Joseph, and secular teachers",,,,,﻿St. Paul,,﻿MN,,44.953702899999996,-93.0899578,,,,,,,,,,,﻿scholar,﻿500 scholars,,1868.0,StPaul
﻿stp.mn.0237,﻿school,not recorded,English,﻿School under the direction of the Sisters of St. Joseph,,,,,﻿Minneapolis,,﻿MN,,44.977753,-93.2650108,,,,,,,,,,,﻿scholar,﻿200 scholars,,1868.0,StPaul
﻿stp.mn.0238,﻿school,not recorded,English,﻿School under direction of the Sisters of St. Joseph,,,,,﻿St. Anthony,,﻿MN,,45.0205565,-93.2179335,,,,,,,,,,,﻿scholar,﻿140 scholars,,1868.0,StPaul
﻿stp.mn.0238,﻿school,not recorded,English,﻿German Catholic School,,,,,﻿St. Anthony,,﻿MN,,45.0205565,-93.2179335,,,,,,,,,,,﻿scholar,﻿60 scholars,,1868.0,StPaul
﻿stp.mn.0239,﻿school,not recorded,English,﻿School under direction of the Sisters of St. Benedict,,,,,﻿Shakopee,,﻿MN,,44.79739620000001,-93.5272861,,,,,,,,,,,,,,1868.0,StPaul
﻿stp.mn.0240,﻿school,not recorded,English,﻿School under direction of the Sisters of Notre Dame,,,,,﻿Mankato,,﻿MN,,44.1661456,-94.0055647,,,,,,,,,,,﻿scholar,﻿250 scholars,,1868.0,StPaul
﻿stp.mn.0241,﻿school,not recorded,English,"﻿Parochial Schools, under direction of the Sisters of St. Dominic",,,﻿Faribault County,﻿Faribault County,,,﻿MN,,43.6448766,-93.9878427,,,,,,,,,,,﻿scholar,﻿225 scholars,,1868.0,StPaul
﻿stp.mn.0242,﻿school,not recorded,English,﻿Catholic Schools,,,,,﻿St. Cloud,,﻿MN,,45.5579451,-94.1632404,,,,,,,,,,,﻿scholar,﻿200 scholars,,1868.0,StPaul
﻿stp.mn.0242,﻿school,not recorded,English,﻿School under charge of secular teachers,,,,,﻿Carver,,﻿MN,,44.763394299999995,-93.62544040000002,,,,,,,,,,,﻿scholar,﻿200 scholars,,1868.0,StPaul
﻿stp.mn.0242,﻿school,not recorded,English,﻿There are Catholic schools attached to nearly all the churches and chapels throughout the diocese.,,,,,﻿Carver,,﻿MN,,46.729553,-94.6858998,,,,,,,,,,,﻿scholar,﻿200 scholars,,1868.0,StPaul
﻿stp.mn.0244,﻿hospital,﻿St. Joseph's Hospital,English,﻿under charge of the Sisters of St. Joseph,,,,,﻿St. Paul,,﻿MN,,44.94872410000001,-93.100348,,,,,,﻿Sister,﻿Alphonsus,,﻿Superior,,,,,1868.0,StPaul
﻿stp.mn.0245,﻿asylum,﻿St. Joseph's Orphan Asylum,English,﻿under charge of the Sisters of St. Joseph,,,,,﻿St. Paul,,﻿MN,,44.94872410000001,-93.100348,,,,,,,,,,,﻿orphan,﻿72 orphans,,1868.0,StPaul
﻿stp.mn.0246,﻿asylum,﻿Orphan Asylum,English,﻿under charge of Sisters of St. Benedict,,,,,﻿Shakopee,,﻿MN,,44.79739620000001,-93.5272861,,,,,,,,,,,,,,1868.0,StPaul
﻿stp.mn.0246,﻿asylum,﻿Orphan Asylum,English,﻿under direction of Rev. George Keller,,,﻿Faribault County,﻿Faribault County,﻿Shakopee,,﻿MN,,43.6448766,-93.9878427,,,,,,,,,,,,,,1868.0,StPaul
﻿stp.mn.0246,﻿asylum,﻿Society of St. Vincent,English,﻿two conferences,,,﻿Faribault County,﻿Faribault County,﻿St. Paul,,﻿MN,,44.953702899999996,-93.0899578,,,,,,,,,,,,,,1868.0,StPaul
﻿stp.mn.0246,﻿asylum,﻿Society of St. Vincent,English,﻿one conference,,,﻿Faribault County,﻿Faribault County,﻿St. Anthony,,﻿MN,,45.0205565,-93.2179335,,,,,,,,,,,,,,1868.0,StPaul
﻿stp.mn.0246,﻿asylum,﻿St. Joseph's Mutual Benevolent Society,English,"﻿attached to German Church, St. Paul.",,,﻿Faribault County,﻿Faribault County,﻿St. Anthony,,﻿MN,,46.729553,-94.6858998,,,,,,,,,,,,,,1868.0,StPaul
﻿stp.mn.0246,﻿asylum,﻿Young Men's Catholic Literary Association,English,"﻿attached to German Church, St. Paul.",,,﻿Faribault County,﻿Faribault County,﻿St. Paul,,﻿MN,,44.953702899999996,-93.0899578,,,,,,,,,,,,,,1868.0,StPaul
